artist,title,artist_list,total_weeks,peak_rank,debut_rank,end_rank,peak_week,decay_rate,post_peak_length
$uicideboy$,Napoleon,['$uicideboy$'],3,54.0,54.0,100.0,0,-23.0,2
*NSYNC,Better Place,['*NSYNC'],6,25.0,25.0,96.0,0,-5.071428571428571,14
2 Chainz,Watch Out,['2 Chainz'],11,64.0,85.0,91.0,4,-4.5,6
2 Chainz Featuring Ariana Grande,Rule The World,"['2 Chainz', 'Ariana Grande']",2,94.0,94.0,98.0,0,-0.4,10
2 Chainz Featuring Travis Scott,4 AM,"['2 Chainz', 'Travis Scott']",12,55.0,73.0,95.0,2,-4.444444444444445,9
"2 Chainz Featuring Ty Dolla $ign, Trey Songz & Jhene Aiko",It's A Vibe,"['2 Chainz', 'Ty Dolla $ign', 'Trey Songz', 'Jhene Aiko']",20,44.0,95.0,79.0,10,-3.888888888888889,9
2 Chainz Featuring YG & Offset,Proud,"['2 Chainz', 'YG', 'Offset']",2,96.0,96.0,99.0,0,-3.0,1
2 Chainz x Gucci Mane x Quavo,Good Drank,"['2 Chainz', 'Gucci Mane', 'Quavo']",16,70.0,92.0,97.0,21,-27.0,1
"2 Chainz, Drake & Quavo",Bigger > You,"['2 Chainz', 'Drake', 'Quavo']",2,53.0,53.0,60.0,0,-7.0,1
21 Savage,3AM On Glenwood,['21 Savage'],2,27.0,27.0,95.0,0,-68.0,1
21 Savage,A Lot,['21 Savage'],23,12.0,37.0,49.0,6,-2.3125,16
21 Savage,All My Friends,['21 Savage'],2,67.0,67.0,97.0,0,-30.0,1
21 Savage,All Of Me,['21 Savage'],4,18.0,18.0,88.0,0,-23.333333333333332,3
21 Savage,Bank Account,['21 Savage'],28,12.0,33.0,47.0,4,-1.5217391304347827,23
21 Savage,Can't Leave Without It,['21 Savage'],4,58.0,58.0,93.0,0,-11.666666666666666,3
21 Savage,Immortal,['21 Savage'],2,55.0,55.0,100.0,0,-45.0,1
21 Savage,Monster,['21 Savage'],3,73.0,73.0,90.0,0,-8.5,2
21 Savage,Red Opps,['21 Savage'],5,74.0,92.0,78.0,3,-4.0,1
21 Savage,Redrum,['21 Savage'],20,5.0,5.0,56.0,0,-2.6842105263157894,19
21 Savage,Sneaky,['21 Savage'],3,33.0,33.0,95.0,0,-31.0,2
21 Savage & Brent Faiyaz,Should've Wore A Bonnet,"['21 Savage', 'Brent Faiyaz']",4,40.0,40.0,90.0,0,-16.666666666666668,3
21 Savage & Doja Cat,N.H.I.E.,"['21 Savage', 'Doja Cat']",4,19.0,19.0,89.0,0,-23.333333333333332,3
21 Savage & Metro Boomin,Glock In My Lap,"['21 Savage', 'Metro Boomin']",3,19.0,19.0,82.0,0,-31.5,2
21 Savage & Metro Boomin,Many Men,"['21 Savage', 'Metro Boomin']",2,33.0,33.0,94.0,0,-61.0,1
21 Savage & Metro Boomin,My Choppa Hate N****s,"['21 Savage', 'Metro Boomin']",2,73.0,94.0,73.0,1,0.0,0
21 Savage & Metro Boomin,No Heart,"['21 Savage', 'Metro Boomin']",19,43.0,85.0,77.0,9,-3.7777777777777777,9
21 Savage & Metro Boomin,Runnin,"['21 Savage', 'Metro Boomin']",7,9.0,9.0,91.0,0,-13.666666666666666,6
21 Savage & Metro Boomin,Slidin,"['21 Savage', 'Metro Boomin']",2,32.0,32.0,88.0,0,-56.0,1
21 Savage & Metro Boomin Featuring Drake,Mr. Right Now,"['21 Savage', 'Metro Boomin', 'Drake']",18,10.0,10.0,100.0,0,-5.294117647058823,17
21 Savage & Metro Boomin Featuring Future,X,"['21 Savage', 'Metro Boomin', 'Future']",21,36.0,98.0,49.0,9,-1.1818181818181819,11
21 Savage & Metro Boomin Featuring Young Thug,Rich N*gga Sh*t,"['21 Savage', 'Metro Boomin', 'Young Thug']",2,26.0,26.0,74.0,0,-48.0,1
21 Savage & Summer Walker,Prove It,"['21 Savage', 'Summer Walker']",19,43.0,43.0,96.0,0,-1.2325581395348837,43
"21 Savage, Lil Durk & Metro Boomin",Dangerous,"['21 Savage', 'Lil Durk', 'Metro Boomin']",2,35.0,35.0,76.0,0,-41.0,1
"21 Savage, Offset & Metro Boomin Featuring Quavo",Rap Saved Me,"['21 Savage', 'Offset', 'Metro Boomin', 'Quavo']",3,64.0,74.0,88.0,1,-24.0,1
"21 Savage, Offset & Metro Boomin Featuring Travis Scott",Ghostface Killers,"['21 Savage', 'Offset', 'Metro Boomin', 'Travis Scott']",7,35.0,57.0,90.0,1,-11.0,5
"21 Savage, Tommy Newport & Mikky Ekko",Red Sky,"['21 Savage', 'Tommy Newport', 'Mikky Ekko']",2,57.0,57.0,100.0,0,-43.0,1
"21 Savage, Travis Scott & Metro Boomin",Nee-nah,"['21 Savage', 'Travis Scott', 'Metro Boomin']",10,10.0,10.0,89.0,0,-8.777777777777779,9
"21 Savage, Young Thug & Metro Boomin",Pop Ur Sht,"['21 Savage', 'Young Thug', 'Metro Boomin']",2,31.0,31.0,80.0,0,-49.0,1
24kGoldn Featuring iann dior,Mood,"['24kGoldn', 'iann dior']",52,1.0,84.0,48.0,9,-1.119047619047619,42
310babii,Soak City,['310babii'],19,53.0,100.0,99.0,18,-9.2,5
4*TOWN (From Disney And Pixar's Turning Red),Nobody Like U,"[""4*TOWN (From Disney And Pixar's Turning Red)""]",5,49.0,50.0,79.0,1,-10.0,3
42 Dugg & Roddy Ricch,4 Da Gang,"['42 Dugg', 'Roddy Ricch']",14,67.0,67.0,92.0,0,-1.7857142857142858,14
42 Dugg Featuring Future,Maybach,"['42 Dugg', 'Future']",9,68.0,68.0,98.0,0,-1.1111111111111112,27
4batz Featuring Drake,Act II: Date @ 8,"['4batz', 'Drake']",20,7.0,77.0,63.0,9,-5.6,10
5 Seconds of Summer,Complete Mess,['5 Seconds of Summer'],3,85.0,91.0,85.0,1,0.0,1
5 Seconds of Summer,Easier,['5 Seconds of Summer'],16,48.0,48.0,90.0,0,-2.8,15
5 Seconds of Summer,Youngblood,['5 Seconds of Summer'],48,7.0,96.0,50.0,18,-1.4827586206896552,29
6LACK,Prblms,['6LACK'],8,72.0,95.0,82.0,6,-3.3333333333333335,3
6ix9ine,Billy,['6ix9ine'],8,50.0,60.0,91.0,2,-8.2,5
6ix9ine,Gooba,['6ix9ine'],10,3.0,3.0,100.0,0,-10.777777777777779,9
6ix9ine,Gummo,['6ix9ine'],19,12.0,58.0,56.0,4,-3.142857142857143,14
6ix9ine,Kooda,['6ix9ine'],8,50.0,61.0,89.0,1,-3.9,10
6ix9ine & Nicki Minaj,Trollz,"['6ix9ine', 'Nicki Minaj']",4,1.0,1.0,83.0,0,-27.333333333333332,3
6ix9ine Featuring A Boogie wit da Hoodie,WAKA,"['6ix9ine', 'A Boogie wit da Hoodie']",3,51.0,71.0,78.0,1,-27.0,1
6ix9ine Featuring Anuel AA,BEBE,"['6ix9ine', 'Anuel AA']",5,30.0,30.0,86.0,0,-4.666666666666667,12
6ix9ine Featuring Bobby Shmurda,STOOPID,"['6ix9ine', 'Bobby Shmurda']",9,25.0,25.0,89.0,0,-8.0,8
6ix9ine Featuring DJ SPINKING,TATI,"['6ix9ine', 'DJ SPINKING']",5,46.0,46.0,72.0,0,-6.5,4
6ix9ine Featuring Lil Baby,TIC TOC,"['6ix9ine', 'Lil Baby']",3,53.0,62.0,91.0,1,-38.0,1
6ix9ine Featuring Nicki Minaj & Kanye West,MAMA,"['6ix9ine', 'Nicki Minaj', 'Kanye West']",4,43.0,58.0,100.0,1,-28.5,2
6ix9ine Featuring Nicki Minaj & Murda Beatz,FEFE,"['6ix9ine', 'Nicki Minaj', 'Murda Beatz']",20,3.0,4.0,52.0,1,-2.7222222222222223,18
6ix9ine Featuring Tory Lanez,KIKA,"['6ix9ine', 'Tory Lanez']",6,44.0,59.0,96.0,1,-10.4,5
"6ix9ine, Fetty Wap & A Boogie wit da Hoodie",KEKE,"['6ix9ine', 'Fetty Wap', 'A Boogie wit da Hoodie']",8,43.0,64.0,90.0,1,-7.833333333333333,6
A Boogie wit da Hoodie,King Of My City,['A Boogie wit da Hoodie'],3,69.0,69.0,91.0,0,-11.0,2
A Boogie wit da Hoodie,Look Back At It,['A Boogie wit da Hoodie'],31,27.0,95.0,46.0,21,-2.111111111111111,9
A Boogie wit da Hoodie,Me And My Guitar,['A Boogie wit da Hoodie'],2,58.0,58.0,97.0,0,-39.0,1
A Boogie wit da Hoodie,My Sh*t,['A Boogie wit da Hoodie'],12,86.0,98.0,100.0,10,-4.666666666666667,3
A Boogie wit da Hoodie,No Promises,['A Boogie wit da Hoodie'],2,74.0,74.0,93.0,0,-19.0,1
A Boogie wit da Hoodie,Say A',['A Boogie wit da Hoodie'],2,75.0,75.0,94.0,0,-19.0,1
A Boogie wit da Hoodie Featuring 6ix9ine,Swervin,"['A Boogie wit da Hoodie', '6ix9ine']",20,38.0,57.0,63.0,1,-1.3888888888888888,18
A Boogie wit da Hoodie Featuring DJ SPINKING,Timeless,"['A Boogie wit da Hoodie', 'DJ SPINKING']",4,86.0,96.0,86.0,3,0.0,0
A Boogie wit da Hoodie Featuring Juice WRLD,Demons And Angels,"['A Boogie wit da Hoodie', 'Juice WRLD']",3,90.0,94.0,95.0,1,-5.0,1
A Boogie wit da Hoodie Featuring Kodak Black,Drowning,"['A Boogie wit da Hoodie', 'Kodak Black']",21,38.0,94.0,46.0,15,-1.6,5
A Boogie wit da Hoodie Featuring Lil Uzi Vert,Reply,"['A Boogie wit da Hoodie', 'Lil Uzi Vert']",2,49.0,49.0,85.0,0,-36.0,1
A Boogie wit da Hoodie Featuring Offset & Tyga,Startender,"['A Boogie wit da Hoodie', 'Offset', 'Tyga']",9,59.0,65.0,99.0,2,-6.666666666666667,6
"A Boogie wit da Hoodie Featuring Roddy Ricch, Gunna & London On Da Track",Numbers,"['A Boogie wit da Hoodie', 'Roddy Ricch', 'Gunna', 'London On Da Track']",3,23.0,23.0,76.0,0,-26.5,2
A$AP Ferg Featuring  Nicki Minaj & MadeinTYO,Move Ya Hips,"['A$AP Ferg', 'Nicki Minaj', 'MadeinTYO']",2,19.0,19.0,99.0,0,-80.0,1
A$AP Ferg Featuring Future,New Level,"['A$AP Ferg', 'Future']",3,90.0,97.0,90.0,4,0.0,0
A$AP Ferg Featuring Nicki Minaj,Plain Jane,"['A$AP Ferg', 'Nicki Minaj']",24,27.0,98.0,47.0,15,-2.5,8
A$AP Rocky Featuring Moby,A$AP Forever,"['A$AP Rocky', 'Moby']",2,63.0,65.0,63.0,7,0.0,0
A$AP Rocky Featuring Skepta,Praise The Lord (Da Shine),"['A$AP Rocky', 'Skepta']",8,45.0,45.0,84.0,0,-4.333333333333333,9
AJR,Bang!,['AJR'],35,8.0,99.0,35.0,29,-3.857142857142857,7
AJR,Way Less Sad,['AJR'],15,54.0,99.0,81.0,10,-6.75,4
AJR,Weak,['AJR'],11,73.0,97.0,93.0,9,-4.0,5
AJR,World's Smallest Violin,['AJR'],3,91.0,97.0,91.0,2,0.0,0
Aaron Lewis,Am I The Only One,['Aaron Lewis'],2,14.0,14.0,93.0,0,-39.5,2
Acraze Featuring Cherish,Do It To It,"['Acraze', 'Cherish']",12,65.0,97.0,95.0,2,-3.3333333333333335,9
Addison Rae,Diet Pepsi,['Addison Rae'],20,54.0,86.0,72.0,4,-1.0,18
Addison Rae,Fame Is A Gun,['Addison Rae'],3,73.0,94.0,95.0,1,-22.0,1
Adele,Can I Get It,['Adele'],2,26.0,26.0,74.0,0,-48.0,1
Adele,Easy On Me,['Adele'],31,1.0,68.0,46.0,1,-1.5517241379310345,29
Adele,Hello,['Adele'],19,1.0,1.0,36.0,0,-1.9444444444444444,18
Adele,I Drink Wine,['Adele'],2,18.0,18.0,76.0,0,-58.0,1
Adele,My Little Love,['Adele'],2,23.0,23.0,67.0,0,-44.0,1
Adele,Oh My God,['Adele'],16,5.0,5.0,84.0,0,-5.266666666666667,15
Adele,Send My Love (To Your New Lover),['Adele'],26,8.0,26.0,39.0,15,-3.1,10
Adele,Water Under The Bridge,['Adele'],21,26.0,94.0,47.0,10,-2.1,10
Adele,When We Were Young,['Adele'],17,14.0,55.0,70.0,9,-8.0,7
Alan Walker,Faded,['Alan Walker'],8,80.0,91.0,100.0,6,-6.666666666666667,3
Alec Benjamin + Alessia Cara,Let Me Down Slowly,"['Alec Benjamin', 'Alessia Cara']",9,79.0,79.0,97.0,0,-1.2857142857142858,14
Aleman X Neton Vega,Te Queria Ver,"['Aleman', 'Neton Vega']",8,58.0,100.0,88.0,5,-10.0,3
Alessia Cara,Growing Pains,['Alessia Cara'],8,65.0,99.0,92.0,2,-5.4,5
Alessia Cara,Here,['Alessia Cara'],15,5.0,8.0,47.0,5,-4.666666666666667,9
Alessia Cara,How Far I'll Go,['Alessia Cara'],19,56.0,88.0,98.0,7,-3.5,12
Alessia Cara,Scars To Your Beautiful,['Alessia Cara'],43,8.0,95.0,45.0,23,-1.9473684210526316,19
Alessia Cara,Wild Things,['Alessia Cara'],20,50.0,91.0,77.0,13,-4.5,6
Alesso / Katy Perry,When I'm Gone,"['Alesso', 'Katy Perry']",4,90.0,97.0,100.0,2,-5.0,2
Alex Warren,Burning Down,['Alex Warren'],14,69.0,76.0,83.0,1,-0.56,25
Alex Warren,Eternity,['Alex Warren'],16,16.0,16.0,75.0,0,-2.8095238095238093,21
Alex Warren,Ordinary,['Alex Warren'],45,1.0,61.0,15.0,15,-0.4827586206896552,29
Alex Warren & ROSE,On My Mind,"['Alex Warren', 'ROSE']",2,60.0,60.0,76.0,0,-16.0,1
Alex Warren With Jelly Roll,Bloodline,"['Alex Warren', 'Jelly Roll']",13,32.0,32.0,97.0,0,-5.0,13
Ali Gatie,It's You,['Ali Gatie'],15,70.0,97.0,94.0,1,-1.8461538461538463,13
Alice Merton,No Roots,['Alice Merton'],3,84.0,100.0,96.0,1,-12.0,1
Alicia Keys,Underdog,['Alicia Keys'],5,69.0,93.0,94.0,9,-6.25,4
All Time Low Featuring Demi Lovato & Blackbear,Monsters,"['All Time Low', 'Demi Lovato', 'Blackbear']",17,55.0,88.0,98.0,8,-5.375,8
Amaarae & Moliy Featuring Kali Uchis,Sad Girlz Luv Money,"['Amaarae', 'Moliy', 'Kali Uchis']",3,80.0,80.0,81.0,0,-0.5,2
Ambjaay,Uno,['Ambjaay'],3,82.0,82.0,94.0,0,-6.0,2
Amine,Caroline,['Amine'],28,11.0,96.0,49.0,15,-3.1666666666666665,12
Andy Grammer,Fresh Eyes,['Andy Grammer'],18,59.0,97.0,91.0,7,-3.2,10
Andy Grammer,Good To Be Alive (Hallelujah),['Andy Grammer'],10,62.0,86.0,90.0,2,-4.0,7
Andy Williams,Happy Holiday / The Holiday Season,['Andy Williams'],23,18.0,47.0,49.0,55,-0.11923076923076924,260
Andy Williams,It's The Most Wonderful Time Of The Year,['Andy Williams'],50,5.0,48.0,9.0,208,-0.015384615384615385,260
Anitta,Envolver,['Anitta'],6,70.0,74.0,92.0,1,-5.5,4
AnnenMayKantereit & Giant Rooks,Tom's Diner,"['AnnenMayKantereit', 'Giant Rooks']",3,78.0,84.0,92.0,1,-14.0,1
Ant Saunders,Yellow Hearts,['Ant Saunders'],8,81.0,81.0,92.0,0,-1.5714285714285714,7
Anuel AA & Karol G,Secreto,"['Anuel AA', 'Karol G']",11,68.0,68.0,97.0,0,-1.9333333333333333,15
Anuel AA & Romeo Santos,Ella Quiere Beber,"['Anuel AA', 'Romeo Santos']",20,61.0,86.0,83.0,11,-2.75,8
"Anuel AA, Daddy Yankee, Karol G, Ozuna & J Balvin",China,"['Anuel AA', 'Daddy Yankee', 'Karol G', 'Ozuna', 'J Balvin']",18,43.0,52.0,98.0,2,-2.619047619047619,21
Arcangel & Bad Bunny,La Jumpa,"['Arcangel', 'Bad Bunny']",10,68.0,68.0,97.0,0,-2.6363636363636362,11
Arcangel x Sech,Sigues Con El,"['Arcangel', 'Sech']",3,78.0,78.0,93.0,0,-2.142857142857143,7
Ari Lennox,Pressure,['Ari Lennox'],17,66.0,94.0,90.0,6,-2.4,10
Ariana Grande,7 Rings,['Ariana Grande'],33,1.0,1.0,40.0,0,-1.21875,32
Ariana Grande,Bad Idea,['Ariana Grande'],3,27.0,27.0,90.0,0,-31.5,2
Ariana Grande,Bloodline,['Ariana Grande'],3,22.0,22.0,93.0,0,-35.5,2
Ariana Grande,"Break Up With Your Girlfriend, I'm Bored",['Ariana Grande'],20,2.0,2.0,49.0,0,-2.473684210526316,19
Ariana Grande,Breathin,['Ariana Grande'],25,12.0,22.0,35.0,15,-2.5555555555555554,9
Ariana Grande,Bye,['Ariana Grande'],3,25.0,25.0,86.0,0,-30.5,2
Ariana Grande,Dandelion,['Ariana Grande'],3,38.0,38.0,100.0,0,-31.0,2
Ariana Grande,Dangerous Woman,['Ariana Grande'],21,8.0,10.0,48.0,10,-4.0,10
Ariana Grande,Don't Wanna Break Up Again,['Ariana Grande'],2,28.0,28.0,68.0,0,-40.0,1
Ariana Grande,Eternal Sunshine,['Ariana Grande'],3,23.0,23.0,87.0,0,-32.0,2
Ariana Grande,Fake Smile,['Ariana Grande'],2,26.0,26.0,57.0,0,-31.0,1
Ariana Grande,Focus,['Ariana Grande'],7,33.0,33.0,89.0,0,-9.333333333333334,6
Ariana Grande,Ghostin,['Ariana Grande'],2,25.0,25.0,62.0,0,-37.0,1
Ariana Grande,God Is A Woman,['Ariana Grande'],22,8.0,11.0,50.0,5,-2.625,16
Ariana Grande,I Wish I Hated You,['Ariana Grande'],2,39.0,39.0,85.0,0,-46.0,1
Ariana Grande,Imagine,['Ariana Grande'],8,21.0,24.0,85.0,8,-32.0,2
Ariana Grande,Imperfect For You,['Ariana Grande'],2,37.0,37.0,72.0,0,-35.0,1
Ariana Grande,In My Head,['Ariana Grande'],2,38.0,38.0,74.0,0,-36.0,1
Ariana Grande,Into You,['Ariana Grande'],24,13.0,83.0,45.0,13,-2.909090909090909,11
Ariana Grande,Intro (End Of The World),['Ariana Grande'],4,38.0,38.0,89.0,0,-0.9107142857142857,56
Ariana Grande,Just Like Magic,['Ariana Grande'],2,43.0,43.0,98.0,0,-55.0,1
Ariana Grande,Make Up,['Ariana Grande'],2,48.0,48.0,95.0,0,-47.0,1
Ariana Grande,NASA,['Ariana Grande'],3,17.0,17.0,68.0,0,-25.5,2
Ariana Grande,Needy,['Ariana Grande'],4,14.0,14.0,92.0,0,-26.0,3
Ariana Grande,No Tears Left To Cry,['Ariana Grande'],27,3.0,3.0,50.0,0,-1.8076923076923077,26
Ariana Grande,Popular,['Ariana Grande'],9,53.0,53.0,94.0,0,-5.125,8
Ariana Grande,Positions,['Ariana Grande'],29,1.0,1.0,37.0,0,-1.2857142857142858,28
Ariana Grande,Santa Tell Me,['Ariana Grande'],30,5.0,39.0,5.0,211,0.0,51
Ariana Grande,Supernatural,['Ariana Grande'],3,17.0,17.0,80.0,0,-31.5,2
Ariana Grande,"Thank U, Next",['Ariana Grande'],28,1.0,1.0,49.0,0,-1.7777777777777777,27
Ariana Grande,The Boy Is Mine,['Ariana Grande'],20,16.0,16.0,77.0,0,-2.259259259259259,27
Ariana Grande,True Story,['Ariana Grande'],2,30.0,30.0,66.0,0,-36.0,1
Ariana Grande,Twilight Zone,['Ariana Grande'],18,18.0,18.0,75.0,0,-3.1666666666666665,18
Ariana Grande,We Can't Be Friends (Wait For Your Love),['Ariana Grande'],24,1.0,1.0,47.0,0,-2.0,23
Ariana Grande,"Yes, And?",['Ariana Grande'],13,1.0,1.0,89.0,0,-7.333333333333333,12
Ariana Grande,pov,['Ariana Grande'],20,27.0,40.0,52.0,33,-6.25,4
Ariana Grande & Cynthia Erivo,What Is This Feeling?,"['Ariana Grande', 'Cynthia Erivo']",5,62.0,68.0,88.0,1,-6.5,4
Ariana Grande & Justin Bieber,Stuck With U,"['Ariana Grande', 'Justin Bieber']",18,1.0,1.0,100.0,0,-5.823529411764706,17
Ariana Grande & Social House,Boyfriend,"['Ariana Grande', 'Social House']",12,8.0,8.0,99.0,0,-8.272727272727273,11
Ariana Grande & Victoria Monet,Monopoly,"['Ariana Grande', 'Victoria Monet']",2,69.0,70.0,69.0,1,0.0,0
Ariana Grande Feat. Doja Cat & Megan Thee Stallion,34+35,"['Ariana Grande', 'Doja Cat', 'Megan Thee Stallion']",28,2.0,8.0,36.0,11,-2.125,16
"Ariana Grande Featuring Andy Nyman, Courtney-Mae Briggs, Jeff Goldblum, Sharon D. Clarke & Jenna Boyd",No One Mourns The Wicked,"['Ariana Grande', 'Andy Nyman', 'Courtney-Mae Briggs', 'Jeff Goldblum', 'Sharon D. Clarke', 'Jenna Boyd']",2,86.0,86.0,87.0,0,-1.0,1
Ariana Grande Featuring Doja Cat,Motive,"['Ariana Grande', 'Doja Cat']",2,32.0,32.0,80.0,0,-48.0,1
Ariana Grande Featuring Future,Everyday,"['Ariana Grande', 'Future']",7,55.0,85.0,94.0,4,-19.5,2
Ariana Grande Featuring Nicki Minaj,Side To Side,"['Ariana Grande', 'Nicki Minaj']",28,4.0,31.0,50.0,11,-2.875,16
Ariana Grande Featuring Nicki Minaj,The Light Is Coming,"['Ariana Grande', 'Nicki Minaj']",2,89.0,95.0,89.0,8,0.0,0
Ariana Grande Featuring The Weeknd,Off The Table,"['Ariana Grande', 'The Weeknd']",2,35.0,35.0,95.0,0,-60.0,1
"Ariana Grande, Miley Cyrus & Lana Del Rey",Don't Call Me Angel (Charlie's Angels),"['Ariana Grande', 'Miley Cyrus', 'Lana Del Rey']",7,13.0,13.0,98.0,0,-14.166666666666666,6
Arizona Zervas,Roxanne,['Arizona Zervas'],26,4.0,34.0,33.0,6,-1.5263157894736843,19
Armani White,Billie Eilish.,['Armani White'],14,58.0,99.0,78.0,5,-1.6666666666666667,12
Artemas,I Like The Way You Kiss Me,['Artemas'],20,12.0,70.0,74.0,3,-3.875,16
"Artists Of Then, Now & Forever",Forever Country,"['Artists Of Then, Now & Forever']",4,21.0,21.0,97.0,0,-25.333333333333332,3
Ashe Featuring Niall Horan,Moral Of The Story,"['Ashe', 'Niall Horan']",3,71.0,71.0,98.0,0,-0.8709677419354839,31
Ashley Cooke,Your Place,['Ashley Cooke'],4,80.0,95.0,80.0,3,0.0,0
Ashley McBryde,One Night Standards,['Ashley McBryde'],15,76.0,93.0,90.0,9,-2.8,5
Auli'i Cravalho,How Far I'll Go,"[""Auli'i Cravalho""]",20,41.0,52.0,89.0,5,-3.0,16
Ava Max,Kings & Queens,['Ava Max'],27,13.0,73.0,48.0,14,-2.9166666666666665,12
Ava Max,My Head And My Heart,['Ava Max'],12,45.0,82.0,88.0,3,-5.375,8
Ava Max,Sweet But Psycho,['Ava Max'],35,10.0,87.0,42.0,22,-2.6666666666666665,12
Aventura x Bad Bunny,Volvi,"['Aventura', 'Bad Bunny']",18,22.0,37.0,86.0,1,-3.0476190476190474,21
Avicii Featuring Aloe Blacc,SOS,"['Avicii', 'Aloe Blacc']",4,68.0,68.0,94.0,0,-6.5,4
Avril Lavigne,Head Above Water,['Avril Lavigne'],2,64.0,64.0,93.0,0,-29.0,1
Ayo & Teo,Rolex,"['Ayo', 'Teo']",25,20.0,87.0,49.0,15,-3.2222222222222223,9
BENEE Featuring Gus Dapperton,Supalonely,"['BENEE', 'Gus Dapperton']",22,39.0,88.0,51.0,8,-0.9230769230769231,13
BLACKPINK,How You Like That,['BLACKPINK'],2,33.0,33.0,91.0,0,-58.0,1
BLACKPINK,Jump,['BLACKPINK'],10,28.0,28.0,95.0,0,-7.444444444444445,9
BLACKPINK,Kill This Love,['BLACKPINK'],4,41.0,41.0,100.0,0,-19.666666666666668,3
BLACKPINK,Pink Venom,['BLACKPINK'],6,22.0,22.0,87.0,0,-13.0,5
BLACKPINK,Shut Down,['BLACKPINK'],3,25.0,25.0,88.0,0,-31.5,2
BLACKPINK X Selena Gomez,Ice Cream,"['BLACKPINK', 'Selena Gomez']",8,13.0,13.0,84.0,0,-10.142857142857142,7
BRELAND,My Truck,['BRELAND'],2,92.0,92.0,97.0,0,-5.0,1
BROCKHAMPTON,SUGAR,['BROCKHAMPTON'],9,66.0,70.0,95.0,1,-3.625,8
BRS Kash,Throat Baby (Go Baby),['BRS Kash'],22,24.0,93.0,50.0,14,-3.7142857142857144,7
BTS,Butter,['BTS'],20,1.0,1.0,58.0,0,-3.0,19
BTS,DNA,['BTS'],4,67.0,85.0,98.0,1,-15.5,2
BTS,Dynamite,['BTS'],32,1.0,1.0,30.0,0,-0.9354838709677419,31
BTS,Fake Love,['BTS'],6,10.0,10.0,76.0,0,-13.2,5
BTS,Life Goes On,['BTS'],3,1.0,1.0,93.0,0,-46.0,2
BTS,ON,['BTS'],2,4.0,4.0,68.0,0,-64.0,1
BTS,Permission To Dance,['BTS'],7,1.0,1.0,97.0,0,-16.0,6
BTS,Yet To Come,['BTS'],2,13.0,13.0,68.0,0,-55.0,1
BTS Featuring Desiigner,MIC Drop,"['BTS', 'Desiigner']",9,28.0,28.0,98.0,0,-8.75,8
BTS Featuring Halsey,Boy With Luv,"['BTS', 'Halsey']",8,8.0,8.0,90.0,0,-11.714285714285714,7
BTS Featuring Lauv,Make It Right,"['BTS', 'Lauv']",2,76.0,95.0,76.0,27,0.0,0
BTS Featuring Nicki Minaj,IDOL,"['BTS', 'Nicki Minaj']",3,11.0,11.0,92.0,0,-40.5,2
Baby Keem,ORANGE SODA,['Baby Keem'],3,98.0,98.0,100.0,0,-0.4,5
Baby Keem & Kendrick Lamar,Family Ties,"['Baby Keem', 'Kendrick Lamar']",19,18.0,18.0,81.0,0,-3.5,18
BabyChiefDoit,Went West,['BabyChiefDoit'],2,71.0,89.0,71.0,1,0.0,0
Backstreet Boys,Don't Go Breaking My Heart,['Backstreet Boys'],10,63.0,99.0,94.0,8,-5.166666666666667,6
Bad Bunny,Aguacero,['Bad Bunny'],3,44.0,44.0,94.0,0,-25.0,2
Bad Bunny,Baby Nueva,['Bad Bunny'],2,34.0,34.0,74.0,0,-40.0,1
Bad Bunny,Baile Inolvidable,['Bad Bunny'],20,3.0,28.0,94.0,1,-5.055555555555555,18
Bad Bunny,Bokete,['Bad Bunny'],4,42.0,69.0,80.0,1,-19.0,2
Bad Bunny,Cybertruck,['Bad Bunny'],2,30.0,30.0,82.0,0,-52.0,1
Bad Bunny,DTMF,['Bad Bunny'],20,2.0,38.0,66.0,1,-3.5555555555555554,18
Bad Bunny,Despues de La Playa,['Bad Bunny'],20,6.0,6.0,81.0,0,-3.9473684210526314,19
Bad Bunny,Dos Mil 16,['Bad Bunny'],3,45.0,45.0,98.0,0,-26.5,2
Bad Bunny,EOO,['Bad Bunny'],30,24.0,54.0,90.0,1,-2.2,30
Bad Bunny,Efecto,['Bad Bunny'],22,34.0,34.0,49.0,0,-0.7142857142857143,21
Bad Bunny,El Apagon,['Bad Bunny'],2,54.0,54.0,89.0,0,-35.0,1
Bad Bunny,El Club,['Bad Bunny'],8,27.0,66.0,82.0,5,-13.75,4
Bad Bunny,Ensename A Bailar,['Bad Bunny'],2,60.0,60.0,99.0,0,-39.0,1
Bad Bunny,Ketu Tecre,['Bad Bunny'],4,38.0,59.0,69.0,1,-15.5,2
Bad Bunny,Kloufrens,['Bad Bunny'],5,40.0,66.0,93.0,1,-17.666666666666668,3
Bad Bunny,La Dificil,['Bad Bunny'],5,33.0,33.0,87.0,0,-13.5,4
Bad Bunny,La Mudanza,['Bad Bunny'],4,51.0,95.0,92.0,1,-20.5,2
Bad Bunny,Lo Que Le Paso A Hawaii,['Bad Bunny'],3,62.0,94.0,73.0,1,-11.0,1
Bad Bunny,Me Fui de Vacaciones,['Bad Bunny'],2,59.0,59.0,97.0,0,-38.0,1
Bad Bunny,Monaco,['Bad Bunny'],20,5.0,5.0,94.0,0,-4.684210526315789,19
Bad Bunny,Moscow Mule,['Bad Bunny'],23,4.0,4.0,43.0,0,-1.7727272727272727,22
Bad Bunny,Mr. October,['Bad Bunny'],2,28.0,28.0,73.0,0,-45.0,1
Bad Bunny,Neverita,['Bad Bunny'],14,31.0,31.0,81.0,0,-2.272727272727273,22
Bad Bunny,Nuevayol,['Bad Bunny'],20,8.0,27.0,94.0,1,-3.0714285714285716,28
Bad Bunny,Pitorro de Coco,['Bad Bunny'],5,50.0,91.0,94.0,2,-22.0,2
Bad Bunny,Si Veo A Tu Mama,['Bad Bunny'],5,32.0,32.0,89.0,0,-14.25,4
Bad Bunny,Te Mudaste,['Bad Bunny'],2,60.0,60.0,99.0,0,-39.0,1
Bad Bunny,Titi Me Pregunto,['Bad Bunny'],30,5.0,5.0,44.0,0,-1.3448275862068966,29
Bad Bunny,Turista,['Bad Bunny'],4,45.0,77.0,82.0,1,-18.5,2
Bad Bunny,Un Coco,['Bad Bunny'],3,56.0,56.0,95.0,0,-19.5,2
Bad Bunny,Un Preview,['Bad Bunny'],7,43.0,65.0,93.0,1,-10.0,5
Bad Bunny,Un Ratito,['Bad Bunny'],16,16.0,16.0,89.0,0,-4.866666666666666,15
Bad Bunny,Vete,['Bad Bunny'],18,33.0,33.0,97.0,0,-3.5555555555555554,18
Bad Bunny,Voy A Llevarte Pa PR,['Bad Bunny'],13,17.0,36.0,96.0,1,-2.0789473684210527,38
Bad Bunny,Where She Goes,['Bad Bunny'],20,8.0,8.0,54.0,0,-2.1904761904761907,21
Bad Bunny,Yo No Soy Celoso,['Bad Bunny'],6,22.0,22.0,87.0,0,-13.0,5
Bad Bunny,Yo Perreo Sola,['Bad Bunny'],17,53.0,69.0,92.0,4,-2.7857142857142856,14
Bad Bunny,Yonaguni,['Bad Bunny'],20,10.0,10.0,79.0,0,-3.6315789473684212,19
Bad Bunny & Bomba Estereo,Ojitos Lindos,"['Bad Bunny', 'Bomba Estereo']",20,26.0,26.0,70.0,0,-2.3157894736842106,19
Bad Bunny & Bryant Myers,Seda,"['Bad Bunny', 'Bryant Myers']",2,38.0,38.0,90.0,0,-52.0,1
Bad Bunny & Buscabulla,Andrea,"['Bad Bunny', 'Buscabulla']",4,51.0,51.0,95.0,0,-14.666666666666666,3
Bad Bunny & Chencho Corleone,Me Porto Bonito,"['Bad Bunny', 'Chencho Corleone']",26,6.0,10.0,41.0,9,-2.1875,16
Bad Bunny & Chuwi,Weltita,"['Bad Bunny', 'Chuwi']",6,32.0,52.0,100.0,1,-17.0,4
Bad Bunny & Feid,Perro Negro,"['Bad Bunny', 'Feid']",20,20.0,20.0,84.0,0,-2.909090909090909,22
Bad Bunny & Jhay Cortez,Dakiti,"['Bad Bunny', 'Jhay Cortez']",28,5.0,9.0,43.0,4,-1.6521739130434783,23
Bad Bunny & Jhay Cortez,Tarot,"['Bad Bunny', 'Jhay Cortez']",20,18.0,18.0,89.0,0,-3.736842105263158,19
Bad Bunny & Los Pleneros de La Cresta,Cafe Con Ron,"['Bad Bunny', 'Los Pleneros de La Cresta']",4,48.0,83.0,78.0,1,-15.0,2
Bad Bunny & Luar La L,Telefono Nuevo,"['Bad Bunny', 'Luar La L']",2,32.0,32.0,88.0,0,-56.0,1
Bad Bunny & Mora,Hibiki,"['Bad Bunny', 'Mora']",2,24.0,24.0,72.0,0,-48.0,1
Bad Bunny & ROSALIA,La Noche de Anoche,"['Bad Bunny', 'ROSALIA']",17,53.0,53.0,88.0,0,-1.4583333333333333,24
Bad Bunny & RaiNao,Perfumito Nuevo,"['Bad Bunny', 'RaiNao']",5,31.0,45.0,94.0,1,-21.0,3
Bad Bunny & Rauw Alejandro,Party,"['Bad Bunny', 'Rauw Alejandro']",20,14.0,14.0,67.0,0,-2.789473684210526,19
Bad Bunny & Sech,Ignorantes,"['Bad Bunny', 'Sech']",3,49.0,79.0,83.0,2,-34.0,1
Bad Bunny & Tainy,Callaita,"['Bad Bunny', 'Tainy']",20,52.0,69.0,89.0,7,-3.0833333333333335,12
Bad Bunny & The Marias,Otro Atardecer,"['Bad Bunny', 'The Marias']",3,49.0,49.0,96.0,0,-23.5,2
Bad Bunny & Tony Dize,La Corriente,"['Bad Bunny', 'Tony Dize']",14,32.0,32.0,99.0,0,-4.1875,16
Bad Bunny & Young Miko,Fina,"['Bad Bunny', 'Young Miko']",4,14.0,14.0,87.0,0,-24.333333333333332,3
Bad Bunny Featuring Drake,MIA,"['Bad Bunny', 'Drake']",27,5.0,5.0,45.0,0,-1.5384615384615385,26
Bad Bunny X Daddy Yankee,La Santa,"['Bad Bunny', 'Daddy Yankee']",2,53.0,53.0,92.0,0,-39.0,1
"Bad Bunny, Jowell & Randy & Nengo Flow",Safaera,"['Bad Bunny', 'Jowell', 'Randy', 'Nengo Flow']",7,81.0,81.0,100.0,0,-2.375,8
"Bad Bunny, Omar Courtz & Dei V",Velda,"['Bad Bunny', 'Omar Courtz', 'Dei V']",7,23.0,43.0,99.0,1,-15.2,5
Bad Wolves,Zombie,['Bad Wolves'],18,54.0,54.0,97.0,0,-2.388888888888889,18
Bailey Zimmerman,Fall In Love,['Bailey Zimmerman'],34,29.0,99.0,50.0,24,-1.5,14
Bailey Zimmerman,Holy Smokes,['Bailey Zimmerman'],16,54.0,54.0,94.0,0,-0.6451612903225806,62
Bailey Zimmerman,Religiously,['Bailey Zimmerman'],25,13.0,66.0,23.0,20,-2.5,4
Bailey Zimmerman,Rock And A Hard Place,['Bailey Zimmerman'],54,10.0,24.0,23.0,40,-1.0,13
Bailey Zimmerman,Where It Ends,['Bailey Zimmerman'],27,32.0,32.0,41.0,0,-0.09278350515463918,97
Bailey Zimmerman & Luke Combs,Backup Plan,"['Bailey Zimmerman', 'Luke Combs']",20,30.0,36.0,60.0,16,-10.0,3
Bakar Featuring Summer Walker,Hell N Back,"['Bakar', 'Summer Walker']",12,53.0,73.0,93.0,1,-4.0,10
Bazzi,Mine,['Bazzi'],34,11.0,56.0,46.0,9,-1.4583333333333333,24
Bazzi,Paradise,['Bazzi'],3,91.0,98.0,99.0,1,-4.0,2
Bazzi Featuring Camila Cabello,Beautiful,"['Bazzi', 'Camila Cabello']",27,26.0,60.0,47.0,23,-7.0,3
Bebe Rexha,I Got You,['Bebe Rexha'],11,43.0,94.0,82.0,6,-9.75,4
Bebe Rexha,I'm A Mess,['Bebe Rexha'],20,35.0,92.0,78.0,16,-14.333333333333334,3
Bebe Rexha & Florida Georgia Line,Meant To Be,"['Bebe Rexha', 'Florida Georgia Line']",51,2.0,61.0,31.0,20,-0.9666666666666667,30
Becky G & Peso Pluma,Chanel,"['Becky G', 'Peso Pluma']",10,55.0,88.0,95.0,3,-6.666666666666667,6
Becky G + Natti Natasha,Sin Pijama,"['Becky G', 'Natti Natasha']",12,70.0,99.0,99.0,8,-7.25,4
Becky G Featuring Bad Bunny,Mayores,"['Becky G', 'Bad Bunny']",17,74.0,97.0,97.0,5,-1.7692307692307692,13
Becky G X Karol G,MAMIII,"['Becky G', 'Karol G']",20,15.0,15.0,52.0,0,-1.9473684210526316,19
Bella Poarch,Build A Bitch,['Bella Poarch'],12,56.0,58.0,92.0,2,-4.0,9
Belly Featuring The Weeknd,Might Not,"['Belly', 'The Weeknd']",17,68.0,100.0,96.0,7,-3.111111111111111,9
Ben Rector,Brand New,['Ben Rector'],5,82.0,94.0,87.0,1,-1.6666666666666667,3
Benny Blanco & Juice WRLD Featuring Brendon Urie,Roses,"['Benny Blanco', 'Juice WRLD', 'Brendon Urie']",6,85.0,95.0,88.0,4,-3.0,1
"Benny Blanco, BTS & Snoop Dogg",Bad Decisions,"['Benny Blanco', 'BTS', 'Snoop Dogg']",5,10.0,10.0,90.0,0,-20.0,4
"Benny Blanco, Halsey & Khalid",Eastside,"['Benny Blanco', 'Halsey', 'Khalid']",52,9.0,56.0,37.0,25,-1.0769230769230769,26
"Benny Blanco, Tainy, Selena Gomez & J Balvin",I Can't Get Enough,"['Benny Blanco', 'Tainy', 'Selena Gomez', 'J Balvin']",5,66.0,93.0,91.0,2,-12.5,2
Benson Boone,Beautiful Things,['Benson Boone'],89,2.0,15.0,25.0,8,-0.2839506172839506,81
Benson Boone,Cry,['Benson Boone'],4,60.0,60.0,95.0,0,-11.666666666666666,3
Benson Boone,Mystical Magical,['Benson Boone'],27,17.0,40.0,26.0,9,-0.5294117647058824,17
Benson Boone,Pretty Slowly,['Benson Boone'],3,86.0,91.0,93.0,1,-7.0,1
Benson Boone,Slow It Down,['Benson Boone'],29,32.0,45.0,46.0,24,-3.5,4
Benson Boone,Sorry I'm Here For Someone Else,['Benson Boone'],32,19.0,44.0,46.0,16,-1.8,15
Beyonce,16 Carriages,['Beyonce'],6,38.0,38.0,100.0,0,-7.75,8
Beyonce,Alien Superstar,['Beyonce'],5,19.0,19.0,90.0,0,-17.75,4
Beyonce,All Night,['Beyonce'],2,38.0,38.0,64.0,0,-26.0,1
Beyonce,Before I Let Go,['Beyonce'],16,65.0,75.0,100.0,1,-2.5,14
Beyonce,Black Parade,['Beyonce'],2,37.0,37.0,71.0,0,-34.0,1
Beyonce,Bodyguard,['Beyonce'],2,26.0,26.0,70.0,0,-44.0,1
Beyonce,Break My Soul,['Beyonce'],18,1.0,15.0,88.0,6,-7.909090909090909,11
Beyonce,Church Girl,['Beyonce'],3,22.0,22.0,97.0,0,-37.5,2
Beyonce,Cozy,['Beyonce'],2,30.0,30.0,93.0,0,-63.0,1
Beyonce,Cuff It,['Beyonce'],35,6.0,13.0,44.0,27,-4.222222222222222,9
Beyonce,Daddy Lessons,['Beyonce'],2,41.0,41.0,66.0,0,-25.0,1
Beyonce,Formation,['Beyonce'],7,10.0,10.0,88.0,0,-13.0,6
Beyonce,Hold Up,['Beyonce'],14,13.0,13.0,99.0,0,-3.0714285714285716,28
Beyonce,I'm That Girl,['Beyonce'],2,26.0,26.0,92.0,0,-66.0,1
Beyonce,Jolene,['Beyonce'],3,7.0,7.0,88.0,0,-40.5,2
Beyonce,Love Drought,['Beyonce'],2,47.0,47.0,73.0,0,-26.0,1
Beyonce,Pray You Catch Me,['Beyonce'],2,37.0,37.0,70.0,0,-33.0,1
Beyonce,Sandcastles,['Beyonce'],2,43.0,43.0,71.0,0,-28.0,1
Beyonce,Sorry,['Beyonce'],20,11.0,11.0,65.0,0,-2.8421052631578947,19
Beyonce,Texas Hold 'Em,['Beyonce'],20,1.0,2.0,90.0,1,-4.944444444444445,18
Beyonce,Ya Ya,['Beyonce'],2,39.0,39.0,93.0,0,-54.0,1
Beyonce & Dolly Parton,Tyrant,"['Beyonce', 'Dolly Parton']",2,44.0,44.0,88.0,0,-44.0,1
Beyonce & Miley Cyrus,II Most Wanted,"['Beyonce', 'Miley Cyrus']",6,6.0,6.0,93.0,0,-17.4,5
Beyonce & Post Malone,Levii's Jeans,"['Beyonce', 'Post Malone']",2,16.0,16.0,67.0,0,-51.0,1
Beyonce Featuring BEAM,Energy,"['Beyonce', 'BEAM']",2,27.0,27.0,79.0,0,-52.0,1
Beyonce Featuring Jack White,Don't Hurt Yourself,"['Beyonce', 'Jack White']",2,28.0,28.0,37.0,0,-9.0,1
Beyonce Featuring Kendrick Lamar,America Has A Problem,"['Beyonce', 'Kendrick Lamar']",5,38.0,69.0,75.0,42,-12.333333333333334,3
Beyonce Featuring Kendrick Lamar,Freedom,"['Beyonce', 'Kendrick Lamar']",2,35.0,35.0,65.0,0,-30.0,1
Beyonce Featuring The Weeknd,6 Inch,"['Beyonce', 'The Weeknd']",3,18.0,18.0,82.0,0,-32.0,2
"Beyonce, Tanner Adell, Brittney Spencer, Tiera Kennedy & Reyna Roberts",Blackbiird,"['Beyonce', 'Tanner Adell', 'Brittney Spencer', 'Tiera Kennedy', 'Reyna Roberts']",2,27.0,27.0,90.0,0,-63.0,1
Bhad Bhabie,Ms. Whitman,['Bhad Bhabie'],3,56.0,56.0,100.0,0,-22.0,2
Bhad Bhabie,These Heaux,['Bhad Bhabie'],3,77.0,77.0,98.0,0,-10.5,2
Bhad Bhabie Featuring Lil Yachty,Gucci Flip Flops,"['Bhad Bhabie', 'Lil Yachty']",3,79.0,80.0,96.0,1,-17.0,1
Bia Featuring Nicki Minaj,Whole Lotta Money,"['Bia', 'Nicki Minaj']",17,16.0,16.0,85.0,0,-4.3125,16
Big Sean,Bounce Back,['Big Sean'],28,6.0,61.0,50.0,13,-3.142857142857143,14
Big Sean,Moves,['Big Sean'],19,38.0,71.0,95.0,6,-4.384615384615385,13
Big Sean,Single Again,['Big Sean'],3,64.0,64.0,100.0,0,-18.0,2
Big Sean & Metro Boomin Featuring 21 Savage,Pull Up N Wreck,"['Big Sean', 'Metro Boomin', '21 Savage']",2,80.0,94.0,80.0,5,0.0,0
Big Sean Featuring Chris Brown & Ty Dolla $ign,Play No Games,"['Big Sean', 'Chris Brown', 'Ty Dolla $ign']",8,89.0,93.0,100.0,3,-2.75,4
Big Sean Featuring Eminem,No Favors,"['Big Sean', 'Eminem']",3,22.0,22.0,97.0,0,-37.5,2
Big Sean Featuring Post Malone,Wolves,"['Big Sean', 'Post Malone']",2,65.0,65.0,100.0,0,-17.5,2
BigXthaPlug,2AM,['BigXthaPlug'],3,64.0,64.0,95.0,0,-15.5,2
BigXthaPlug,Change Me,['BigXthaPlug'],4,79.0,89.0,98.0,1,-9.5,2
BigXthaPlug,Leave Me Alone,['BigXthaPlug'],2,96.0,99.0,96.0,1,0.0,0
BigXthaPlug,Mmhmm,['BigXthaPlug'],20,63.0,93.0,73.0,19,-3.3333333333333335,3
BigXthaPlug,The Largest,['BigXthaPlug'],19,71.0,99.0,96.0,11,-1.3888888888888888,18
BigXthaPlug Featuring Bailey Zimmerman,All The Way,"['BigXthaPlug', 'Bailey Zimmerman']",27,4.0,4.0,47.0,0,-1.6538461538461537,26
BigXthaPlug Featuring Ella Langley,Hell At Night,"['BigXthaPlug', 'Ella Langley']",19,35.0,49.0,64.0,2,-1.8125,16
Billie Eilish,All The Good Girls Go To Hell,['Billie Eilish'],7,46.0,46.0,79.0,0,-0.9428571428571428,35
Billie Eilish,Bad Guy,['Billie Eilish'],49,1.0,7.0,45.0,19,-1.5172413793103448,29
Billie Eilish,Birds Of A Feather,['Billie Eilish'],67,2.0,13.0,25.0,19,-0.48936170212765956,47
Billie Eilish,Bittersuite,['Billie Eilish'],3,36.0,36.0,89.0,0,-26.5,2
Billie Eilish,Blue,['Billie Eilish'],5,25.0,25.0,84.0,0,-14.75,4
Billie Eilish,Bury A Friend,['Billie Eilish'],20,14.0,74.0,58.0,1,-2.4444444444444446,18
Billie Eilish,Chihiro,['Billie Eilish'],20,12.0,12.0,80.0,0,-3.4,20
Billie Eilish,Everything I Wanted,['Billie Eilish'],33,8.0,74.0,49.0,1,-1.3225806451612903,31
Billie Eilish,Happier Than Ever,['Billie Eilish'],26,11.0,11.0,47.0,0,-1.44,25
Billie Eilish,L'amour De Ma Vie,['Billie Eilish'],7,22.0,22.0,98.0,0,-12.666666666666666,6
Billie Eilish,Lost Cause,['Billie Eilish'],4,27.0,27.0,84.0,0,-7.125,8
Billie Eilish,Lunch,['Billie Eilish'],20,5.0,5.0,82.0,0,-4.052631578947368,19
Billie Eilish,My Future,['Billie Eilish'],7,6.0,6.0,91.0,0,-1.6346153846153846,52
Billie Eilish,My Strange Addiction,['Billie Eilish'],4,43.0,43.0,95.0,0,-17.333333333333332,3
Billie Eilish,NDA,['Billie Eilish'],5,39.0,39.0,77.0,0,-9.5,4
Billie Eilish,No Time To Die,['Billie Eilish'],3,16.0,16.0,96.0,0,-40.0,2
Billie Eilish,Ocean Eyes,['Billie Eilish'],20,84.0,97.0,99.0,22,-1.3636363636363635,11
Billie Eilish,Skinny,['Billie Eilish'],4,18.0,18.0,90.0,0,-24.0,3
Billie Eilish,The Diner,['Billie Eilish'],4,31.0,31.0,91.0,0,-20.0,3
Billie Eilish,The Greatest,['Billie Eilish'],5,24.0,24.0,93.0,0,-1.8157894736842106,38
Billie Eilish,Therefore I Am,['Billie Eilish'],27,2.0,94.0,45.0,1,-1.72,25
Billie Eilish,What Was I Made For?,['Billie Eilish'],35,14.0,34.0,33.0,3,-0.59375,32
Billie Eilish,When The Party's Over,['Billie Eilish'],32,29.0,65.0,45.0,23,-1.4545454545454546,11
Billie Eilish,Wildflower,['Billie Eilish'],72,17.0,17.0,51.0,0,-0.4533333333333333,75
Billie Eilish,Wish You Were Gay,['Billie Eilish'],11,31.0,74.0,96.0,4,-10.833333333333334,6
Billie Eilish,Xanny,['Billie Eilish'],4,35.0,35.0,98.0,0,-21.0,3
Billie Eilish,You Should See Me In A Crown,['Billie Eilish'],8,41.0,93.0,92.0,36,-8.5,6
Billie Eilish,Your Power,['Billie Eilish'],6,10.0,10.0,75.0,0,-13.0,5
Billie Eilish,idontwannabeyouanymore,['Billie Eilish'],3,96.0,100.0,96.0,2,0.0,0
Billie Eilish & Khalid,Lovely,"['Billie Eilish', 'Khalid']",22,64.0,89.0,85.0,33,-1.9090909090909092,11
Billy Currington,Do I Make You Wanna,['Billy Currington'],19,47.0,79.0,100.0,7,-4.818181818181818,11
Billy Currington,It Don't Hurt Like It Used To,['Billy Currington'],17,44.0,97.0,91.0,9,-6.714285714285714,7
Bing Crosby With Ken Darby Singers & John Scott Trotter & His Orchestra,White Christmas (1947),"['Bing Crosby', 'Ken Darby Singers', 'John Scott Trotter & His Orchestra']",30,14.0,48.0,20.0,262,-0.05825242718446602,103
Bizarrap & Peso Pluma,"Bzrp Music Sessions, Vol. 55","['Bizarrap', 'Peso Pluma']",10,31.0,31.0,98.0,0,-7.444444444444445,9
Bizarrap & Quevedo,"Bzrp Music Sessions, Vol. 52","['Bizarrap', 'Quevedo']",10,79.0,98.0,99.0,11,-6.666666666666667,3
Bizarrap & Shakira,"Bzrp Music Sessions, Vol. 53","['Bizarrap', 'Shakira']",15,9.0,9.0,98.0,0,-5.933333333333334,15
Blac Youngsta,Booty,['Blac Youngsta'],5,73.0,81.0,93.0,1,-6.666666666666667,3
Black Eyed Peas X J Balvin,RITMO (Bad Boys For Life),"['Black Eyed Peas', 'J Balvin']",27,26.0,100.0,42.0,18,-1.7777777777777777,9
Black Eyed Peas X Shakira,Girl Like Me,"['Black Eyed Peas', 'Shakira']",13,67.0,87.0,98.0,6,-4.428571428571429,7
"Black Eyed Peas, Ozuna + J.Rey Soul",Mamacita,"['Black Eyed Peas', 'Ozuna', 'J.Rey Soul']",11,62.0,90.0,87.0,2,-3.125,8
Blackbear,Do Re Mi,['Blackbear'],25,40.0,87.0,44.0,25,-0.6666666666666666,6
Blackbear,Hot Girl Bummer,['Blackbear'],42,11.0,91.0,46.0,26,-2.3333333333333335,15
Blake Shelton,A Guy With A Girl,['Blake Shelton'],17,42.0,97.0,100.0,10,-9.666666666666666,6
Blake Shelton,Came Here To Forget,['Blake Shelton'],19,36.0,54.0,90.0,11,-7.714285714285714,7
Blake Shelton,Come Back As A Country Boy,['Blake Shelton'],13,81.0,91.0,94.0,13,-4.333333333333333,3
Blake Shelton,Every Time I Hear That Song,['Blake Shelton'],11,56.0,79.0,85.0,7,-9.666666666666666,3
Blake Shelton,God's Country,['Blake Shelton'],23,17.0,59.0,44.0,13,-3.0,9
Blake Shelton,Gonna,['Blake Shelton'],5,63.0,63.0,92.0,0,-7.25,4
Blake Shelton,I Lived It,['Blake Shelton'],18,63.0,99.0,100.0,15,-18.5,2
Blake Shelton,I'll Name The Dogs,['Blake Shelton'],19,56.0,73.0,98.0,15,-14.0,3
Blake Shelton,Minimum Wage,['Blake Shelton'],12,67.0,96.0,96.0,6,-5.8,5
Blake Shelton,She's Got A Way With Words,['Blake Shelton'],12,61.0,86.0,79.0,8,-6.0,3
Blake Shelton,Texas,['Blake Shelton'],9,61.0,97.0,93.0,7,-16.0,2
Blake Shelton Duet With Gwen Stefani,Nobody But You,"['Blake Shelton', 'Gwen Stefani']",25,18.0,79.0,43.0,17,-2.272727272727273,11
Blake Shelton Featuring Gwen Stefani,Happy Anywhere,"['Blake Shelton', 'Gwen Stefani']",22,32.0,56.0,32.0,23,0.0,0
Blanco Brown,The Git Up,['Blanco Brown'],20,14.0,66.0,53.0,6,-3.0,13
BlocBoy JB Featuring Drake,Look Alive,"['BlocBoy JB', 'Drake']",25,5.0,6.0,40.0,1,-1.5217391304347827,23
Blueface,Thotiana,['Blueface'],20,8.0,75.0,50.0,10,-4.666666666666667,9
Blueface & Rich The Kid,Daddy,"['Blueface', 'Rich The Kid']",4,78.0,89.0,95.0,2,-17.0,1
Blxst & Tyga Featuring Ty Dolla $ign,Chosen,"['Blxst', 'Tyga', 'Ty Dolla $ign']",21,51.0,98.0,60.0,14,-1.5,6
"Bobby ""Boris"" Pickett And The Crypt-Kickers",Monster Mash,"['Bobby ""Boris"" Pickett And The Crypt-Kickers']",5,21.0,37.0,21.0,209,0.0,0
Bobby Helms,Jingle Bell Rock,['Bobby Helms'],51,2.0,47.0,2.0,520,0.0,0
BossMan Dlow,Get In With Me,['BossMan Dlow'],20,49.0,68.0,97.0,3,-3.0,16
BossMan Dlow,Shake Dat Ass (Twerk Song),['BossMan Dlow'],14,54.0,93.0,81.0,6,-2.7,10
Brad Paisley,Country Nation,['Brad Paisley'],2,94.0,94.0,94.0,0,0.0,1
Brad Paisley,Today,['Brad Paisley'],11,67.0,70.0,89.0,18,-5.5,4
Brandon Lake X Jelly Roll,Hard Fought Hallelujah,"['Brandon Lake', 'Jelly Roll']",27,40.0,51.0,84.0,23,-2.588235294117647,17
Brantley Gilbert,The Weekend,['Brantley Gilbert'],20,64.0,95.0,69.0,14,-1.0,5
Brantley Gilbert + Lindsay Ell,What Happens In A Small Town,"['Brantley Gilbert', 'Lindsay Ell']",14,53.0,97.0,93.0,13,-40.0,1
Brenda Lee,Rockin' Around The Christmas Tree,['Brenda Lee'],56,1.0,38.0,3.0,414,-0.018691588785046728,107
Brent Faiyaz,All Mine,['Brent Faiyaz'],20,42.0,42.0,100.0,0,-2.5217391304347827,23
"Brent Faiyaz & DJ Dahi Featuring Tyler, The Creator",Gravity,"['Brent Faiyaz', 'DJ Dahi', 'Tyler, The Creator']",2,71.0,71.0,74.0,0,-0.04,75
Brent Faiyaz Featuring Drake,Wasting Time,"['Brent Faiyaz', 'Drake']",3,49.0,49.0,98.0,0,-0.9245283018867925,53
Brett Eldredge,Drunk On Your Love,['Brett Eldredge'],15,35.0,94.0,83.0,11,-16.0,3
Brett Eldredge,Love Someone,['Brett Eldredge'],10,52.0,93.0,88.0,7,-18.0,2
Brett Eldredge,The Long Way,['Brett Eldredge'],12,65.0,93.0,85.0,8,-6.666666666666667,3
Brett Eldredge,Wanna Be That Song,['Brett Eldredge'],20,46.0,98.0,90.0,13,-7.333333333333333,6
Brett Young,Catch,['Brett Young'],17,29.0,96.0,96.0,10,-7.444444444444445,9
Brett Young,Here Tonight,['Brett Young'],20,42.0,91.0,98.0,15,-11.2,5
Brett Young,In Case You Didn't Know,['Brett Young'],28,19.0,94.0,45.0,15,-2.1666666666666665,12
Brett Young,Lady,['Brett Young'],19,52.0,97.0,98.0,11,-5.75,8
Brett Young,Like I Loved You,['Brett Young'],19,46.0,95.0,66.0,13,-4.0,5
Brett Young,Mercy,['Brett Young'],20,29.0,97.0,78.0,14,-9.8,5
Brett Young,Sleep Without You,['Brett Young'],18,47.0,89.0,75.0,10,-4.0,7
Brett Young,You Didn't,['Brett Young'],12,63.0,100.0,95.0,4,-2.909090909090909,11
Britney Spears Featuring G-Eazy,Make Me...,"['Britney Spears', 'G-Eazy']",9,17.0,17.0,76.0,0,-7.375,8
Brothers Osborne,It Ain't My Fault,['Brothers Osborne'],16,79.0,100.0,88.0,9,-1.2857142857142858,7
Brothers Osborne,Stay A Little Longer,['Brothers Osborne'],10,46.0,58.0,76.0,5,-7.5,4
Bruno Mars,24K Magic,['Bruno Mars'],41,4.0,5.0,50.0,6,-1.3529411764705883,34
Bruno Mars,That's What I Like,['Bruno Mars'],51,1.0,79.0,38.0,22,-1.0277777777777777,36
Bruno Mars,Versace On The Floor,['Bruno Mars'],14,33.0,98.0,83.0,38,-12.5,4
Bruno Mars & Cardi B,Finesse,"['Bruno Mars', 'Cardi B']",23,3.0,35.0,50.0,1,-2.238095238095238,21
Bryan Martin,We Ride,['Bryan Martin'],18,56.0,96.0,100.0,16,-11.0,4
Bryce Vine,Drew Barrymore,['Bryce Vine'],14,46.0,91.0,99.0,2,-4.818181818181818,11
Bryce Vine Featuring YG,La La Land,"['Bryce Vine', 'YG']",11,75.0,92.0,98.0,7,-7.666666666666667,3
Bryson Gray Featuring Tyson James & Chandler Crump,Let's Go Brandon,"['Bryson Gray', 'Tyson James', 'Chandler Crump']",2,28.0,28.0,99.0,0,-71.0,1
Bryson Tiller,Don't,['Bryson Tiller'],23,13.0,20.0,49.0,4,-2.0,18
Bryson Tiller,Exchange,['Bryson Tiller'],27,26.0,48.0,46.0,12,-1.4285714285714286,14
Bryson Tiller,Sorry Not Sorry,['Bryson Tiller'],15,67.0,95.0,99.0,5,-3.5555555555555554,9
Bryson Tiller,Whatever She Wants,['Bryson Tiller'],20,19.0,32.0,55.0,2,-2.1176470588235294,17
Burl Ives,A Holly Jolly Christmas,['Burl Ives'],49,4.0,46.0,16.0,156,-0.038461538461538464,312
Burna Boy,Last Last,['Burna Boy'],19,44.0,86.0,94.0,12,-8.333333333333334,6
Burna Boy,Sittin' On Top Of The World,['Burna Boy'],3,80.0,80.0,97.0,0,-8.5,2
CHRYSTAL,The Days,['CHRYSTAL'],6,83.0,97.0,99.0,2,-1.1428571428571428,14
CJ,Whoopty,['CJ'],22,10.0,97.0,48.0,12,-4.222222222222222,9
CKay,Love Nwantiti (Ah Ah Ah),['CKay'],29,26.0,80.0,48.0,18,-2.2,10
Calboy,Envy Me,['Calboy'],27,31.0,91.0,47.0,18,-2.0,8
Calle 24 x Chino Pacas x Fuerza Regida,Que Onda,"['Calle 24', 'Chino Pacas', 'Fuerza Regida']",19,61.0,61.0,91.0,0,-1.3636363636363635,22
Calum Scott,Dancing On My Own,['Calum Scott'],2,93.0,94.0,93.0,4,0.0,0
Calvin Harris,My Way,['Calvin Harris'],10,24.0,24.0,74.0,0,-5.555555555555555,9
Calvin Harris & Dua Lipa,One Kiss,"['Calvin Harris', 'Dua Lipa']",21,26.0,62.0,43.0,14,-2.8333333333333335,6
Calvin Harris & Sam Smith,Promises,"['Calvin Harris', 'Sam Smith']",12,65.0,65.0,88.0,0,-2.090909090909091,11
Calvin Harris Featuring Frank Ocean & Migos,Slide,"['Calvin Harris', 'Frank Ocean', 'Migos']",20,25.0,34.0,45.0,11,-2.5,8
Calvin Harris Featuring Future & Khalid,Rollin,"['Calvin Harris', 'Future', 'Khalid']",4,62.0,62.0,97.0,0,-3.888888888888889,9
Calvin Harris Featuring Kehlani & Lil Yachty,Faking It,"['Calvin Harris', 'Kehlani', 'Lil Yachty']",4,94.0,100.0,100.0,1,-3.0,2
"Calvin Harris Featuring Pharrell Williams, Katy Perry & Big Sean",Feels,"['Calvin Harris', 'Pharrell Williams', 'Katy Perry', 'Big Sean']",18,20.0,51.0,94.0,8,-8.222222222222221,9
Calvin Harris Featuring Rihanna,This Is What You Came For,"['Calvin Harris', 'Rihanna']",32,3.0,9.0,36.0,11,-1.65,20
Calvin Harris X The Weeknd,Over Now,"['Calvin Harris', 'The Weeknd']",5,38.0,38.0,84.0,0,-11.5,4
"Calvin Harris, Dua Lipa & Young Thug",Potion,"['Calvin Harris', 'Dua Lipa', 'Young Thug']",3,71.0,71.0,98.0,0,-13.5,2
Cam,Burning House,['Cam'],3,29.0,29.0,44.0,0,-7.5,2
Camila Cabello,Consequences,['Camila Cabello'],12,51.0,97.0,72.0,8,-7.0,3
Camila Cabello,Crying In The Club,['Camila Cabello'],9,47.0,47.0,73.0,0,-3.25,8
Camila Cabello,Don't Go Yet,['Camila Cabello'],9,42.0,42.0,100.0,0,-7.25,8
Camila Cabello,I'll Be Home For Christmas,['Camila Cabello'],4,71.0,97.0,74.0,2,-3.0,1
Camila Cabello,Liar,['Camila Cabello'],11,52.0,56.0,72.0,6,-5.0,4
Camila Cabello,Never Be The Same,['Camila Cabello'],36,6.0,61.0,42.0,19,-2.1176470588235294,17
Camila Cabello,Shameless,['Camila Cabello'],3,60.0,60.0,97.0,0,-18.5,2
Camila Cabello Featuring DaBaby,My Oh My,"['Camila Cabello', 'DaBaby']",27,12.0,82.0,40.0,18,-3.5,8
Camila Cabello Featuring Ed Sheeran,Bam Bam,"['Camila Cabello', 'Ed Sheeran']",20,21.0,23.0,93.0,7,-6.0,12
Camila Cabello Featuring Young Thug,Havana,"['Camila Cabello', 'Young Thug']",45,1.0,99.0,39.0,22,-1.6521739130434783,23
Capella Grey,Gyalis,['Capella Grey'],19,38.0,95.0,77.0,9,-4.333333333333333,9
Cardi B,Be Careful,['Cardi B'],20,11.0,16.0,64.0,1,-2.9444444444444446,18
Cardi B,Bickenhead,['Cardi B'],2,43.0,43.0,68.0,0,-25.0,1
Cardi B,Bodak Yellow (Money Moves),['Cardi B'],34,1.0,85.0,40.0,11,-1.7727272727272727,22
Cardi B,Bodega Baddie,['Cardi B'],2,53.0,53.0,89.0,0,-36.0,1
Cardi B,Enough (Miami),['Cardi B'],14,9.0,9.0,89.0,0,-6.153846153846154,13
Cardi B,ErrTime,['Cardi B'],12,43.0,65.0,83.0,1,-3.6363636363636362,11
Cardi B,Get Up 10,['Cardi B'],2,38.0,38.0,77.0,0,-39.0,1
Cardi B,Hello,['Cardi B'],2,46.0,46.0,76.0,0,-30.0,1
Cardi B,Imaginary Playerz,['Cardi B'],2,66.0,70.0,66.0,5,0.0,0
Cardi B,Like What (Freestyle),['Cardi B'],3,38.0,38.0,91.0,0,-26.5,2
Cardi B,Magnet,['Cardi B'],4,37.0,37.0,100.0,0,-21.0,3
Cardi B,Money,['Cardi B'],26,13.0,54.0,50.0,1,-1.5416666666666667,24
Cardi B,Money Bag,['Cardi B'],2,58.0,58.0,87.0,0,-29.0,1
Cardi B,Outside,['Cardi B'],19,10.0,10.0,99.0,0,-4.944444444444445,18
Cardi B,Press,['Cardi B'],16,16.0,16.0,90.0,0,-4.933333333333334,15
Cardi B,Pretty & Petty,['Cardi B'],4,43.0,43.0,94.0,0,-17.0,3
Cardi B,Thru Your Phone,['Cardi B'],3,50.0,50.0,99.0,0,-24.5,2
Cardi B,Up,['Cardi B'],20,1.0,2.0,44.0,5,-3.0714285714285716,14
Cardi B & Bruno Mars,Please Me,"['Cardi B', 'Bruno Mars']",20,3.0,5.0,72.0,2,-4.0588235294117645,17
Cardi B & Megan Thee Stallion,Bongos,"['Cardi B', 'Megan Thee Stallion']",11,14.0,14.0,97.0,0,-8.3,10
Cardi B & YG,She Bad,"['Cardi B', 'YG']",2,57.0,57.0,90.0,0,-33.0,1
Cardi B Featuring 21 Savage,Bartier Cardi,"['Cardi B', '21 Savage']",20,14.0,14.0,81.0,0,-3.526315789473684,19
Cardi B Featuring Chance the Rapper,Best Life,"['Cardi B', 'Chance the Rapper']",3,39.0,39.0,100.0,0,-30.5,2
Cardi B Featuring Kehlani,Ring,"['Cardi B', 'Kehlani']",20,28.0,28.0,58.0,0,-0.8823529411764706,34
Cardi B Featuring Kehlani,Safe,"['Cardi B', 'Kehlani']",10,26.0,26.0,93.0,0,-7.444444444444445,9
Cardi B Featuring Lizzo,What's Goin On,"['Cardi B', 'Lizzo']",2,63.0,63.0,92.0,0,-29.0,1
Cardi B Featuring Megan Thee Stallion,WAP,"['Cardi B', 'Megan Thee Stallion']",24,1.0,1.0,50.0,0,-2.130434782608696,23
Cardi B Featuring Migos,Drip,"['Cardi B', 'Migos']",10,21.0,21.0,96.0,0,-8.333333333333334,9
Cardi B Featuring SZA,I Do,"['Cardi B', 'SZA']",5,23.0,23.0,96.0,0,-18.25,4
Cardi B Featuring Selena Gomez,Pick It Up,"['Cardi B', 'Selena Gomez']",2,45.0,45.0,93.0,0,-48.0,1
Cardi B Featuring Summer Walker,Dead,"['Cardi B', 'Summer Walker']",2,47.0,47.0,88.0,0,-41.0,1
"Cardi B, Bad Bunny & J Balvin",I Like It,"['Cardi B', 'Bad Bunny', 'J Balvin']",51,1.0,8.0,45.0,11,-1.1282051282051282,39
"Cardi B, Ye & Lil Durk",Hot Shit,"['Cardi B', 'Ye', 'Lil Durk']",12,13.0,13.0,94.0,0,-7.363636363636363,11
Carin Leon,Primera Cita,['Carin Leon'],2,97.0,97.0,99.0,0,-2.0,1
Carin Leon X Grupo Frontera,Que Vuelvas,"['Carin Leon', 'Grupo Frontera']",20,50.0,83.0,73.0,3,-1.4375,16
Carly Pearce,Every Little Thing,['Carly Pearce'],17,50.0,94.0,84.0,11,-6.8,5
Carly Pearce,Next Girl,['Carly Pearce'],4,86.0,100.0,96.0,2,-3.3333333333333335,3
Carly Pearce,What He Didn't Do,['Carly Pearce'],17,37.0,99.0,97.0,24,-20.0,3
Carly Pearce & Ashley McBryde,Never Wanted To Be That Girl,"['Carly Pearce', 'Ashley McBryde']",20,63.0,99.0,89.0,13,-3.7142857142857144,7
Carly Pearce & Lee Brice,I Hope You're Happy Now,"['Carly Pearce', 'Lee Brice']",25,27.0,93.0,45.0,21,-6.0,3
Carly Pearce Featuring Chris Stapleton,We Don't Fight Anymore,"['Carly Pearce', 'Chris Stapleton']",12,67.0,99.0,92.0,9,-1.0416666666666667,24
"Carolina Gaitan, Mauro Castillo, Adassa, Rhenzy Feliz, Diane Guerrero, Stephanie Beatriz & Encanto Cast",We Don't Talk About Bruno,"['Carolina Gaitan', 'Mauro Castillo', 'Adassa', 'Rhenzy Feliz', 'Diane Guerrero', 'Stephanie Beatriz', 'Encanto Cast']",20,1.0,50.0,70.0,4,-4.6,15
Carrie Underwood,Church Bells,['Carrie Underwood'],17,43.0,90.0,99.0,6,-5.6,10
Carrie Underwood,Cry Pretty,['Carrie Underwood'],12,48.0,48.0,90.0,0,-1.9090909090909092,22
Carrie Underwood,Dirty Laundry,['Carrie Underwood'],16,48.0,73.0,90.0,11,-10.5,4
Carrie Underwood,Drinking Alone,['Carrie Underwood'],7,74.0,97.0,88.0,6,-14.0,1
Carrie Underwood,Favorite Time Of Year,['Carrie Underwood'],4,62.0,95.0,62.0,3,0.0,0
Carrie Underwood,Ghost Story,['Carrie Underwood'],20,61.0,72.0,87.0,12,-1.625,16
Carrie Underwood,Heartbeat,['Carrie Underwood'],14,42.0,76.0,95.0,6,-7.571428571428571,7
Carrie Underwood,Love Wins,['Carrie Underwood'],10,83.0,83.0,100.0,0,-1.4166666666666667,12
Carrie Underwood,Silent Night,['Carrie Underwood'],2,94.0,100.0,94.0,2,0.0,0
Carrie Underwood,Smoke Break,['Carrie Underwood'],3,87.0,97.0,95.0,2,-8.0,1
Carrie Underwood,Southbound,['Carrie Underwood'],13,64.0,96.0,88.0,11,-24.0,1
Carrie Underwood & John Legend,Hallelujah,"['Carrie Underwood', 'John Legend']",3,54.0,96.0,54.0,2,0.0,0
Carrie Underwood Featuring Ludacris,The Champion,"['Carrie Underwood', 'Ludacris']",3,47.0,47.0,70.0,0,-3.2857142857142856,7
"Casper Magico, Nio Garcia, Darell, Nicky Jam, Ozuna & Bad Bunny",Te Bote,"['Casper Magico', 'Nio Garcia', 'Darell', 'Nicky Jam', 'Ozuna', 'Bad Bunny']",21,36.0,74.0,50.0,5,-0.9333333333333333,15
Central Cee & Lil Baby,BAND4BAND,"['Central Cee', 'Lil Baby']",17,18.0,22.0,86.0,1,-4.533333333333333,15
Central Cee Featuring 21 Savage,GBP,"['Central Cee', '21 Savage']",2,81.0,92.0,81.0,1,0.0,0
Chance the Rapper Featuring Lil Wayne & 2 Chainz,No Problem,"['Chance the Rapper', 'Lil Wayne', '2 Chainz']",26,43.0,86.0,43.0,22,0.0,4
Chance the Rapper Featuring MadeinTYO & DaBaby,Hot Shower,"['Chance the Rapper', 'MadeinTYO', 'DaBaby']",8,58.0,58.0,96.0,0,-2.375,16
Chappell Roan,Casual,['Chappell Roan'],16,59.0,82.0,76.0,7,-2.125,8
Chappell Roan,Femininomenon,['Chappell Roan'],9,66.0,96.0,89.0,3,-4.6,5
Chappell Roan,"Good Luck, Babe!",['Chappell Roan'],52,4.0,77.0,39.0,23,-1.206896551724138,29
Chappell Roan,Hot To Go!,['Chappell Roan'],25,15.0,80.0,29.0,16,-1.75,8
Chappell Roan,My Kink Is Karma,['Chappell Roan'],5,81.0,91.0,97.0,1,-3.2,5
Chappell Roan,Pink Pony Club,['Chappell Roan'],68,4.0,90.0,20.0,43,-0.6666666666666666,24
Chappell Roan,Red Wine Supernova,['Chappell Roan'],20,41.0,75.0,84.0,10,-4.777777777777778,9
Chappell Roan,The Giver,['Chappell Roan'],8,5.0,5.0,43.0,0,-2.533333333333333,15
Chappell Roan,The Subway,['Chappell Roan'],13,3.0,3.0,95.0,0,-7.666666666666667,12
Charli xcx,360,['Charli xcx'],20,41.0,73.0,77.0,8,-3.272727272727273,11
Charli xcx,Apple,['Charli xcx'],20,51.0,81.0,74.0,3,-1.15,20
Charli xcx,Party 4 U,['Charli xcx'],21,55.0,95.0,86.0,2,-1.7222222222222223,18
Charli xcx,Speed Drive,['Charli xcx'],5,73.0,73.0,82.0,0,-2.25,4
Charli xcx Featuring Ariana Grande,Sympathy Is A Knife,"['Charli xcx', 'Ariana Grande']",2,36.0,36.0,85.0,0,-49.0,1
Charli xcx Featuring Billie Eilish,Guess,"['Charli xcx', 'Billie Eilish']",13,12.0,12.0,88.0,0,-2.814814814814815,27
Charli xcx With Lorde,"Girl, So Confusing","['Charli xcx', 'Lorde']",2,63.0,63.0,99.0,0,-36.0,1
Charlie Puth,Attention,['Charlie Puth'],39,5.0,68.0,48.0,15,-1.8695652173913044,23
Charlie Puth,How Long,['Charlie Puth'],23,21.0,60.0,48.0,14,-3.375,8
Charlie Puth,Light Switch,['Charlie Puth'],15,27.0,42.0,88.0,6,-7.625,8
Charlie Puth,One Call Away,['Charlie Puth'],24,12.0,60.0,46.0,9,-2.4285714285714284,14
Charlie Puth,The Way I Am,['Charlie Puth'],7,61.0,87.0,84.0,4,-11.5,2
Charlie Puth Featuring Jung Kook,Left And Right,"['Charlie Puth', 'Jung Kook']",17,22.0,22.0,85.0,0,-3.9375,16
Charlie Puth Featuring Kehlani,Done For Me,"['Charlie Puth', 'Kehlani']",9,53.0,74.0,78.0,1,-3.5714285714285716,7
Charlie Puth Featuring Selena Gomez,We Don't Talk Anymore,"['Charlie Puth', 'Selena Gomez']",24,9.0,78.0,49.0,33,-5.0,8
Chase Bryant,Little Bit Of You,['Chase Bryant'],11,71.0,99.0,88.0,9,-17.0,1
Chase Matthew,Darlin',['Chase Matthew'],13,52.0,98.0,99.0,7,-9.4,5
Chase Rice,Eyes On You,['Chase Rice'],20,38.0,84.0,88.0,10,-5.555555555555555,9
Chase Rice,Lonely If You Are,['Chase Rice'],6,91.0,100.0,94.0,4,-3.0,1
Chase Rice Featuring Florida Georgia Line,Drinkin' Beer. Talkin' God. Amen.,"['Chase Rice', 'Florida Georgia Line']",20,24.0,75.0,73.0,9,-4.9,10
Chayce Beckham,23,['Chayce Beckham'],20,45.0,71.0,96.0,11,-6.375,8
Cheat Codes Featuring Demi Lovato,No Promises,"['Cheat Codes', 'Demi Lovato']",23,38.0,95.0,49.0,20,-5.5,2
Cher,DJ Play A Christmas Song,['Cher'],2,90.0,94.0,90.0,1,0.0,0
Childish Gambino,Feels Like Summer,['Childish Gambino'],2,54.0,54.0,93.0,0,-39.0,1
Childish Gambino,Lithonia,['Childish Gambino'],3,69.0,97.0,90.0,2,-21.0,1
Childish Gambino,Me And Your Mama,['Childish Gambino'],2,68.0,69.0,68.0,3,0.0,0
Childish Gambino,Redbone,['Childish Gambino'],44,12.0,75.0,50.0,36,-4.222222222222222,9
Childish Gambino,Summertime Magic,['Childish Gambino'],5,44.0,44.0,100.0,0,-8.0,7
Childish Gambino,This Is America,['Childish Gambino'],17,1.0,1.0,100.0,0,-6.1875,16
"China Anne McClain, Thomas Doherty & Dylan Playfair",What's My Name,"['China Anne McClain', 'Thomas Doherty', 'Dylan Playfair']",3,61.0,61.0,85.0,0,-12.0,2
Chino Pacas,El Gordo Trae El Mando,['Chino Pacas'],13,58.0,84.0,94.0,7,-7.2,5
Chloe,Have Mercy,['Chloe'],20,28.0,28.0,83.0,0,-2.8947368421052633,19
Chloe,Winter Wonderland,['Chloe'],2,87.0,96.0,87.0,1,0.0,0
Chloe X Halle,Do It,"['Chloe', 'Halle']",11,63.0,83.0,95.0,12,-4.571428571428571,7
Chris Brown,Back To Sleep,['Chris Brown'],20,20.0,64.0,70.0,11,-6.25,8
Chris Brown,Grass Ain't Greener,['Chris Brown'],4,71.0,71.0,96.0,0,-8.333333333333334,3
Chris Brown,Iffy,['Chris Brown'],8,71.0,71.0,98.0,0,-3.857142857142857,7
Chris Brown,Liquor,['Chris Brown'],2,77.0,77.0,89.0,0,-12.0,1
Chris Brown,Privacy,['Chris Brown'],17,62.0,87.0,97.0,8,-4.375,8
Chris Brown,Questions,['Chris Brown'],13,78.0,90.0,94.0,11,-8.0,2
Chris Brown,Residuals,['Chris Brown'],35,40.0,97.0,52.0,24,-0.8571428571428571,14
Chris Brown,Summer Too Hot,['Chris Brown'],4,93.0,93.0,95.0,0,-0.6666666666666666,3
Chris Brown,Tempo,['Chris Brown'],4,88.0,96.0,88.0,4,0.0,0
Chris Brown,Undecided,['Chris Brown'],12,35.0,35.0,91.0,0,-5.090909090909091,11
Chris Brown,Under The Influence,['Chris Brown'],41,12.0,36.0,49.0,17,-1.608695652173913,23
Chris Brown,Zero,['Chris Brown'],2,80.0,80.0,95.0,0,-15.0,1
Chris Brown & Young Thug,Go Crazy,"['Chris Brown', 'Young Thug']",52,3.0,76.0,28.0,41,-2.5,10
Chris Brown Featuring Bryson Tiller,It Depends,"['Chris Brown', 'Bryson Tiller']",21,16.0,43.0,52.0,12,-4.5,8
Chris Brown Featuring Davido & Lojay,Sensational,"['Chris Brown', 'Davido', 'Lojay']",8,71.0,96.0,89.0,6,-6.0,3
Chris Brown Featuring Drake,No Guidance,"['Chris Brown', 'Drake']",46,5.0,9.0,48.0,15,-1.4333333333333333,30
Chris Brown Featuring Future & Young Thug,High End,"['Chris Brown', 'Future', 'Young Thug']",2,82.0,82.0,100.0,0,-9.0,2
Chris Brown Featuring Gunna,Heat,"['Chris Brown', 'Gunna']",20,36.0,77.0,59.0,10,-2.5555555555555554,9
Chris Brown Featuring Usher & Gucci Mane,Party,"['Chris Brown', 'Usher', 'Gucci Mane']",20,40.0,58.0,80.0,5,-2.857142857142857,14
"Chris Brown Featuring Yo Gotti, A Boogie wit da Hoodie & Kodak Black",Pills And Automobiles,"['Chris Brown', 'Yo Gotti', 'A Boogie wit da Hoodie', 'Kodak Black']",19,46.0,98.0,53.0,9,-0.7777777777777778,9
Chris Janson,Done,['Chris Janson'],12,41.0,92.0,94.0,7,-13.25,4
Chris Janson,Drunk Girl,['Chris Janson'],10,79.0,86.0,79.0,9,0.0,0
Chris Janson,Fix A Drink,['Chris Janson'],14,67.0,98.0,90.0,11,-5.75,4
Chris Janson,Good Vibes,['Chris Janson'],13,48.0,90.0,92.0,6,-7.333333333333333,6
Chris Lane,"Big, Big Plans",['Chris Lane'],20,42.0,93.0,89.0,7,-3.6153846153846154,13
Chris Lane,Fix,['Chris Lane'],12,65.0,99.0,82.0,7,-4.25,4
Chris Lane,For Her,['Chris Lane'],4,92.0,99.0,92.0,3,0.0,0
Chris Lane,I Don't Know About You,['Chris Lane'],20,39.0,98.0,80.0,11,-5.125,8
Chris Lane Featuring Tori Kelly,Take Back Home Girl,"['Chris Lane', 'Tori Kelly']",12,55.0,92.0,93.0,17,-12.666666666666666,3
Chris Stapleton,Broken Halos,['Chris Stapleton'],20,45.0,93.0,82.0,46,-9.25,4
Chris Stapleton,Either Way,['Chris Stapleton'],2,89.0,89.0,97.0,0,-4.0,2
Chris Stapleton,Millionaire,['Chris Stapleton'],17,47.0,96.0,95.0,18,-24.0,2
Chris Stapleton,Nobody To Blame,['Chris Stapleton'],15,68.0,97.0,80.0,13,-12.0,1
Chris Stapleton,Parachute,['Chris Stapleton'],5,78.0,99.0,90.0,6,-6.0,2
Chris Stapleton,Starting Over,['Chris Stapleton'],34,25.0,57.0,45.0,11,-0.9090909090909091,22
Chris Stapleton,Tennessee Whiskey,['Chris Stapleton'],2,90.0,100.0,90.0,13,0.0,0
Chris Stapleton,Think I'm In Love With You,['Chris Stapleton'],40,49.0,91.0,64.0,6,-0.4166666666666667,36
Chris Stapleton,White Horse,['Chris Stapleton'],29,12.0,31.0,31.0,16,-1.5833333333333333,12
Chris Stapleton,You Should Probably Leave,['Chris Stapleton'],36,28.0,90.0,44.0,29,-2.6666666666666665,6
Chris Young,Hangin' On,['Chris Young'],13,63.0,97.0,79.0,8,-4.0,4
Chris Young,Losing Sleep,['Chris Young'],19,60.0,94.0,71.0,17,-11.0,1
Chris Young,Raised On Country,['Chris Young'],13,54.0,97.0,90.0,9,-12.0,3
Chris Young + Kane Brown,Famous Friends,"['Chris Young', 'Kane Brown']",22,21.0,94.0,43.0,13,-2.4444444444444446,9
Chris Young Duet With Cassadee Pope,Think Of You,"['Chris Young', 'Cassadee Pope']",20,40.0,86.0,87.0,8,-4.2727272727272725,11
Chris Young Featuring Vince Gill,Sober Saturday Night,"['Chris Young', 'Vince Gill']",11,47.0,92.0,86.0,6,-9.75,4
Chris Young With Mitchell Tenpenny,At The End Of A Bar,"['Chris Young', 'Mitchell Tenpenny']",6,75.0,94.0,75.0,5,0.0,0
Chuck Berry,Run Rudolph Run,['Chuck Berry'],27,10.0,45.0,19.0,104,-0.03461538461538462,260
Chuckyy,My World,['Chuckyy'],2,79.0,79.0,91.0,0,-12.0,1
Ciara,Level Up,['Ciara'],6,59.0,77.0,91.0,1,-8.0,4
Cico P,Tampa,['Cico P'],2,91.0,97.0,91.0,1,0.0,0
City Girls,Act Up,['City Girls'],21,26.0,77.0,40.0,14,-2.3333333333333335,6
City Girls,Twerkulator,['City Girls'],9,51.0,51.0,98.0,0,-4.2727272727272725,11
City Girls & Usher,Good Love,"['City Girls', 'Usher']",5,70.0,70.0,100.0,0,-2.0,15
City Girls Featuring Cardi B,Twerk,"['City Girls', 'Cardi B']",13,29.0,92.0,83.0,9,-5.4,10
Clean Bandit Featuring Demi Lovato,Solo,"['Clean Bandit', 'Demi Lovato']",13,58.0,97.0,99.0,5,-5.125,8
Clean Bandit Featuring Sean Paul & Anne-Marie,Rockabye,"['Clean Bandit', 'Sean Paul', 'Anne-Marie']",27,9.0,100.0,49.0,13,-3.076923076923077,13
Clipse Featuring Kendrick Lamar,Chains & Whips,"['Clipse', 'Kendrick Lamar']",2,42.0,42.0,86.0,0,-44.0,1
Cochise & $NOT,Tell Em,"['Cochise', '$NOT']",4,64.0,64.0,100.0,0,-7.2,5
Coco Jones,ICU,['Coco Jones'],20,62.0,88.0,90.0,17,-7.0,4
Cody Johnson,'Til You Can't,['Cody Johnson'],36,18.0,94.0,45.0,23,-2.25,12
Cody Johnson,Dirt Cheap,['Cody Johnson'],20,43.0,92.0,54.0,11,-1.2222222222222223,9
Cody Johnson,Human,['Cody Johnson'],19,61.0,94.0,79.0,17,-6.0,3
Cody Johnson,On My Way To You,['Cody Johnson'],16,78.0,91.0,88.0,19,-10.0,1
Cody Johnson,The Fall,['Cody Johnson'],12,68.0,86.0,70.0,6,-0.4,5
Cody Johnson,The Painter,['Cody Johnson'],23,25.0,55.0,49.0,28,-12.0,2
Cody Johnson,Travelin' Soldier,['Cody Johnson'],6,12.0,12.0,91.0,0,-15.8,5
Cody Johnson & Carrie Underwood,I'm Gonna Love You,"['Cody Johnson', 'Carrie Underwood']",26,37.0,42.0,49.0,23,-6.0,2
Coi Leray,Players,['Coi Leray'],26,9.0,98.0,50.0,11,-2.9285714285714284,14
Coi Leray & Nicki Minaj,Blick Blick!,"['Coi Leray', 'Nicki Minaj']",4,37.0,37.0,98.0,0,-15.25,4
Coi Leray & Pooh Shiesty,Big Purr (Prrdd),"['Coi Leray', 'Pooh Shiesty']",3,69.0,69.0,89.0,0,-10.0,2
Coi Leray Featuring Lil Durk,No More Parties,"['Coi Leray', 'Lil Durk']",20,26.0,84.0,74.0,5,-3.4285714285714284,14
Coldplay,Adventure Of A Lifetime,['Coldplay'],15,13.0,44.0,76.0,8,-10.5,6
Coldplay,Higher Power,['Coldplay'],2,53.0,53.0,95.0,0,-42.0,1
Coldplay,Hymn For The Weekend,['Coldplay'],23,25.0,68.0,41.0,33,-2.6666666666666665,6
Coldplay,Sparks,['Coldplay'],20,74.0,93.0,97.0,17,-3.8333333333333335,6
Coldplay x BTS,My Universe,"['Coldplay', 'BTS']",17,1.0,1.0,92.0,0,-5.6875,16
Cole Swindell,Break Up In The End,['Cole Swindell'],17,49.0,98.0,95.0,25,-4.6,10
Cole Swindell,Flatliner,['Cole Swindell'],18,56.0,100.0,88.0,16,-10.666666666666666,3
Cole Swindell,Love You Too Late,['Cole Swindell'],14,49.0,94.0,86.0,11,-18.5,2
Cole Swindell,Middle Of A Memory,['Cole Swindell'],20,46.0,99.0,80.0,12,-4.857142857142857,7
Cole Swindell,She Had Me At Heads Carolina,['Cole Swindell'],36,16.0,86.0,45.0,16,-1.2608695652173914,23
Cole Swindell,Single Saturday Night,['Cole Swindell'],20,26.0,95.0,89.0,9,-6.3,10
Cole Swindell,You Should Be Here,['Cole Swindell'],20,31.0,69.0,72.0,15,-10.25,4
Cole Swindell / Lainey Wilson,Never Say Never,"['Cole Swindell', 'Lainey Wilson']",20,27.0,79.0,68.0,12,-5.857142857142857,7
Conan Gray,Heather,['Conan Gray'],15,46.0,61.0,95.0,3,-3.769230769230769,13
Conner Smith,Creek Will Rise,['Conner Smith'],2,89.0,89.0,97.0,0,-1.6,5
Corey Kent,This Heart,['Corey Kent'],3,82.0,82.0,92.0,0,-5.0,2
Corey Kent,Wild As Her,['Corey Kent'],32,40.0,89.0,48.0,46,-8.0,1
Cris Mj,Si No Es Contigo,['Cris Mj'],4,72.0,72.0,84.0,0,-0.5714285714285714,21
Cynthia Erivo,I'm Not That Girl,['Cynthia Erivo'],2,94.0,94.0,98.0,0,-4.0,1
Cynthia Erivo,No Good Deed,['Cynthia Erivo'],2,56.0,56.0,97.0,0,-41.0,1
Cynthia Erivo & Ariana Grande,For Good,"['Cynthia Erivo', 'Ariana Grande']",2,43.0,43.0,96.0,0,-53.0,1
Cynthia Erivo Featuring Ariana Grande,Defying Gravity,"['Cynthia Erivo', 'Ariana Grande']",10,44.0,44.0,95.0,0,-5.666666666666667,9
Cynthia Erivo Featuring Michelle Yeoh,The Wizard And I,"['Cynthia Erivo', 'Michelle Yeoh']",2,92.0,93.0,92.0,1,0.0,0
D.R.A.M. Featuring Lil Yachty,Broccoli,"['D.R.A.M.', 'Lil Yachty']",37,5.0,87.0,47.0,18,-2.3333333333333335,18
DDG,Moonwalking In Calabasas,['DDG'],11,81.0,98.0,93.0,8,-4.0,3
"DJ Drama Featuring Chris Brown, Skeme & Lyquin",Wishing,"['DJ Drama', 'Chris Brown', 'Skeme', 'Lyquin']",14,77.0,95.0,98.0,7,-3.5,6
DJ Esco Featuring Future & Lil Uzi Vert,Too Much Sauce,"['DJ Esco', 'Future', 'Lil Uzi Vert']",20,50.0,94.0,50.0,19,0.0,0
DJ Khaled Featuring Beyonce & JAY Z,Shining,"['DJ Khaled', 'Beyonce', 'JAY Z']",14,57.0,62.0,98.0,1,-2.2777777777777777,18
DJ Khaled Featuring Cardi B & 21 Savage,Wish Wish,"['DJ Khaled', 'Cardi B', '21 Savage']",15,19.0,19.0,100.0,0,-3.6818181818181817,22
DJ Khaled Featuring Drake,For Free,"['DJ Khaled', 'Drake']",20,13.0,18.0,47.0,8,-3.090909090909091,11
DJ Khaled Featuring Drake,Greece,"['DJ Khaled', 'Drake']",15,8.0,8.0,91.0,0,-5.928571428571429,14
DJ Khaled Featuring Drake,Popstar,"['DJ Khaled', 'Drake']",19,3.0,3.0,96.0,0,-5.166666666666667,18
DJ Khaled Featuring Drake,To The Max,"['DJ Khaled', 'Drake']",4,53.0,53.0,73.0,0,-6.666666666666667,3
DJ Khaled Featuring Drake & Lil Baby,Staying Alive,"['DJ Khaled', 'Drake', 'Lil Baby']",14,5.0,5.0,100.0,0,-7.3076923076923075,13
DJ Khaled Featuring Future & SZA,Beautiful,"['DJ Khaled', 'Future', 'SZA']",2,29.0,29.0,73.0,0,-44.0,1
"DJ Khaled Featuring JAY Z, Future & B",Top Off,"['DJ Khaled', 'JAY Z', 'Future', 'B']",7,22.0,22.0,94.0,0,-12.0,6
DJ Khaled Featuring Jay Z & Future,I Got The Keys,"['DJ Khaled', 'Jay Z', 'Future']",17,30.0,56.0,96.0,3,-5.076923076923077,13
DJ Khaled Featuring Justin Bieber & 21 Savage,Let It Go,"['DJ Khaled', 'Justin Bieber', '21 Savage']",2,54.0,54.0,94.0,0,-40.0,1
"DJ Khaled Featuring Justin Bieber, Chance the Rapper & Quavo",No Brainer,"['DJ Khaled', 'Justin Bieber', 'Chance the Rapper', 'Quavo']",15,5.0,5.0,94.0,0,-6.357142857142857,14
"DJ Khaled Featuring Justin Bieber, Quavo, Chance the Rapper & Lil Wayne",I'm The One,"['DJ Khaled', 'Justin Bieber', 'Quavo', 'Chance the Rapper', 'Lil Wayne']",22,1.0,1.0,42.0,0,-1.9523809523809523,21
DJ Khaled Featuring Lil Baby & Lil Durk,Every Chance I Get,"['DJ Khaled', 'Lil Baby', 'Lil Durk']",20,20.0,20.0,60.0,0,-2.1052631578947367,19
"DJ Khaled Featuring Meek Mill, J Balvin, Lil Baby & Jeremih",You Stay,"['DJ Khaled', 'Meek Mill', 'J Balvin', 'Lil Baby', 'Jeremih']",4,44.0,44.0,96.0,0,-10.4,5
"DJ Khaled Featuring Nicki Minaj, Chris Brown, August Alsina, Jeremih, Future & Rick Ross",Do You Mind,"['DJ Khaled', 'Nicki Minaj', 'Chris Brown', 'August Alsina', 'Jeremih', 'Future', 'Rick Ross']",20,27.0,94.0,57.0,15,-7.5,4
DJ Khaled Featuring Nipsey Hussle & John Legend,Higher,"['DJ Khaled', 'Nipsey Hussle', 'John Legend']",2,21.0,21.0,77.0,0,-56.0,1
"DJ Khaled Featuring Post Malone, Megan Thee Stallion, Lil Baby & DaBaby",I Did It,"['DJ Khaled', 'Post Malone', 'Megan Thee Stallion', 'Lil Baby', 'DaBaby']",2,43.0,43.0,88.0,0,-45.0,1
"DJ Khaled Featuring Rick Ross, Lil Wayne, Jay-Z, John Legend & Fridayy",God Did,"['DJ Khaled', 'Rick Ross', 'Lil Wayne', 'Jay-Z', 'John Legend', 'Fridayy']",3,17.0,17.0,83.0,0,-33.0,2
DJ Khaled Featuring Rihanna & Bryson Tiller,Wild Thoughts,"['DJ Khaled', 'Rihanna', 'Bryson Tiller']",21,2.0,4.0,48.0,3,-2.7058823529411766,17
DJ Khaled Featuring SZA,Just Us,"['DJ Khaled', 'SZA']",13,43.0,43.0,69.0,0,-2.1666666666666665,12
DJ Luke Nasty,Might Be,['DJ Luke Nasty'],10,78.0,85.0,92.0,2,-2.0,7
DJ Luke Nasty,OTW,['DJ Luke Nasty'],8,71.0,91.0,96.0,3,-6.25,4
DJ Snake Featuring Bipolar Sunshine,Middle,"['DJ Snake', 'Bipolar Sunshine']",21,20.0,95.0,49.0,9,-2.6363636363636362,11
DJ Snake Featuring Justin Bieber,Let Me Love You,"['DJ Snake', 'Justin Bieber']",33,4.0,12.0,47.0,6,-1.6538461538461537,26
"DJ Snake Featuring Selena Gomez, Ozuna & Cardi B",Taki Taki,"['DJ Snake', 'Selena Gomez', 'Ozuna', 'Cardi B']",26,11.0,27.0,48.0,3,-1.6818181818181819,22
"DJ Snake, J. Balvin & Tyga",Loco Contigo,"['DJ Snake', 'J. Balvin', 'Tyga']",2,95.0,96.0,95.0,14,0.0,0
DJ Suede The Remix God,Cash Me Outside (#CashMeOutside),['DJ Suede The Remix God'],3,72.0,88.0,72.0,2,0.0,0
DLOW,Do It Like Me,['DLOW'],10,48.0,68.0,97.0,1,-6.125,8
DNCE,Cake By The Ocean,['DNCE'],38,9.0,47.0,47.0,10,-1.4074074074074074,27
DNCE,Toothbrush,['DNCE'],10,44.0,98.0,85.0,4,-8.2,5
DaBaby,BOP,['DaBaby'],30,11.0,19.0,43.0,10,-1.6842105263157894,19
DaBaby,Ball If I Want To,['DaBaby'],9,39.0,39.0,95.0,0,-7.0,8
DaBaby,Find My Way,['DaBaby'],5,22.0,22.0,98.0,0,-19.0,4
DaBaby,INTRO,['DaBaby'],6,13.0,17.0,90.0,1,-19.25,4
DaBaby,Masterpiece,['DaBaby'],14,55.0,55.0,92.0,0,-2.642857142857143,14
DaBaby,Practice,['DaBaby'],5,86.0,86.0,97.0,0,-1.8333333333333333,6
DaBaby,Red Light Green Light,['DaBaby'],5,50.0,51.0,84.0,1,-11.333333333333334,3
DaBaby,Shake Sumn,['DaBaby'],16,65.0,92.0,83.0,11,-3.0,6
DaBaby,Suge,['DaBaby'],37,7.0,87.0,50.0,12,-1.5357142857142858,28
DaBaby,VIBEZ,['DaBaby'],20,21.0,21.0,65.0,0,-2.3157894736842106,19
DaBaby Featuring Ashanti & Megan Thee Stallion,NASTY,"['DaBaby', 'Ashanti', 'Megan Thee Stallion']",2,50.0,50.0,96.0,0,-46.0,1
DaBaby Featuring Kevin Gates,POP STAR,"['DaBaby', 'Kevin Gates']",2,49.0,49.0,97.0,0,-48.0,1
DaBaby Featuring Lil Baby & Moneybagg Yo,TOES,"['DaBaby', 'Lil Baby', 'Moneybagg Yo']",13,28.0,28.0,83.0,0,-2.619047619047619,21
DaBaby Featuring Migos,RAW SHIT,"['DaBaby', 'Migos']",2,51.0,51.0,90.0,0,-39.0,1
DaBaby Featuring Offset,Baby Sitter,"['DaBaby', 'Offset']",20,59.0,93.0,92.0,10,-3.6666666666666665,9
DaBaby Featuring Roddy Ricch,Rockstar,"['DaBaby', 'Roddy Ricch']",42,1.0,9.0,49.0,6,-1.3333333333333333,36
DaBaby Featuring Young Thug,Blind,"['DaBaby', 'Young Thug']",9,74.0,95.0,74.0,8,0.0,0
DaBaby Featuring YoungBoy Never Broke Again,Jump,"['DaBaby', 'YoungBoy Never Broke Again']",4,17.0,17.0,87.0,0,-23.333333333333332,3
DaBaby X Lil Wayne,Lonely,"['DaBaby', 'Lil Wayne']",2,63.0,68.0,63.0,1,0.0,0
Daddy Yankee,Dura,['Daddy Yankee'],21,43.0,81.0,57.0,13,-2.0,7
Daddy Yankee,Shaky Shaky,['Daddy Yankee'],2,88.0,100.0,88.0,1,0.0,0
Daddy Yankee & Bad Bunny,X Ultima Vez,"['Daddy Yankee', 'Bad Bunny']",3,73.0,73.0,100.0,0,-9.0,3
Daddy Yankee & Katy Perry Featuring Snow,Con Calma,"['Daddy Yankee', 'Katy Perry', 'Snow']",25,22.0,90.0,48.0,17,-3.25,8
Dae Dae,"Wat U Mean (Aye, Aye, Aye)",['Dae Dae'],17,66.0,96.0,95.0,4,-2.4166666666666665,12
Dan + Shay,All To Myself,['Dan + Shay'],20,31.0,96.0,77.0,14,-9.2,5
Dan + Shay,From The Ground Up,['Dan + Shay'],16,48.0,90.0,75.0,8,-3.857142857142857,7
Dan + Shay,Glad You Exist,['Dan + Shay'],29,21.0,63.0,36.0,26,-7.5,2
Dan + Shay,How Not To,['Dan + Shay'],14,57.0,98.0,100.0,10,-14.333333333333334,3
Dan + Shay,I Should Probably Go To Bed,['Dan + Shay'],24,28.0,43.0,38.0,22,-5.0,2
Dan + Shay,Pick Out A Christmas Tree,['Dan + Shay'],5,63.0,77.0,65.0,3,-2.0,1
Dan + Shay,Save Me The Trouble,['Dan + Shay'],13,38.0,84.0,99.0,24,-20.333333333333332,3
Dan + Shay,Speechless,['Dan + Shay'],40,24.0,95.0,46.0,16,-0.5789473684210527,38
Dan + Shay,Take Me Home For Christmas,['Dan + Shay'],4,48.0,88.0,89.0,2,-41.0,1
Dan + Shay,Tequila,['Dan + Shay'],50,21.0,84.0,49.0,23,-0.6666666666666666,42
Dan + Shay & Justin Bieber,"10,000 Hours","['Dan + Shay', 'Justin Bieber']",30,4.0,4.0,46.0,0,-1.4482758620689655,29
DaniLeigh Featuring Chris Brown,Easy,"['DaniLeigh', 'Chris Brown']",15,79.0,91.0,95.0,8,-2.6666666666666665,6
Daniel Caesar Featuring H.E.R.,Best Part,"['Daniel Caesar', 'H.E.R.']",19,75.0,81.0,93.0,9,-2.0,9
Daniel Caesar Featuring Kali Uchis,Get You,"['Daniel Caesar', 'Kali Uchis']",6,93.0,93.0,96.0,0,-0.375,8
Dareyes de La Sierra,Frecuencia,['Dareyes de La Sierra'],9,82.0,94.0,94.0,2,-2.0,6
Darius Rucker,Beers And Sunshine,['Darius Rucker'],15,42.0,93.0,100.0,14,-11.6,5
Darius Rucker,For The First Time,['Darius Rucker'],10,58.0,95.0,81.0,8,-23.0,1
Darius Rucker,If I Told You,['Darius Rucker'],11,53.0,99.0,83.0,7,-7.5,4
Darlene Love,Christmas (Baby Please Come Home),['Darlene Love'],31,15.0,50.0,17.0,209,-0.01282051282051282,156
Darlene Love,Winter Wonderland,['Darlene Love'],4,48.0,48.0,50.0,0,-0.0392156862745098,51
Dasha,Austin,['Dasha'],36,18.0,74.0,42.0,22,-1.8461538461538463,13
David Guetta & Bebe Rexha,I'm Good (Blue),"['David Guetta', 'Bebe Rexha']",48,4.0,81.0,33.0,18,-1.0,29
David Guetta Featuring Justin Bieber,2U,"['David Guetta', 'Justin Bieber']",11,16.0,16.0,73.0,0,-5.7,10
David Guetta Featuring Sia & Fetty Wap,Bang My Head,"['David Guetta', 'Sia', 'Fetty Wap']",6,76.0,98.0,93.0,3,-8.5,2
"David Guetta, Alphaville & Ava Max",Forever Young,"['David Guetta', 'Alphaville', 'Ava Max']",5,90.0,99.0,92.0,2,-1.0,2
"David Guetta, Anne-Marie & Coi Leray",Baby Don't Hurt Me,"['David Guetta', 'Anne-Marie', 'Coi Leray']",14,48.0,96.0,66.0,11,-9.0,2
"David Guetta, Teddy Swims & Tones And I",Gone Gone Gone,"['David Guetta', 'Teddy Swims', 'Tones And I']",3,91.0,92.0,92.0,1,-1.0,1
David Kushner,Daylight,['David Kushner'],31,33.0,48.0,41.0,24,-1.3333333333333333,6
David Lee Murphy & Kenny Chesney,Everything's Gonna Be Alright,"['David Lee Murphy', 'Kenny Chesney']",13,66.0,95.0,89.0,7,-4.6,5
David Nail,Night's On Fire,['David Nail'],5,81.0,100.0,88.0,3,-7.0,1
Dawin,Dessert,['Dawin'],10,68.0,92.0,100.0,5,-8.0,4
Daya,Hide Away,['Daya'],15,23.0,41.0,46.0,10,-5.75,4
Daya,"Sit Still, Look Pretty",['Daya'],24,28.0,100.0,38.0,13,-1.0,10
DeJ Loaf Featuring Big Sean,Back Up,"['DeJ Loaf', 'Big Sean']",8,52.0,53.0,96.0,2,-8.8,5
Dean Lewis,Be Alright,['Dean Lewis'],29,23.0,94.0,44.0,20,-2.625,8
Dean Martin,Baby It's Cold Outside,['Dean Martin'],5,36.0,45.0,45.0,261,-0.17647058823529413,51
Dean Martin,Let It Snow! Let It Snow! Let It Snow!,['Dean Martin'],41,7.0,41.0,8.0,264,-0.009708737864077669,103
Demi Lovato,Anyone,['Demi Lovato'],2,34.0,34.0,56.0,0,-22.0,1
Demi Lovato,Confident,['Demi Lovato'],10,23.0,30.0,75.0,2,-7.428571428571429,7
Demi Lovato,Dancing With The Devil,['Demi Lovato'],2,56.0,56.0,98.0,0,-42.0,1
Demi Lovato,I Love Me,['Demi Lovato'],10,18.0,18.0,75.0,0,-6.333333333333333,9
Demi Lovato,Sober,['Demi Lovato'],3,47.0,58.0,47.0,5,0.0,0
Demi Lovato,Sorry Not Sorry,['Demi Lovato'],35,6.0,52.0,48.0,15,-2.210526315789474,19
Demi Lovato,Tell Me You Love Me,['Demi Lovato'],19,53.0,97.0,69.0,14,-0.9411764705882353,17
Demi Lovato Featuring Ariana Grande,Met Him Last Night,"['Demi Lovato', 'Ariana Grande']",2,61.0,61.0,93.0,0,-32.0,1
Dennis Lloyd,Nevermind,['Dennis Lloyd'],4,86.0,90.0,97.0,1,-5.5,2
Derez De'Shon,Hardaway,"[""Derez De'Shon""]",11,61.0,90.0,100.0,7,-13.0,3
Descendants 2 Cast,It's Goin' Down,['Descendants 2 Cast'],4,77.0,81.0,96.0,1,-9.5,2
Desiigner,Panda,['Desiigner'],40,1.0,96.0,44.0,8,-1.3870967741935485,31
Desiigner,Tiimmy Turner,['Desiigner'],20,34.0,46.0,61.0,4,-1.8,15
Devin Dawson,All On Me,['Devin Dawson'],19,52.0,98.0,93.0,19,-13.666666666666666,3
Diane Guerrero & Stephanie Beatriz,What Else Can I Do?,"['Diane Guerrero', 'Stephanie Beatriz']",14,27.0,67.0,90.0,3,-6.3,10
Diddy & Bryson Tiller,Gotta Move On,"['Diddy', 'Bryson Tiller']",7,79.0,96.0,97.0,2,-4.5,4
Dierks Bentley,Black,['Dierks Bentley'],19,56.0,98.0,86.0,18,-10.0,3
Dierks Bentley,Gold,['Dierks Bentley'],9,68.0,99.0,68.0,10,0.0,0
Dierks Bentley,Gone,['Dierks Bentley'],20,26.0,99.0,67.0,16,-8.2,5
Dierks Bentley,Living,['Dierks Bentley'],16,51.0,82.0,95.0,7,-5.5,8
Dierks Bentley,Somewhere On A Beach,['Dierks Bentley'],20,35.0,98.0,58.0,11,-2.5555555555555554,9
Dierks Bentley,"Woman, Amen",['Dierks Bentley'],12,53.0,94.0,93.0,10,-20.0,2
Dierks Bentley Featuring Brothers Osborne,Burning Man,"['Dierks Bentley', 'Brothers Osborne']",17,45.0,100.0,76.0,10,-5.166666666666667,6
Dierks Bentley Featuring Elle King,Different For Girls,"['Dierks Bentley', 'Elle King']",20,42.0,98.0,83.0,15,-8.2,5
"Dierks Bentley, BRELAND & HARDY",Beers On Me,"['Dierks Bentley', 'BRELAND', 'HARDY']",20,40.0,96.0,92.0,10,-5.777777777777778,9
Diplo Featuring Trippie Redd,Wish,"['Diplo', 'Trippie Redd']",5,79.0,88.0,92.0,2,-6.5,2
Diplo Presents Thomas Wesley Featuring Morgan Wallen,Heartless,"['Diplo', 'Thomas Wesley', 'Morgan Wallen']",21,39.0,78.0,47.0,41,-4.0,2
"Diplo, French Montana & Lil Pump Featuring Zhavia Ward",Welcome To The Party,"['Diplo', 'French Montana', 'Lil Pump', 'Zhavia Ward']",4,78.0,84.0,87.0,2,-4.5,2
"Diplo, Jessie Murph & Polo G",Heartbroken,"['Diplo', 'Jessie Murph', 'Polo G']",5,64.0,64.0,95.0,0,-7.75,4
Disco Lines & Tinashe,No Broke Boys,"['Disco Lines', 'Tinashe']",20,36.0,99.0,54.0,17,-6.0,3
Disturbed,The Sound Of Silence,['Disturbed'],20,42.0,88.0,79.0,7,-3.0833333333333335,12
Djo,End Of Beginning,['Djo'],21,11.0,51.0,49.0,4,-2.375,16
Doechii,Anxiety,['Doechii'],20,9.0,13.0,47.0,8,-3.4545454545454546,11
Doechii,Denial Is A River,['Doechii'],19,21.0,76.0,97.0,5,-5.846153846153846,13
Doechii,Nissan Altima,['Doechii'],2,73.0,92.0,73.0,1,0.0,0
Doechii Featuring Kodak Black,What It Is (Block Boy),"['Doechii', 'Kodak Black']",29,29.0,98.0,45.0,21,-2.2857142857142856,7
Doja Cat,Agora Hills,['Doja Cat'],39,7.0,18.0,42.0,17,-1.6666666666666667,21
Doja Cat,Ain't Shit,['Doja Cat'],14,24.0,24.0,97.0,0,-4.294117647058823,17
Doja Cat,Attention,['Doja Cat'],3,31.0,31.0,80.0,0,-24.5,2
Doja Cat,Candy,['Doja Cat'],6,86.0,87.0,96.0,2,-3.3333333333333335,3
Doja Cat,Demons,['Doja Cat'],2,46.0,46.0,92.0,0,-15.333333333333334,3
Doja Cat,Get Into It (Yuh),['Doja Cat'],37,20.0,93.0,44.0,54,-4.8,5
Doja Cat,Jealous Type,['Doja Cat'],14,28.0,28.0,83.0,0,-4.230769230769231,13
Doja Cat,Need To Know,['Doja Cat'],48,8.0,38.0,47.0,20,-1.4444444444444444,27
Doja Cat,Paint The Town Red,['Doja Cat'],37,1.0,15.0,40.0,4,-1.21875,32
Doja Cat,Streets,['Doja Cat'],20,16.0,91.0,79.0,9,-6.3,10
Doja Cat,Vegas,['Doja Cat'],30,10.0,75.0,50.0,18,-2.6666666666666665,15
Doja Cat,Woman,['Doja Cat'],52,7.0,88.0,43.0,43,-2.769230769230769,13
Doja Cat & The Weeknd,You Right,"['Doja Cat', 'The Weeknd']",43,11.0,11.0,43.0,0,-0.7441860465116279,43
Doja Cat & Tyga,Juicy,"['Doja Cat', 'Tyga']",20,41.0,83.0,71.0,24,-6.0,5
Doja Cat Featuring Gucci Mane,Like That,"['Doja Cat', 'Gucci Mane']",18,50.0,92.0,82.0,14,-10.666666666666666,3
Doja Cat Featuring Nicki Minaj,Say So,"['Doja Cat', 'Nicki Minaj']",38,1.0,95.0,47.0,17,-2.3,20
Doja Cat Featuring SZA,Kiss Me More,"['Doja Cat', 'SZA']",43,3.0,7.0,44.0,11,-1.28125,32
Dominic Fike,Misses,['Dominic Fike'],2,99.0,100.0,99.0,1,0.0,0
Dominic Fike,Mona Lisa,['Dominic Fike'],2,89.0,98.0,89.0,1,0.0,0
Don Toliver,After Party,['Don Toliver'],20,57.0,92.0,94.0,6,-2.642857142857143,14
Don Toliver,Bandit,['Don Toliver'],18,38.0,38.0,100.0,0,-3.1,20
Don Toliver,New Drop,['Don Toliver'],6,81.0,95.0,93.0,5,-12.0,1
Don Toliver,No Idea,['Don Toliver'],11,43.0,68.0,88.0,2,-5.625,8
Don Toliver,No Pole,['Don Toliver'],26,66.0,99.0,87.0,9,-1.2352941176470589,17
Don Toliver Featuring Charlie Wilson & Cash Cobain,Attitude,"['Don Toliver', 'Charlie Wilson', 'Cash Cobain']",2,58.0,96.0,58.0,3,0.0,0
Don Toliver Featuring Justin Bieber & Future,Private Landing,"['Don Toliver', 'Justin Bieber', 'Future']",7,72.0,72.0,98.0,0,-2.1666666666666665,12
Don Toliver Featuring Kodak Black,Brother Stone,"['Don Toliver', 'Kodak Black']",2,61.0,61.0,97.0,0,-36.0,1
Don Toliver Featuring Quavo & Offset,HAD ENOUGH,"['Don Toliver', 'Quavo', 'Offset']",2,52.0,52.0,76.0,0,-24.0,1
Don Toliver Featuring Travis Scott,Flocky Flocky,"['Don Toliver', 'Travis Scott']",2,53.0,53.0,98.0,0,-45.0,1
Donny Hathaway,This Christmas,['Donny Hathaway'],9,34.0,39.0,47.0,157,-0.1262135922330097,103
Dove Cameron,Boyfriend,['Dove Cameron'],24,16.0,73.0,35.0,15,-2.375,8
Dr. Dre Featuring Snoop Dogg,Still D.R.E.,"['Dr. Dre', 'Snoop Dogg']",3,23.0,23.0,63.0,0,-20.0,2
Drake,7969 Santa,['Drake'],2,16.0,16.0,81.0,0,-65.0,1
Drake,7am On Bridle Path,['Drake'],3,16.0,16.0,92.0,0,-38.0,2
Drake,8 Out Of 10,['Drake'],3,21.0,21.0,98.0,0,-38.5,2
Drake,8am In Charlotte,['Drake'],3,17.0,17.0,85.0,0,-34.0,2
Drake,9,['Drake'],5,45.0,45.0,87.0,0,-10.5,4
Drake,BackOutsideBoyz,['Drake'],4,9.0,9.0,81.0,0,-24.0,3
Drake,Bahamas Promises,['Drake'],3,20.0,20.0,99.0,0,-39.5,2
Drake,Behind Barz,['Drake'],2,75.0,75.0,83.0,0,-8.0,1
Drake,Blem,['Drake'],4,38.0,38.0,84.0,0,-15.333333333333334,3
Drake,Blue Tint,['Drake'],3,30.0,30.0,80.0,0,-25.0,2
Drake,Can't Have Everything,['Drake'],2,82.0,82.0,97.0,0,-15.0,1
Drake,Can't Take A Joke,['Drake'],4,18.0,18.0,100.0,0,-27.333333333333332,3
Drake,Champagne Poetry,['Drake'],7,4.0,4.0,90.0,0,-14.333333333333334,6
Drake,Childs Play,['Drake'],14,49.0,49.0,87.0,0,-2.0,19
Drake,Circadian Rhythm,['Drake'],4,59.0,69.0,99.0,1,-20.0,2
Drake,Controlla,['Drake'],26,16.0,34.0,49.0,10,-2.2,15
Drake,Daylight,['Drake'],3,8.0,8.0,76.0,0,-34.0,2
Drake,Diplomatic Immunity,['Drake'],3,7.0,7.0,83.0,0,-38.0,2
Drake,Do Not Disturb,['Drake'],2,60.0,60.0,86.0,0,-26.0,1
Drake,Drew A Picasso,['Drake'],2,27.0,27.0,85.0,0,-58.0,1
Drake,Elevate,['Drake'],3,14.0,14.0,67.0,0,-26.5,2
Drake,Emotionless,['Drake'],4,8.0,8.0,99.0,0,-30.333333333333332,3
Drake,Fake Love,['Drake'],25,8.0,24.0,38.0,14,-3.0,10
Drake,Falling Back,['Drake'],2,7.0,7.0,64.0,0,-57.0,1
Drake,Family Matters,['Drake'],6,7.0,7.0,98.0,0,-18.2,5
Drake,Fear Of Heights,['Drake'],3,10.0,10.0,89.0,0,-39.5,2
Drake,Feel No Ways,['Drake'],6,53.0,53.0,91.0,0,-7.6,5
Drake,Finesse,['Drake'],2,42.0,42.0,78.0,0,-36.0,1
Drake,Fire & Desire,['Drake'],4,75.0,75.0,85.0,0,-3.3333333333333335,3
Drake,Free Smoke,['Drake'],4,18.0,18.0,72.0,0,-18.0,3
Drake,Gimme A Hug,['Drake'],11,6.0,6.0,100.0,0,-9.4,10
Drake,God's Plan,['Drake'],36,1.0,1.0,45.0,0,-1.2571428571428571,35
Drake,Gyalchester,['Drake'],11,29.0,29.0,98.0,0,-5.75,12
Drake,Hotline Bling,['Drake'],17,3.0,3.0,50.0,0,-2.9375,16
Drake,Hype,['Drake'],10,33.0,33.0,97.0,0,-7.111111111111111,9
Drake,I Guess It's Fuck Me,['Drake'],2,19.0,19.0,81.0,0,-62.0,1
Drake,I'm Upset,['Drake'],16,7.0,19.0,97.0,5,-9.0,10
Drake,In My Feelings,['Drake'],22,1.0,6.0,37.0,1,-1.8,20
Drake,Is There More,['Drake'],2,36.0,36.0,100.0,0,-64.0,1
Drake,Jaded,['Drake'],2,32.0,32.0,67.0,0,-35.0,1
Drake,Jorja Interlude,['Drake'],2,49.0,49.0,83.0,0,-34.0,1
Drake,Jumbotron Shit Poppin,['Drake'],4,16.0,16.0,92.0,0,-25.333333333333332,3
Drake,Keep The Family Close,['Drake'],2,68.0,68.0,85.0,0,-8.5,2
Drake,Madiba Riddim,['Drake'],2,51.0,51.0,84.0,0,-33.0,1
Drake,Massive,['Drake'],7,14.0,14.0,95.0,0,-13.5,6
Drake,Middle Of The Ocean,['Drake'],3,15.0,15.0,99.0,0,-42.0,2
Drake,Mob Ties,['Drake'],8,13.0,13.0,95.0,0,-10.25,8
Drake,Nice For What,['Drake'],25,1.0,1.0,39.0,0,-1.5833333333333333,24
Drake,No Face,['Drake'],3,60.0,60.0,88.0,0,-14.0,2
Drake,No Friends In The Industry,['Drake'],8,11.0,11.0,91.0,0,-11.428571428571429,7
Drake,Nokia,['Drake'],27,2.0,10.0,46.0,7,-2.3157894736842106,19
Drake,Nonstop,['Drake'],22,2.0,2.0,46.0,0,-2.0952380952380953,21
Drake,Nothings Into Somethings,['Drake'],2,61.0,61.0,99.0,0,-38.0,1
Drake,Omerta,['Drake'],2,35.0,35.0,99.0,0,-64.0,1
Drake,Papi's Home,['Drake'],4,8.0,8.0,97.0,0,-29.666666666666668,3
Drake,Passionfruit,['Drake'],20,8.0,8.0,81.0,0,-3.8421052631578947,19
Drake,Peak,['Drake'],2,38.0,38.0,93.0,0,-55.0,1
Drake,Pipe Down,['Drake'],4,14.0,14.0,96.0,0,-27.333333333333332,3
Drake,Push Ups,['Drake'],6,17.0,19.0,91.0,1,-18.5,4
Drake,Race My Mind,['Drake'],3,18.0,18.0,89.0,0,-35.5,2
Drake,Raining In Houston,['Drake'],2,43.0,43.0,87.0,0,-44.0,1
Drake,Redemption,['Drake'],3,61.0,61.0,95.0,0,-11.333333333333334,3
Drake,Right Hand,['Drake'],6,66.0,94.0,94.0,2,-9.333333333333334,3
Drake,Sandra's Rose,['Drake'],2,27.0,27.0,63.0,0,-36.0,1
Drake,Search & Rescue,['Drake'],20,2.0,2.0,38.0,0,-1.894736842105263,19
Drake,Signs,['Drake'],6,36.0,36.0,100.0,0,-12.8,5
Drake,Small Town Fame,['Drake'],2,40.0,40.0,97.0,0,-57.0,1
Drake,Sticky,['Drake'],13,6.0,6.0,84.0,0,-6.5,12
Drake,Still Here,['Drake'],10,40.0,40.0,95.0,0,-6.111111111111111,9
Drake,Summer Games,['Drake'],2,28.0,28.0,64.0,0,-36.0,1
Drake,Summer Sixteen,['Drake'],14,6.0,6.0,89.0,0,-6.384615384615385,13
Drake,Survival,['Drake'],2,17.0,17.0,69.0,0,-52.0,1
Drake,TSU,['Drake'],5,9.0,9.0,98.0,0,-22.25,4
Drake,Teenage Fever,['Drake'],4,35.0,35.0,91.0,0,-18.666666666666668,3
Drake,Texts Go Green,['Drake'],2,13.0,13.0,94.0,0,-81.0,1
Drake,That's How You Feel,['Drake'],2,37.0,37.0,68.0,0,-31.0,1
Drake,Time Flies,['Drake'],2,30.0,30.0,94.0,0,-64.0,1
Drake,Toosie Slide,['Drake'],20,1.0,1.0,72.0,0,-3.736842105263158,19
Drake,Tried Our Best,['Drake'],2,21.0,21.0,86.0,0,-65.0,1
Drake,U With Me?,['Drake'],4,44.0,44.0,82.0,0,-12.666666666666666,3
Drake,Virginia Beach,['Drake'],14,3.0,3.0,93.0,0,-6.0,15
Drake,Weston Road Flows,['Drake'],2,54.0,54.0,84.0,0,-15.0,2
Drake,What Did I Miss?,['Drake'],12,2.0,2.0,100.0,0,-8.909090909090908,11
Drake,What Would Pluto Do,['Drake'],3,18.0,18.0,81.0,0,-31.5,2
Drake,What's Next,['Drake'],16,1.0,1.0,97.0,0,-5.647058823529412,17
Drake,You Broke My Heart,['Drake'],19,11.0,11.0,94.0,0,-4.611111111111111,18
Drake & 21 Savage,Broke Boys,"['Drake', '21 Savage']",4,12.0,12.0,79.0,0,-22.333333333333332,3
Drake & 21 Savage,Circo Loco,"['Drake', '21 Savage']",13,8.0,8.0,87.0,0,-6.583333333333333,12
Drake & 21 Savage,Hours In Silence,"['Drake', '21 Savage']",4,11.0,11.0,88.0,0,-25.666666666666668,3
Drake & 21 Savage,Major Distribution,"['Drake', '21 Savage']",7,3.0,3.0,99.0,0,-12.0,8
Drake & 21 Savage,More M's,"['Drake', '21 Savage']",3,18.0,18.0,100.0,0,-41.0,2
Drake & 21 Savage,On BS,"['Drake', '21 Savage']",8,4.0,4.0,94.0,0,-10.0,9
Drake & 21 Savage,Privileged Rappers,"['Drake', '21 Savage']",4,7.0,7.0,75.0,0,-22.666666666666668,3
Drake & 21 Savage,Rich Flex,"['Drake', '21 Savage']",28,2.0,2.0,45.0,0,-1.5925925925925926,27
Drake & 21 Savage,Spin Bout U,"['Drake', '21 Savage']",29,5.0,5.0,46.0,0,-1.4642857142857142,28
Drake & 21 Savage,Treacherous Twins,"['Drake', '21 Savage']",3,14.0,14.0,85.0,0,-35.5,2
Drake & 21 Savage Featuring Travis Scott,Pussy & Millions,"['Drake', '21 Savage', 'Travis Scott']",7,6.0,6.0,92.0,0,-9.555555555555555,9
Drake & Central Cee,Which One,"['Drake', 'Central Cee']",12,23.0,23.0,95.0,0,-6.545454545454546,11
Drake & Future,Big Rings,"['Drake', 'Future']",8,57.0,70.0,73.0,2,-3.2,5
Drake & Future,Jumpman,"['Drake', 'Future']",20,12.0,13.0,49.0,1,-2.0555555555555554,18
Drake & Yebba,Yebba's Heartbreak,"['Drake', 'Yebba']",2,24.0,24.0,76.0,0,-52.0,1
Drake Featuring 2 Chainz & Young Thug,Sacrifices,"['Drake', '2 Chainz', 'Young Thug']",3,36.0,36.0,89.0,0,-26.5,2
Drake Featuring 21 Savage,Calling For You,"['Drake', '21 Savage']",4,5.0,5.0,99.0,0,-15.666666666666666,6
Drake Featuring 21 Savage,Jimmy Cooks,"['Drake', '21 Savage']",25,1.0,1.0,49.0,0,-1.7142857142857142,28
Drake Featuring 21 Savage,Sneakin',"['Drake', '21 Savage']",14,28.0,38.0,95.0,1,-5.583333333333333,12
Drake Featuring 21 Savage & Project Pat,Knife Talk,"['Drake', '21 Savage', 'Project Pat']",29,4.0,5.0,46.0,1,-1.5555555555555556,27
Drake Featuring Bad Bunny,Gently,"['Drake', 'Bad Bunny']",3,12.0,12.0,61.0,0,-24.5,2
Drake Featuring Chief Keef,All The Parties,"['Drake', 'Chief Keef']",2,26.0,26.0,89.0,0,-63.0,1
Drake Featuring Fivio Foreign & Sosa Geek,Demons,"['Drake', 'Fivio Foreign', 'Sosa Geek']",2,34.0,34.0,99.0,0,-65.0,1
Drake Featuring Future,Desires,"['Drake', 'Future']",2,27.0,27.0,85.0,0,-58.0,1
Drake Featuring Future,Grammys,"['Drake', 'Future']",9,38.0,38.0,91.0,0,-6.625,8
Drake Featuring Future,N 2 Deep,"['Drake', 'Future']",4,12.0,12.0,88.0,0,-25.333333333333332,3
Drake Featuring Future & Young Thug,Way 2 Sexy,"['Drake', 'Future', 'Young Thug']",20,1.0,1.0,50.0,0,-2.5789473684210527,19
Drake Featuring Giggs,KMT,"['Drake', 'Giggs']",2,48.0,48.0,79.0,0,-31.0,1
Drake Featuring Giggs,No Long Talk,"['Drake', 'Giggs']",2,40.0,40.0,76.0,0,-36.0,1
Drake Featuring Giveon,Chicago Freestyle,"['Drake', 'Giveon']",12,14.0,14.0,93.0,0,-7.181818181818182,11
Drake Featuring J. Cole,First Person Shooter,"['Drake', 'J. Cole']",20,1.0,1.0,56.0,0,-2.8947368421052633,19
Drake Featuring Jay-Z,Love All,"['Drake', 'Jay-Z']",5,10.0,10.0,99.0,0,-22.25,4
Drake Featuring Jay-Z,Talk Up,"['Drake', 'Jay-Z']",3,20.0,20.0,100.0,0,-40.0,2
Drake Featuring Jorja Smith & Black Coffee,Get It Together,"['Drake', 'Jorja Smith', 'Black Coffee']",2,45.0,45.0,68.0,0,-23.0,1
Drake Featuring Kanye West,Glow,"['Drake', 'Kanye West']",2,54.0,54.0,89.0,0,-35.0,1
Drake Featuring Kid Cudi,IMY2,"['Drake', 'Kid Cudi']",2,22.0,22.0,72.0,0,-50.0,1
Drake Featuring Lil Baby,Girls Want Girls,"['Drake', 'Lil Baby']",20,2.0,2.0,57.0,0,-2.8947368421052633,19
Drake Featuring Lil Baby,Wants And Needs,"['Drake', 'Lil Baby']",21,2.0,2.0,49.0,0,-2.35,20
Drake Featuring Lil Durk,Laugh Now Cry Later,"['Drake', 'Lil Durk']",29,2.0,2.0,47.0,0,-1.6071428571428572,28
Drake Featuring Lil Durk & Giveon,In The Bible,"['Drake', 'Lil Durk', 'Giveon']",8,7.0,7.0,94.0,0,-12.428571428571429,7
Drake Featuring Lil Wayne & Rick Ross,You Only Live Twice,"['Drake', 'Lil Wayne', 'Rick Ross']",2,25.0,25.0,83.0,0,-58.0,1
Drake Featuring Lil Yachty,Another Late Night,"['Drake', 'Lil Yachty']",2,29.0,29.0,95.0,0,-66.0,1
Drake Featuring Michael Jackson,Don't Matter To Me,"['Drake', 'Michael Jackson']",5,9.0,9.0,66.0,0,-14.25,4
Drake Featuring PARTYNEXTDOOR,Members Only,"['Drake', 'PARTYNEXTDOOR']",3,24.0,24.0,94.0,0,-35.0,2
Drake Featuring PARTYNEXTDOOR,With You,"['Drake', 'PARTYNEXTDOOR']",7,47.0,47.0,93.0,0,-7.666666666666667,6
Drake Featuring Pimp C & Dvsn,Faithful,"['Drake', 'Pimp C', 'Dvsn']",2,72.0,72.0,90.0,0,-9.0,2
Drake Featuring Playboi Carti,Pain 1993,"['Drake', 'Playboi Carti']",3,7.0,7.0,86.0,0,-39.5,2
Drake Featuring Quavo & Travis Scott,Portland,"['Drake', 'Quavo', 'Travis Scott']",16,9.0,9.0,90.0,0,-5.4,15
Drake Featuring Rick Ross,Lemon Pepper Freestyle,"['Drake', 'Rick Ross']",5,3.0,3.0,70.0,0,-16.75,4
Drake Featuring Rick Ross,Money In The Grave,"['Drake', 'Rick Ross']",23,7.0,7.0,46.0,0,-1.7727272727272727,22
Drake Featuring Rihanna,Too Good,"['Drake', 'Rihanna']",29,14.0,52.0,48.0,15,-2.6153846153846154,13
Drake Featuring SZA,Slime You Out,"['Drake', 'SZA']",14,1.0,1.0,86.0,0,-5.3125,16
Drake Featuring Sampha,4422,"['Drake', 'Sampha']",2,50.0,50.0,82.0,0,-32.0,1
Drake Featuring Sexyy Red & SZA,Rich Baby Daddy,"['Drake', 'Sexyy Red', 'SZA']",22,11.0,11.0,40.0,0,-1.380952380952381,21
Drake Featuring Static Major & Ty Dolla $ign,After Dark,"['Drake', 'Static Major', 'Ty Dolla $ign']",3,41.0,41.0,82.0,0,-20.5,2
Drake Featuring Teezo Touchdown,Amen,"['Drake', 'Teezo Touchdown']",2,15.0,15.0,88.0,0,-73.0,1
Drake Featuring Tems,Fountains,"['Drake', 'Tems']",2,26.0,26.0,86.0,0,-60.0,1
Drake Featuring The Throne,Pop Style,"['Drake', 'The Throne']",20,16.0,16.0,86.0,0,-3.6842105263157894,19
Drake Featuring Travis Scott,Fair Trade,"['Drake', 'Travis Scott']",17,3.0,3.0,98.0,0,-4.318181818181818,22
Drake Featuring Ty Dolla $ign,Get Along Better,"['Drake', 'Ty Dolla $ign']",2,27.0,27.0,78.0,0,-51.0,1
Drake Featuring Wizkid & Kyla,One Dance,"['Drake', 'Wizkid', 'Kyla']",36,1.0,21.0,47.0,4,-1.4838709677419355,31
Drake Featuring Yeat,IDGAF,"['Drake', 'Yeat']",20,2.0,2.0,83.0,0,-4.2631578947368425,19
Drake Featuring Young Thug,Ice Melts,"['Drake', 'Young Thug']",2,62.0,62.0,85.0,0,-23.0,1
"Drake, Young Thug & 21 Savage",It's Up,"['Drake', 'Young Thug', '21 Savage']",5,28.0,28.0,80.0,0,-13.0,4
"Dreamville Featuring J. Cole, Lute & DaBaby",Under The Sun,"['Dreamville', 'J. Cole', 'Lute', 'DaBaby']",3,44.0,44.0,88.0,0,-22.0,2
"Dreamville Featuring JID, BAS, J. Cole, EarthGang & Young Nudy",Down Bad,"['Dreamville', 'JID', 'BAS', 'J. Cole', 'EarthGang', 'Young Nudy']",2,64.0,75.0,64.0,3,0.0,0
Dreezy Featuring Jeremih,Body,"['Dreezy', 'Jeremih']",18,62.0,98.0,99.0,9,-4.625,8
Drew Baldridge,She's Somebody's Daughter (Reimagined),['Drew Baldridge'],3,93.0,93.0,98.0,0,-2.5,2
Dua Lipa,Break My Heart,['Dua Lipa'],32,13.0,21.0,50.0,19,-3.0833333333333335,12
Dua Lipa,Dance The Night,['Dua Lipa'],35,6.0,43.0,47.0,14,-1.64,25
Dua Lipa,Don't Start Now,['Dua Lipa'],52,2.0,30.0,38.0,18,-1.0909090909090908,33
Dua Lipa,Houdini,['Dua Lipa'],23,11.0,11.0,48.0,0,-1.6818181818181819,22
Dua Lipa,IDGAF,['Dua Lipa'],23,49.0,92.0,56.0,19,-2.3333333333333335,3
Dua Lipa,Illusion,['Dua Lipa'],18,43.0,43.0,82.0,0,-2.2941176470588234,17
Dua Lipa,Levitating,['Dua Lipa'],77,2.0,73.0,18.0,31,-0.32,50
Dua Lipa,Love Again,['Dua Lipa'],16,41.0,89.0,73.0,11,-8.0,4
Dua Lipa,New Rules,['Dua Lipa'],47,6.0,90.0,40.0,26,-1.7,20
Dua Lipa,Physical,['Dua Lipa'],2,60.0,60.0,77.0,0,-2.125,8
Dua Lipa,Training Season,['Dua Lipa'],10,27.0,27.0,79.0,0,-4.7272727272727275,11
Dua Lipa,We're Good,['Dua Lipa'],18,31.0,49.0,87.0,12,-9.333333333333334,6
Duncan Laurence,Arcade,['Duncan Laurence'],24,30.0,100.0,41.0,20,-2.75,4
Dustin Lynch,Good Girl,['Dustin Lynch'],15,44.0,93.0,97.0,8,-8.833333333333334,6
Dustin Lynch,Mind Reader,['Dustin Lynch'],16,57.0,85.0,87.0,12,-10.0,3
Dustin Lynch,Momma's House,['Dustin Lynch'],15,59.0,88.0,85.0,13,-13.0,2
Dustin Lynch,Ridin' Roads,['Dustin Lynch'],20,47.0,88.0,87.0,9,-2.857142857142857,14
Dustin Lynch,Seein' Red,['Dustin Lynch'],9,55.0,79.0,84.0,4,-7.25,4
Dustin Lynch,Small Town Boy,['Dustin Lynch'],20,36.0,85.0,53.0,11,-2.125,8
Dustin Lynch,Stars Like Confetti,['Dustin Lynch'],6,81.0,89.0,89.0,5,-8.0,1
Dustin Lynch Featuring Jelly Roll,Chevrolet,"['Dustin Lynch', 'Jelly Roll']",17,50.0,100.0,92.0,12,-10.5,4
Dustin Lynch Featuring Lauren Alaina Or MacKenzie Porter,Thinking 'Bout You,"['Dustin Lynch', 'Lauren Alaina', 'MacKenzie Porter']",26,30.0,91.0,50.0,13,-1.6666666666666667,12
Dwayne Johnson,You're Welcome,['Dwayne Johnson'],13,65.0,83.0,99.0,5,-2.0,17
Dylan Gossett,Coal,['Dylan Gossett'],11,73.0,89.0,87.0,7,-4.666666666666667,3
Dylan Marlowe & Dylan Scott,Boys Back Home,"['Dylan Marlowe', 'Dylan Scott']",5,75.0,75.0,99.0,0,-6.0,4
Dylan Scott,Can't Have Mine,['Dylan Scott'],13,57.0,98.0,95.0,7,-4.75,8
Dylan Scott,Hooked,['Dylan Scott'],11,48.0,85.0,79.0,8,-15.5,2
Dylan Scott,My Girl,['Dylan Scott'],20,39.0,93.0,87.0,12,-6.857142857142857,7
Dylan Scott,New Truck,['Dylan Scott'],9,61.0,99.0,61.0,8,0.0,0
Dylan Scott,Nobody,['Dylan Scott'],17,50.0,96.0,69.0,12,-4.75,4
Dylan Scott,This Town's Been Too Good To Us,['Dylan Scott'],2,70.0,70.0,80.0,0,-10.0,1
ERNEST Featuring Morgan Wallen,Flower Shops,"['ERNEST', 'Morgan Wallen']",26,64.0,68.0,68.0,13,-0.26666666666666666,15
"EST Gee Featuring Lil Baby, 42 Dugg & Rylo Rodriguez",5500 Degrees,"['EST Gee', 'Lil Baby', '42 Dugg', 'Rylo Rodriguez']",2,92.0,92.0,100.0,0,-2.6666666666666665,3
Eagles,Please Come Home For Christmas,['Eagles'],12,28.0,45.0,33.0,157,-0.04854368932038835,103
Eartha Kitt With Henri Rene And His Orchestra,Santa Baby,"['Eartha Kitt', 'Henri Rene And His Orchestra']",16,20.0,50.0,24.0,106,-0.038834951456310676,103
Ed Sheeran,Afterglow,['Ed Sheeran'],10,29.0,59.0,94.0,2,-9.285714285714286,7
Ed Sheeran,Azizam,['Ed Sheeran'],14,28.0,28.0,59.0,0,-2.3846153846153846,13
Ed Sheeran,Bad Habits,['Ed Sheeran'],56,2.0,5.0,25.0,7,-0.4791666666666667,48
Ed Sheeran,Camera,['Ed Sheeran'],14,58.0,58.0,88.0,0,-2.3076923076923075,13
Ed Sheeran,Castle On The Hill,['Ed Sheeran'],33,6.0,6.0,48.0,0,-1.3125,32
Ed Sheeran,Dive,['Ed Sheeran'],2,49.0,49.0,85.0,0,-36.0,1
Ed Sheeran,Eyes Closed,['Ed Sheeran'],20,19.0,26.0,62.0,6,-3.3076923076923075,13
Ed Sheeran,Galway Girl,['Ed Sheeran'],5,53.0,53.0,94.0,0,-4.555555555555555,9
Ed Sheeran,Happier,['Ed Sheeran'],2,59.0,59.0,94.0,0,-35.0,1
Ed Sheeran,How Would You Feel (Paean),['Ed Sheeran'],2,41.0,41.0,84.0,0,-21.5,2
Ed Sheeran,Overpass Graffiti,['Ed Sheeran'],2,41.0,41.0,85.0,0,-44.0,1
Ed Sheeran,Perfect,['Ed Sheeran'],56,1.0,37.0,21.0,39,-0.4878048780487805,41
Ed Sheeran,Sapphire,['Ed Sheeran'],3,74.0,74.0,99.0,0,-12.5,2
Ed Sheeran,Shape Of You,['Ed Sheeran'],58,1.0,1.0,24.0,0,-0.40350877192982454,57
Ed Sheeran,Shivers,['Ed Sheeran'],52,4.0,16.0,34.0,16,-0.8571428571428571,35
Ed Sheeran & Elton John,Merry Christmas,"['Ed Sheeran', 'Elton John']",11,38.0,72.0,42.0,159,-0.0784313725490196,51
Ed Sheeran & Justin Bieber,I Don't Care,"['Ed Sheeran', 'Justin Bieber']",39,2.0,2.0,44.0,0,-1.024390243902439,41
Ed Sheeran & Travis Scott,Antisocial,"['Ed Sheeran', 'Travis Scott']",4,37.0,37.0,88.0,0,-17.0,3
Ed Sheeran Featuring Camila Cabello & Cardi B,South Of The Border,"['Ed Sheeran', 'Camila Cabello', 'Cardi B']",12,49.0,53.0,86.0,29,-12.333333333333334,3
Ed Sheeran Featuring Chance the Rapper & PnB Rock,Cross Me,"['Ed Sheeran', 'Chance the Rapper', 'PnB Rock']",10,25.0,34.0,77.0,7,-26.0,2
Ed Sheeran Featuring Khalid,Beautiful People,"['Ed Sheeran', 'Khalid']",26,13.0,26.0,45.0,16,-2.909090909090909,11
Ed Sheeran Featuring Lil Baby,2step,"['Ed Sheeran', 'Lil Baby']",15,48.0,51.0,94.0,10,-11.5,4
Ed Sheeran Featuring Luke Combs,Life Goes On,"['Ed Sheeran', 'Luke Combs']",2,66.0,66.0,85.0,0,-19.0,1
Ed Sheeran Featuring Taylor Swift,The Joker And The Queen,"['Ed Sheeran', 'Taylor Swift']",3,21.0,21.0,75.0,0,-27.0,2
Ed Sheeran With Chris Stapleton & Bruno Mars,BLOW,"['Ed Sheeran', 'Chris Stapleton', 'Bruno Mars']",2,60.0,60.0,73.0,0,-13.0,1
El Alfa x Peso Pluma,Plebada,"['El Alfa', 'Peso Pluma']",2,68.0,68.0,84.0,0,-16.0,1
Eladio Carrion & Bad Bunny,Coco Chanel,"['Eladio Carrion', 'Bad Bunny']",2,87.0,87.0,93.0,0,-6.0,1
Eli Young Band,Love Ain't,['Eli Young Band'],18,50.0,81.0,91.0,4,-3.1538461538461537,13
Ella Langley,Choosin' Texas,['Ella Langley'],9,11.0,39.0,26.0,5,-5.0,3
Ella Langley,Weren't For The Wind,['Ella Langley'],24,18.0,85.0,45.0,22,-13.5,2
Ella Langley Featuring Riley Green,You Look Like You Love Me,"['Ella Langley', 'Riley Green']",24,30.0,53.0,58.0,15,-3.5,8
Ella Mai,Boo'd Up,['Ella Mai'],35,5.0,78.0,50.0,14,-2.25,20
Ella Mai,DFMU,['Ella Mai'],4,85.0,99.0,85.0,3,0.0,0
Ella Mai,Little Things,['Ella Mai'],7,81.0,89.0,99.0,1,-3.0,6
Ella Mai,Shot Clock,['Ella Mai'],16,62.0,88.0,88.0,8,-3.7142857142857144,7
Ella Mai,Trip,['Ella Mai'],27,11.0,79.0,38.0,10,-1.6875,16
Elle King,Ex's & Oh's,['Elle King'],15,14.0,17.0,49.0,2,-2.9166666666666665,12
Elle King & Miranda Lambert,Drunk (And I Don't Wanna Go Home),"['Elle King', 'Miranda Lambert']",30,37.0,90.0,46.0,57,-9.0,1
Ellie Goulding,On My Mind,['Ellie Goulding'],10,14.0,14.0,48.0,0,-3.7777777777777777,9
Ellie Goulding,Something In The Way You Move,['Ellie Goulding'],10,43.0,81.0,96.0,4,-10.6,5
Ellie Goulding & Juice WRLD,Hate Me,"['Ellie Goulding', 'Juice WRLD']",20,56.0,82.0,79.0,15,-3.2857142857142856,7
Ellie Goulding X Diplo Featuring Swae Lee,Close To Me,"['Ellie Goulding', 'Diplo', 'Swae Lee']",25,24.0,98.0,43.0,20,-4.75,4
Elton John & Britney Spears,Hold Me Closer,"['Elton John', 'Britney Spears']",20,6.0,6.0,54.0,0,-2.526315789473684,19
Elton John & Dua Lipa,Cold Heart (PNAU Remix),"['Elton John', 'Dua Lipa']",52,7.0,81.0,41.0,20,-1.0,34
Elvie Shane,My Boy,['Elvie Shane'],19,28.0,99.0,75.0,16,-15.666666666666666,3
Elvis Presley,Blue Christmas,['Elvis Presley'],20,18.0,40.0,27.0,261,-0.08737864077669903,103
Em Beihold,Numb Little Bug,['Em Beihold'],32,18.0,91.0,47.0,22,-3.2222222222222223,9
Eminem,Brand New Dance,['Eminem'],2,25.0,25.0,90.0,0,-65.0,1
Eminem,Darkness,['Eminem'],2,28.0,28.0,91.0,0,-63.0,1
Eminem,Fall,['Eminem'],4,12.0,12.0,73.0,0,-20.333333333333332,3
Eminem,Greatest,['Eminem'],2,23.0,23.0,84.0,0,-61.0,1
Eminem,Houdini,['Eminem'],20,2.0,2.0,79.0,0,-4.052631578947368,19
Eminem,Kamikaze,['Eminem'],3,16.0,16.0,99.0,0,-41.5,2
Eminem,Killshot,['Eminem'],8,3.0,3.0,98.0,0,-13.571428571428571,7
Eminem,Renaissance,['Eminem'],2,20.0,20.0,82.0,0,-62.0,1
Eminem,The Ringer,['Eminem'],4,8.0,8.0,95.0,0,-29.0,3
Eminem,Venom,['Eminem'],5,43.0,49.0,92.0,5,-16.333333333333332,3
Eminem & Jelly Roll,Somebody Save Me,"['Eminem', 'Jelly Roll']",3,27.0,27.0,87.0,0,-30.0,2
Eminem & White Gold,Habits,"['Eminem', 'White Gold']",2,19.0,19.0,76.0,0,-57.0,1
Eminem Featuring Beyonce,Walk On Water,"['Eminem', 'Beyonce']",4,14.0,14.0,93.0,0,-15.8,5
Eminem Featuring Ed Sheeran,River,"['Eminem', 'Ed Sheeran']",12,32.0,43.0,85.0,2,-5.888888888888889,9
Eminem Featuring Ed Sheeran,Those Kinda Nights,"['Eminem', 'Ed Sheeran']",2,31.0,31.0,86.0,0,-55.0,1
Eminem Featuring JID,Fuel,"['Eminem', 'JID']",3,21.0,21.0,91.0,0,-7.777777777777778,9
Eminem Featuring Joyner Lucas,Lucky You,"['Eminem', 'Joyner Lucas']",14,6.0,6.0,100.0,0,-5.222222222222222,18
Eminem Featuring Juice WRLD,Godzilla,"['Eminem', 'Juice WRLD']",20,3.0,3.0,80.0,0,-4.052631578947368,19
Eminem Featuring Royce Da 5'9,Not Alike,"['Eminem', ""Royce Da 5'9""]",3,24.0,24.0,94.0,0,-35.0,2
"Eminem Featuring Royce da 5'9"" & White Gold",You Gon' Learn,"['Eminem', 'Royce da 5\'9""', 'White Gold']",2,52.0,52.0,99.0,0,-47.0,1
Eminem Featuring Young M.A,Unaccommodating,"['Eminem', 'Young M.A']",2,36.0,36.0,97.0,0,-61.0,1
"Eminem, Big Sean & BabyTron",Tobey,"['Eminem', 'Big Sean', 'BabyTron']",5,24.0,95.0,84.0,2,-30.0,2
Emmanuel Cortes,Amor,['Emmanuel Cortes'],2,93.0,96.0,93.0,2,0.0,0
Emmy Meli,I Am Woman,['Emmy Meli'],4,74.0,92.0,99.0,1,-8.333333333333334,3
Empire of the Sun,Walking On A Dream,['Empire of the Sun'],5,65.0,82.0,99.0,1,-6.8,5
Enrique Iglesias Feat. Wisin or Tinashe & Javada,Duele El Corazon,"['Enrique Iglesias', 'Wisin', 'Tinashe', 'Javada']",8,82.0,86.0,98.0,2,-3.2,5
"Enrique Iglesias Featuring Descemer Bueno, Zion & Lennox Or Sean Paul",Subeme La Radio,"['Enrique Iglesias', 'Descemer Bueno', 'Zion', 'Lennox', 'Sean Paul']",9,81.0,81.0,91.0,0,-0.5882352941176471,17
Eric Church,Desperate Man,['Eric Church'],15,68.0,71.0,95.0,12,-4.5,6
Eric Church,Hands Of Time,['Eric Church'],4,70.0,94.0,93.0,3,-2.5555555555555554,9
Eric Church,Heart On Fire,['Eric Church'],22,56.0,89.0,61.0,11,-0.5,10
Eric Church,Hell Of A View,['Eric Church'],21,28.0,94.0,44.0,16,-3.2,5
Eric Church,Mr. Misunderstood,['Eric Church'],5,84.0,92.0,85.0,1,-0.3333333333333333,3
Eric Church,Record Year,['Eric Church'],20,44.0,100.0,91.0,16,-9.4,5
Eric Church,Round Here Buzz,['Eric Church'],18,56.0,97.0,89.0,15,-16.5,2
Eric Church,Some Of It,['Eric Church'],13,43.0,76.0,91.0,7,-9.6,5
Eric Church Featuring Rhiannon Giddens,Kill A Word,"['Eric Church', 'Rhiannon Giddens']",15,71.0,98.0,96.0,11,-3.125,8
Erica Banks,Buss It,['Erica Banks'],13,47.0,100.0,99.0,5,-7.428571428571429,7
Eslabon Armado Featuring DannyLux,Jugaste y Sufri,"['Eslabon Armado', 'DannyLux']",7,69.0,75.0,99.0,1,-5.0,6
Eslabon Armado X Peso Pluma,Ella Baila Sola,"['Eslabon Armado', 'Peso Pluma']",23,4.0,26.0,36.0,5,-1.8823529411764706,17
Fall Out Boy,Irresistible,['Fall Out Boy'],10,48.0,79.0,94.0,3,-7.666666666666667,6
Famous Dex,Japan,['Famous Dex'],15,28.0,70.0,96.0,3,-6.181818181818182,11
Famous Dex Featuring A$AP Rocky,Pick It Up,"['Famous Dex', 'A$AP Rocky']",19,54.0,97.0,71.0,14,-4.25,4
Farruko,La Toxica,['Farruko'],4,95.0,98.0,95.0,3,0.0,0
Farruko,Pepas,['Farruko'],21,25.0,81.0,46.0,10,-1.6153846153846154,13
"Farruko, Nicki Minaj, Bad Bunny, 21 Savage & Rvssian",Krippy Kush,"['Farruko', 'Nicki Minaj', 'Bad Bunny', '21 Savage', 'Rvssian']",6,75.0,86.0,95.0,4,-10.0,2
"Fat Joe, Remy Ma & Jay Z Featuring French Montana & Infared",All The Way Up,"['Fat Joe', 'Remy Ma', 'Jay Z', 'French Montana', 'Infared']",20,27.0,91.0,68.0,9,-4.1,10
Fergie,M.I.L.F. $,['Fergie'],3,34.0,34.0,86.0,0,-26.0,2
Fetty Wap,Again,['Fetty Wap'],9,38.0,45.0,41.0,2,-0.006329113924050633,474
Fetty Wap,Jimmy Choo,['Fetty Wap'],11,65.0,69.0,98.0,1,-3.6666666666666665,9
Fetty Wap,RGF Island,['Fetty Wap'],4,74.0,86.0,95.0,1,-10.5,2
Fetty Wap,Trap Queen,['Fetty Wap'],5,27.0,31.0,39.0,2,-6.0,2
Fetty Wap,Wake Up,['Fetty Wap'],13,50.0,84.0,92.0,10,-8.4,5
Fetty Wap Featuring Remy Boyz,679,"['Fetty Wap', 'Remy Boyz']",16,11.0,11.0,40.0,0,-1.9333333333333333,15
Fifth Harmony,That's My Girl,['Fifth Harmony'],3,73.0,73.0,84.0,0,-5.5,2
Fifth Harmony Featuring Fetty Wap,All In My Head (Flex),"['Fifth Harmony', 'Fetty Wap']",18,24.0,78.0,89.0,6,-5.909090909090909,11
Fifth Harmony Featuring Gucci Mane,Down,"['Fifth Harmony', 'Gucci Mane']",10,42.0,42.0,99.0,0,-4.75,12
Fifth Harmony Featuring Ty Dolla $ign,Work From Home,"['Fifth Harmony', 'Ty Dolla $ign']",34,4.0,12.0,49.0,12,-2.142857142857143,21
Fifty Fifty,Cupid,['Fifty Fifty'],25,17.0,100.0,45.0,7,-1.6470588235294117,17
Finesse2Tymes,Back End,['Finesse2Tymes'],5,86.0,98.0,100.0,2,-7.0,2
Fireboy DML & Ed Sheeran,Peru,"['Fireboy DML', 'Ed Sheeran']",15,53.0,79.0,86.0,8,-5.5,6
Fitz And The Tantrums,HandClap,['Fitz And The Tantrums'],20,53.0,89.0,54.0,17,-0.5,2
"Fivio Foreign, Kanye West & Alicia Keys",City Of Gods,"['Fivio Foreign', 'Kanye West', 'Alicia Keys']",10,46.0,46.0,99.0,0,-5.3,10
Fleetwood Mac,Dreams,['Fleetwood Mac'],4,12.0,21.0,33.0,1,-10.5,2
Fletcher,Undrunk,['Fletcher'],6,61.0,85.0,83.0,2,-7.333333333333333,3
Flipp Dinero,Leave Me Alone,['Flipp Dinero'],25,20.0,96.0,45.0,19,-5.0,5
Flo Milli,Never Lose Me,['Flo Milli'],21,15.0,84.0,44.0,13,-4.142857142857143,7
Flo Rida,My House,['Flo Rida'],34,4.0,51.0,44.0,11,-1.8181818181818181,22
Flo Rida & 99 Percent,Cake,"['Flo Rida', '99 Percent']",6,73.0,89.0,96.0,1,-5.75,4
Florida Georgia Line,Confession,['Florida Georgia Line'],20,53.0,99.0,97.0,14,-8.8,5
Florida Georgia Line,H.O.L.Y.,['Florida Georgia Line'],22,14.0,20.0,50.0,8,-2.769230769230769,13
Florida Georgia Line,I Love My Country,['Florida Georgia Line'],20,40.0,81.0,62.0,21,-22.0,1
Florida Georgia Line,Long Live,['Florida Georgia Line'],17,45.0,79.0,93.0,12,-12.0,4
Florida Georgia Line,Simple,['Florida Georgia Line'],20,32.0,55.0,60.0,12,-4.0,7
Florida Georgia Line,Smooth,['Florida Georgia Line'],7,89.0,98.0,92.0,4,-1.5,2
Florida Georgia Line,Talk You Out Of It,['Florida Georgia Line'],26,57.0,80.0,58.0,24,-1.0,1
Florida Georgia Line Featuring Backstreet Boys,"God, Your Mama, And Me","['Florida Georgia Line', 'Backstreet Boys']",19,46.0,92.0,95.0,16,-8.166666666666666,6
Florida Georgia Line Featuring Tim McGraw,May We All,"['Florida Georgia Line', 'Tim McGraw']",20,30.0,56.0,52.0,10,-2.4444444444444446,9
FloyyMenor X Cris Mj,Gata Only,"['FloyyMenor', 'Cris Mj']",26,27.0,98.0,64.0,4,-1.7619047619047619,21
Flume Featuring Kai,Never Be Like You,"['Flume', 'Kai']",26,20.0,98.0,48.0,19,-4.666666666666667,6
Flume Featuring Tove Lo,Say It,"['Flume', 'Tove Lo']",4,60.0,60.0,98.0,0,-2.375,16
Forrest Frank,Your Way's Better,['Forrest Frank'],22,61.0,72.0,64.0,2,-0.15789473684210525,19
Foster the People,Sit Next To Me,['Foster the People'],20,42.0,86.0,48.0,16,-2.0,3
Frank Sinatra With The Orchestra & Chorus Of Gordon Jenkins,Jingle Bells,"['Frank Sinatra', 'The Orchestra & Chorus Of Gordon Jenkins']",22,16.0,49.0,21.0,260,-0.04807692307692308,104
French Montana Featuring Drake,No Shopping,"['French Montana', 'Drake']",11,36.0,89.0,100.0,2,-8.0,8
French Montana Featuring Drake,No Stylist,"['French Montana', 'Drake']",20,47.0,47.0,92.0,0,-2.3684210526315788,19
French Montana Featuring Kodak Black,Lockjaw,"['French Montana', 'Kodak Black']",13,73.0,98.0,96.0,2,-1.6428571428571428,14
"French Montana Featuring Post Malone, Cardi B & Rvssian",Writing On The Wall,"['French Montana', 'Post Malone', 'Cardi B', 'Rvssian']",3,56.0,56.0,90.0,0,-17.0,2
French Montana Featuring Swae Lee,Unforgettable,"['French Montana', 'Swae Lee']",41,3.0,74.0,50.0,16,-1.9583333333333333,24
Frenship & Emily Warren,Capsize,"['Frenship', 'Emily Warren']",10,78.0,94.0,97.0,3,-3.1666666666666665,6
Fridayy,When It Comes To You,['Fridayy'],2,97.0,98.0,97.0,2,0.0,0
Fuerza Regida,Marlboro Rojo,['Fuerza Regida'],21,64.0,74.0,74.0,6,-0.6666666666666666,15
Fuerza Regida,Nel,['Fuerza Regida'],14,70.0,91.0,88.0,7,-2.25,8
Fuerza Regida,Por Esos Ojos,['Fuerza Regida'],15,64.0,85.0,100.0,11,-4.0,9
Fuerza Regida,Sabor Fresa,['Fuerza Regida'],16,26.0,26.0,97.0,0,-2.5357142857142856,28
Fuerza Regida,TQM,['Fuerza Regida'],17,34.0,35.0,99.0,2,-4.642857142857143,14
Fuerza Regida,Tu Name,['Fuerza Regida'],14,66.0,93.0,99.0,2,-2.5384615384615383,13
Fuerza Regida,Tu Sancho,['Fuerza Regida'],10,65.0,81.0,99.0,3,-3.7777777777777777,9
Fuerza Regida & Grupo Frontera,Me Jalo,"['Fuerza Regida', 'Grupo Frontera']",20,48.0,97.0,97.0,11,-4.454545454545454,11
Fuerza Regida & Marshmello,Harley Quinn,"['Fuerza Regida', 'Marshmello']",20,40.0,44.0,82.0,1,-2.3333333333333335,18
Fuerza Regida & Peso Pluma,Igualito A Mi Apa,"['Fuerza Regida', 'Peso Pluma']",6,80.0,90.0,95.0,1,-3.75,4
Fuerza Regida X Grupo Frontera,Bebe Dame,"['Fuerza Regida', 'Grupo Frontera']",20,25.0,91.0,57.0,3,-2.0,16
Fuerza Regida X Natanael Cano,Ch y La Pizza,"['Fuerza Regida', 'Natanael Cano']",9,68.0,97.0,86.0,4,-4.5,4
Future,31 Days,['Future'],2,65.0,65.0,99.0,0,-34.0,1
Future,712PM,['Future'],3,8.0,8.0,93.0,0,-42.5,2
Future,Crushed Up,['Future'],5,43.0,46.0,97.0,2,-27.0,2
Future,Draco,['Future'],8,46.0,46.0,83.0,0,-5.285714285714286,7
Future,I'm Dat N***a,['Future'],2,10.0,10.0,79.0,0,-69.0,1
Future,Jumpin On A Jet,['Future'],2,57.0,80.0,57.0,1,0.0,0
Future,Lil Demon,['Future'],5,25.0,25.0,94.0,0,-17.25,4
Future,Love You Better,['Future'],15,12.0,12.0,86.0,0,-1.7619047619047619,42
Future,Mask Off,['Future'],31,5.0,49.0,48.0,8,-1.9545454545454546,22
Future,Massaging Me,['Future'],2,20.0,20.0,87.0,0,-67.0,1
Future,Plutoski,['Future'],3,29.0,29.0,79.0,0,-25.0,2
Future,Puffin On Zootiez,['Future'],19,4.0,4.0,92.0,0,-4.888888888888889,18
Future,Ski,['Future'],3,26.0,26.0,94.0,0,-34.0,2
Future,South Of France,['Future'],2,57.0,57.0,80.0,0,-3.8333333333333335,6
Future,Stick Talk,['Future'],2,91.0,99.0,91.0,1,0.0,0
Future,Teflon Don,['Future'],3,21.0,21.0,82.0,0,-30.5,2
Future,Too Fast,['Future'],3,23.0,23.0,74.0,0,-25.5,2
Future,Wicked,['Future'],20,41.0,73.0,86.0,9,-4.5,10
Future,Worst Day,['Future'],3,34.0,34.0,84.0,0,-25.0,2
Future & Juice WRLD,Fine China,"['Future', 'Juice WRLD']",13,26.0,26.0,83.0,0,-4.75,12
Future & Lil Uzi Vert,Drankin N Smokin,"['Future', 'Lil Uzi Vert']",18,31.0,31.0,95.0,0,-2.2857142857142856,28
Future & Metro Boomin,Claustrophobic,"['Future', 'Metro Boomin']",2,24.0,24.0,92.0,0,-68.0,1
Future & Metro Boomin,Fried (She A Vibe),"['Future', 'Metro Boomin']",2,33.0,33.0,91.0,0,-58.0,1
Future & Metro Boomin,Ice Attack,"['Future', 'Metro Boomin']",2,13.0,13.0,72.0,0,-59.0,1
Future & Metro Boomin,Magic Don Juan (Princess Diana),"['Future', 'Metro Boomin']",2,27.0,27.0,93.0,0,-66.0,1
Future & Metro Boomin,Slimed In,"['Future', 'Metro Boomin']",2,20.0,20.0,78.0,0,-58.0,1
Future & Metro Boomin,We Don't Trust You,"['Future', 'Metro Boomin']",4,8.0,8.0,86.0,0,-26.0,3
Future & Young Thug Featuring Offset,Patek Water,"['Future', 'Young Thug', 'Offset']",4,50.0,50.0,100.0,0,-16.666666666666668,3
Future Featuring Drake,I'm On One,"['Future', 'Drake']",5,11.0,11.0,93.0,0,-20.5,4
Future Featuring Drake,Life Is Good,"['Future', 'Drake']",38,2.0,2.0,41.0,0,-1.054054054054054,37
Future Featuring Drake,Used To This,"['Future', 'Drake']",18,14.0,14.0,91.0,0,-4.529411764705882,17
Future Featuring Drake,Where Ya At,"['Future', 'Drake']",4,35.0,35.0,47.0,0,-4.0,3
Future Featuring Drake & Tems,Wait For U,"['Future', 'Drake', 'Tems']",41,1.0,1.0,38.0,0,-0.8604651162790697,43
Future Featuring Nicki Minaj,You Da Baddest,"['Future', 'Nicki Minaj']",2,38.0,38.0,87.0,0,-49.0,1
Future Featuring Rihanna,Selfish,"['Future', 'Rihanna']",10,37.0,37.0,95.0,0,-6.444444444444445,9
Future Featuring The Weeknd,Comin Out Strong,"['Future', 'The Weeknd']",3,48.0,48.0,96.0,0,-24.0,2
Future Featuring The Weeknd,Low Life,"['Future', 'The Weeknd']",35,18.0,52.0,49.0,10,-1.2916666666666667,24
Future Featuring Travis Scott,First Off,"['Future', 'Travis Scott']",3,47.0,47.0,80.0,0,-16.5,2
Future Featuring Travis Scott,Solitaires,"['Future', 'Travis Scott']",3,32.0,32.0,100.0,0,-34.0,2
Future Featuring YoungBoy Never Broke Again,Trillionaire,"['Future', 'YoungBoy Never Broke Again']",4,34.0,34.0,99.0,0,-21.666666666666668,3
"Future, Drake & Young Thug",D4L,"['Future', 'Drake', 'Young Thug']",2,19.0,19.0,77.0,0,-58.0,1
"Future, Metro Boomin & Kendrick Lamar",Like That,"['Future', 'Metro Boomin', 'Kendrick Lamar']",32,1.0,1.0,45.0,0,-0.9565217391304348,46
"Future, Metro Boomin & Rick Ross",Everyday Hustle,"['Future', 'Metro Boomin', 'Rick Ross']",2,38.0,38.0,96.0,0,-58.0,1
"Future, Metro Boomin & The Weeknd",We Still Don't Trust You,"['Future', 'Metro Boomin', 'The Weeknd']",2,22.0,22.0,88.0,0,-66.0,1
"Future, Metro Boomin & The Weeknd",Young Metro,"['Future', 'Metro Boomin', 'The Weeknd']",4,9.0,9.0,72.0,0,-21.0,3
"Future, Metro Boomin & Travis Scott",Cinderella,"['Future', 'Metro Boomin', 'Travis Scott']",8,6.0,6.0,99.0,0,-13.285714285714286,7
"Future, Metro Boomin, Travis Scott & Playboi Carti",Type Shit,"['Future', 'Metro Boomin', 'Travis Scott', 'Playboi Carti']",20,2.0,2.0,66.0,0,-3.3684210526315788,19
G Herbo,Went Legit,['G Herbo'],20,70.0,95.0,94.0,19,-8.0,3
"G Herbo Featuring Chance the Rapper, Juice WRLD & Lil Uzi Vert",PTSD,"['G Herbo', 'Chance the Rapper', 'Juice WRLD', 'Lil Uzi Vert']",5,38.0,38.0,98.0,0,-7.5,8
G-Eazy & Halsey,Him & I,"['G-Eazy', 'Halsey']",19,14.0,21.0,47.0,9,-3.6666666666666665,9
G-Eazy & Kehlani,Good Life,"['G-Eazy', 'Kehlani']",5,59.0,76.0,90.0,1,-10.333333333333334,3
G-Eazy Featuring A$AP Rocky & Cardi B,No Limit,"['G-Eazy', 'A$AP Rocky', 'Cardi B']",28,4.0,85.0,41.0,14,-2.8461538461538463,13
G-Eazy Featuring Marc E. Bassy,Some Kind Of Drug,"['G-Eazy', 'Marc E. Bassy']",3,97.0,100.0,97.0,2,0.0,0
G-Eazy Featuring Yo Gotti & YBN Nahmir,1942,"['G-Eazy', 'Yo Gotti', 'YBN Nahmir']",8,70.0,90.0,96.0,3,-6.5,4
G-Eazy x Bebe Rexha,"Me, Myself & I","['G-Eazy', 'Bebe Rexha']",31,7.0,40.0,49.0,10,-2.1,20
GAYLE,abcdefu,['GAYLE'],25,3.0,51.0,41.0,13,-3.4545454545454546,11
GELO,Tweaker,['GELO'],13,29.0,29.0,92.0,0,-5.25,12
Gabby Barrett,Pick Me Up,['Gabby Barrett'],22,55.0,100.0,55.0,26,0.0,0
Gabby Barrett,The Good Ones,['Gabby Barrett'],23,19.0,100.0,40.0,15,-3.0,7
Gabby Barrett Featuring Charlie Puth,I Hope,"['Gabby Barrett', 'Charlie Puth']",62,3.0,74.0,24.0,45,-1.3125,16
Gabito Ballesteros & Tito Double P,7 Dias,"['Gabito Ballesteros', 'Tito Double P']",2,84.0,84.0,100.0,0,-4.0,4
"Gabito Ballesteros, Peso Pluma & Natanael Cano",AMG,"['Gabito Ballesteros', 'Peso Pluma', 'Natanael Cano']",20,37.0,92.0,70.0,14,-6.6,5
Galantis,No Money,['Galantis'],5,88.0,99.0,97.0,3,-4.5,2
Garth Brooks,Ask Me How I Know,['Garth Brooks'],7,71.0,98.0,94.0,6,-23.0,1
Garth Brooks & Blake Shelton,Dive Bar,"['Garth Brooks', 'Blake Shelton']",5,78.0,100.0,78.0,4,0.0,0
Gavin Adcock,Last One To Know,['Gavin Adcock'],18,54.0,77.0,90.0,8,-4.0,9
Gene Autry,Here Comes Santa Claus (Right Down Santa Claus Lane),['Gene Autry'],28,21.0,40.0,28.0,263,-0.06796116504854369,103
Gene Autry & The Pinafores,Rudolph The Red-Nosed Reindeer,"['Gene Autry', 'The Pinafores']",32,16.0,36.0,35.0,3,-0.0521978021978022,364
George Birge,Mind On You,['George Birge'],4,62.0,88.0,73.0,2,-11.0,1
Gera MX + Christian Nodal,Botella Tras Botella,"['Gera MX', 'Christian Nodal']",4,60.0,60.0,100.0,0,-8.0,5
Gesaffelstein & The Weeknd,Lost In The Fire,"['Gesaffelstein', 'The Weeknd']",6,27.0,27.0,61.0,0,-6.8,5
Ghost,Mary On A Cross,['Ghost'],2,90.0,90.0,92.0,0,-1.0,2
Ghost Town DJ's,My Boo,"[""Ghost Town DJ's""]",5,27.0,29.0,47.0,1,-6.666666666666667,3
Gigi Perez,Sailor Song,['Gigi Perez'],39,22.0,98.0,47.0,12,-0.9615384615384616,26
Giveon,For Tonight,['Giveon'],20,61.0,91.0,75.0,14,-2.3333333333333335,6
Giveon,Heartbreak Anniversary,['Giveon'],29,16.0,74.0,34.0,18,-1.8,10
Giveon,Like I Want You,['Giveon'],4,87.0,95.0,87.0,4,0.0,0
Giveon,Twenties,['Giveon'],3,55.0,55.0,97.0,0,-14.0,3
Glass Animals,Heat Waves,['Glass Animals'],91,1.0,100.0,21.0,60,-0.625,32
GloRilla,Hollon,['GloRilla'],7,48.0,86.0,96.0,3,-16.0,3
GloRilla,TGIF,['GloRilla'],22,22.0,47.0,42.0,16,-4.0,5
GloRilla,Typa,['GloRilla'],14,42.0,42.0,87.0,0,-3.2142857142857144,14
GloRilla,Yeah Glo!,['GloRilla'],25,28.0,89.0,43.0,13,-1.3636363636363635,11
GloRilla & Cardi B,Tomorrow 2,"['GloRilla', 'Cardi B']",22,9.0,9.0,46.0,0,-1.7619047619047619,21
GloRilla & Megan Thee Stallion,Wanna Be,"['GloRilla', 'Megan Thee Stallion']",24,11.0,11.0,43.0,0,-1.391304347826087,23
GloRilla & Sexyy Red,Whatchu Kno About Me,"['GloRilla', 'Sexyy Red']",22,17.0,31.0,47.0,5,-1.875,16
GloRilla & T-Pain,I Luv Her,"['GloRilla', 'T-Pain']",7,70.0,92.0,80.0,1,-2.0,5
Gnash Featuring Olivia O'Brien,I Hate U I Love U,"['Gnash', ""Olivia O'Brien""]",39,10.0,93.0,41.0,24,-2.2142857142857144,14
GoldLink Featuring Brent Faiyaz & Shy Glizzy,Crew,"['GoldLink', 'Brent Faiyaz', 'Shy Glizzy']",21,45.0,94.0,50.0,13,-0.7142857142857143,7
Good Neighbours,Home,['Good Neighbours'],11,77.0,77.0,96.0,0,-1.7272727272727273,11
Grace Featuring G-Eazy,You Don't Own Me,"['Grace', 'G-Eazy']",20,57.0,95.0,61.0,17,-0.5,8
Gracie Abrams,Close To You,['Gracie Abrams'],21,49.0,49.0,96.0,0,-1.5666666666666667,30
Gracie Abrams,"I Love You, I'm Sorry",['Gracie Abrams'],21,19.0,83.0,43.0,10,-2.1818181818181817,11
Gracie Abrams,That's So True,['Gracie Abrams'],38,6.0,44.0,42.0,3,-1.0588235294117647,34
Gracie Abrams Featuring Taylor Swift,Us.,"['Gracie Abrams', 'Taylor Swift']",2,36.0,36.0,74.0,0,-38.0,1
Granger Smith,Backroad Song,['Granger Smith'],15,49.0,91.0,94.0,8,-7.5,6
Granger Smith,If The Boot Fits,['Granger Smith'],3,80.0,100.0,84.0,2,-4.0,1
Grupo Firme,"Ya Superame (En Vivo Desde Culiacan, Sinaloa)",['Grupo Firme'],3,91.0,92.0,91.0,2,0.0,0
Grupo Frontera,No Se Va,['Grupo Frontera'],20,57.0,99.0,82.0,2,-1.3157894736842106,19
Grupo Frontera & Grupo Firme,El Amor de Su Vida,"['Grupo Frontera', 'Grupo Firme']",20,67.0,82.0,78.0,21,-3.6666666666666665,3
Grupo Frontera X Bad Bunny,Un x100to,"['Grupo Frontera', 'Bad Bunny']",20,5.0,15.0,57.0,1,-2.888888888888889,18
Grupo Marca Registrada X Grupo Frontera,Di Que Si,"['Grupo Marca Registrada', 'Grupo Frontera']",3,89.0,99.0,93.0,1,-4.0,1
Gucci Mane Featuring Drake,Both,"['Gucci Mane', 'Drake']",22,41.0,41.0,44.0,0,-0.14285714285714285,21
Gucci Mane Featuring Lil Durk,Rumors,"['Gucci Mane', 'Lil Durk']",14,51.0,51.0,97.0,0,-3.5384615384615383,13
Gucci Mane Featuring Migos,I Get The Bag,"['Gucci Mane', 'Migos']",26,11.0,34.0,49.0,8,-2.235294117647059,17
Gucci Mane Featuring Offset,Met Gala,"['Gucci Mane', 'Offset']",2,88.0,88.0,92.0,0,-4.0,1
Gucci Mane Featuring The Weeknd,Curve,"['Gucci Mane', 'The Weeknd']",3,67.0,67.0,71.0,0,-1.0,4
Gucci Mane X Bruno Mars X Kodak Black,Wake Up In The Sky,"['Gucci Mane', 'Bruno Mars', 'Kodak Black']",26,11.0,30.0,48.0,12,-2.8461538461538463,13
Gunna,Alotta Cake,['Gunna'],2,46.0,46.0,89.0,0,-43.0,1
Gunna,Back To The Moon,['Gunna'],2,29.0,29.0,64.0,0,-35.0,1
Gunna,Banking On Me,['Gunna'],10,61.0,61.0,93.0,0,-3.5555555555555554,9
Gunna,Bread & Butter,['Gunna'],4,48.0,48.0,88.0,0,-13.333333333333334,3
Gunna,Fukumean,['Gunna'],32,4.0,16.0,41.0,5,-1.3214285714285714,28
Gunna,Him All Along,['Gunna'],5,58.0,58.0,85.0,0,-6.75,4
Gunna,Just Say Dat,['Gunna'],2,46.0,46.0,89.0,0,-43.0,1
Gunna,Livin Wild,['Gunna'],2,61.0,61.0,99.0,0,-38.0,1
Gunna,On One Tonight,['Gunna'],7,54.0,54.0,98.0,0,-1.3333333333333333,33
Gunna,One Call,['Gunna'],2,56.0,56.0,78.0,0,-7.333333333333333,3
Gunna,One Of Wun,['Gunna'],20,26.0,26.0,67.0,0,-2.1578947368421053,19
Gunna,Poochie Gown,['Gunna'],2,42.0,42.0,78.0,0,-36.0,1
Gunna,Rodeo Dr,['Gunna'],2,42.0,42.0,83.0,0,-41.0,1
Gunna,SkyBox,['Gunna'],2,65.0,79.0,65.0,11,0.0,0
Gunna,Whatsapp (Wassam),['Gunna'],2,62.0,95.0,62.0,1,0.0,0
Gunna & 21 Savage,Thought I Was Playing,"['Gunna', '21 Savage']",3,23.0,23.0,88.0,0,-32.5,2
Gunna & Future,Too Easy,"['Gunna', 'Future']",16,16.0,38.0,100.0,15,-16.8,5
Gunna & Future Featuring Young Thug,Pushin P,"['Gunna', 'Future', 'Young Thug']",20,7.0,7.0,85.0,0,-4.105263157894737,19
Gunna Featuring Burna Boy,wgft,"['Gunna', 'Burna Boy']",19,40.0,94.0,57.0,13,-3.4,5
Gunna Featuring Drake,P Power,"['Gunna', 'Drake']",14,24.0,24.0,96.0,0,-5.538461538461538,13
Gunna Featuring G Herbo,IDK That Bitch,"['Gunna', 'G Herbo']",2,59.0,59.0,95.0,0,-36.0,1
Gunna Featuring Kodak Black,How You Did That,"['Gunna', 'Kodak Black']",2,47.0,47.0,72.0,0,-25.0,1
Gunna Featuring Lil Baby,25k Jacket,"['Gunna', 'Lil Baby']",3,28.0,28.0,92.0,0,-32.0,2
Gunna Featuring Offset,Prada Dem,"['Gunna', 'Offset']",3,54.0,54.0,85.0,0,-3.4444444444444446,9
Gunna Featuring Roddy Ricch,Cooler Than A Bitch,"['Gunna', 'Roddy Ricch']",3,41.0,41.0,89.0,0,-24.0,2
Gunna Featuring Wizkid,Forever Be Mine,"['Gunna', 'Wizkid']",2,68.0,68.0,96.0,0,-28.0,1
Gunna Featuring Young Thug,Dollaz On My Head,"['Gunna', 'Young Thug']",19,38.0,38.0,99.0,0,-2.9047619047619047,21
Gunna Featuring Young Thug,Mop,"['Gunna', 'Young Thug']",2,45.0,45.0,86.0,0,-41.0,1
Gwen Stefani,Make Me Like You,['Gwen Stefani'],5,54.0,54.0,100.0,0,-7.666666666666667,6
Gwen Stefani,Shake The Snow Globe,['Gwen Stefani'],3,71.0,86.0,71.0,2,0.0,0
Gwen Stefani,Used To Love You,['Gwen Stefani'],5,61.0,67.0,80.0,3,-19.0,1
H.E.R.,Damage,['H.E.R.'],20,44.0,70.0,62.0,16,-1.8,10
H.E.R. Featuring Chris Brown,Come Through,"['H.E.R.', 'Chris Brown']",18,64.0,64.0,88.0,0,-0.6666666666666666,36
H.E.R. Featuring YG,Slide,"['H.E.R.', 'YG']",20,43.0,85.0,75.0,16,-10.666666666666666,3
HARDY,Favorite Country Song,['HARDY'],8,76.0,100.0,76.0,7,0.0,0
HARDY,Give Heaven Some Hell,['HARDY'],10,69.0,100.0,78.0,8,-4.5,2
HARDY,Truck Bed,['HARDY'],41,27.0,89.0,39.0,40,-12.0,1
HARDY Featuring Lainey Wilson,Wait In The Truck,"['HARDY', 'Lainey Wilson']",34,23.0,98.0,44.0,21,-1.6153846153846154,13
HARDY Featuring Lauren Alaina & Devin Dawson,One Beer,"['HARDY', 'Lauren Alaina', 'Devin Dawson']",25,33.0,97.0,38.0,23,-2.5,2
"HUNTR/X: EJAE, Audrey Nuna & REI AMI",Golden,"['HUNTR/X', 'EJAE', 'Audrey Nuna', 'REI AMI']",26,1.0,81.0,11.0,6,-0.5263157894736842,19
"HUNTR/X: EJAE, Audrey Nuna & REI AMI",How It's Done,"['HUNTR/X', 'EJAE', 'Audrey Nuna', 'REI AMI']",22,8.0,42.0,52.0,10,-4.0,11
"HUNTR/X: EJAE, Audrey Nuna & REI AMI",Takedown,"['HUNTR/X', 'EJAE', 'Audrey Nuna', 'REI AMI']",20,21.0,64.0,43.0,8,-2.0,11
"HUNTR/X: EJAE, Audrey Nuna & REI AMI",What It Sounds Like,"['HUNTR/X', 'EJAE', 'Audrey Nuna', 'REI AMI']",21,15.0,55.0,42.0,10,-2.7,10
Hailee Steinfeld,Most Girls,['Hailee Steinfeld'],16,58.0,77.0,88.0,8,-4.285714285714286,7
Hailee Steinfeld & Alesso Featuring Florida Georgia Line & WATT,Let Me Go,"['Hailee Steinfeld', 'Alesso', 'Florida Georgia Line', 'WATT']",21,40.0,99.0,50.0,15,-1.4285714285714286,7
Hailee Steinfeld & Grey Featuring Zedd,Starving,"['Hailee Steinfeld', 'Grey', 'Zedd']",29,12.0,96.0,40.0,17,-2.5454545454545454,11
Halsey,Bad At Love,['Halsey'],32,5.0,81.0,50.0,18,-3.4615384615384617,13
Halsey,Graveyard,['Halsey'],20,34.0,45.0,64.0,10,-3.3333333333333335,9
Halsey,New Americana,['Halsey'],6,60.0,80.0,87.0,2,-9.0,3
Halsey,Nightmare,['Halsey'],11,15.0,15.0,100.0,0,-8.5,10
Halsey,Now Or Never,['Halsey'],20,17.0,50.0,40.0,13,-3.8333333333333335,6
Halsey,So Good,['Halsey'],16,51.0,55.0,76.0,13,-12.5,2
Halsey,Without Me,['Halsey'],52,1.0,18.0,33.0,12,-0.8205128205128205,39
Halsey,You Should Be Sad,['Halsey'],18,26.0,29.0,97.0,1,-4.4375,16
Halsey Featuring Big Sean & Stefflon Don,Alone,"['Halsey', 'Big Sean', 'Stefflon Don']",14,66.0,100.0,86.0,13,-20.0,1
Hanumankind X Kalmi,Big Dawgs,"['Hanumankind', 'Kalmi']",13,23.0,57.0,83.0,2,-6.0,10
Harry Styles,Adore You,['Harry Styles'],50,6.0,35.0,49.0,16,-1.303030303030303,33
Harry Styles,As It Was,['Harry Styles'],61,1.0,1.0,24.0,0,-0.38333333333333336,60
Harry Styles,Boyfriends,['Harry Styles'],2,30.0,30.0,88.0,0,-58.0,1
Harry Styles,Cinema,['Harry Styles'],2,22.0,22.0,75.0,0,-53.0,1
Harry Styles,Daydreaming,['Harry Styles'],2,24.0,24.0,77.0,0,-53.0,1
Harry Styles,Daylight,['Harry Styles'],4,13.0,13.0,88.0,0,-25.0,3
Harry Styles,Golden,['Harry Styles'],20,57.0,86.0,65.0,62,-4.0,2
Harry Styles,Grapejuice,['Harry Styles'],3,15.0,15.0,91.0,0,-38.0,2
Harry Styles,Keep Driving,['Harry Styles'],2,25.0,25.0,76.0,0,-51.0,1
Harry Styles,Late Night Talking,['Harry Styles'],24,3.0,4.0,34.0,15,-3.875,8
Harry Styles,Lights Up,['Harry Styles'],5,17.0,17.0,64.0,0,-5.222222222222222,9
Harry Styles,Little Freak,['Harry Styles'],3,14.0,14.0,90.0,0,-38.0,2
Harry Styles,Love Of My Life,['Harry Styles'],2,29.0,29.0,81.0,0,-52.0,1
Harry Styles,Matilda,['Harry Styles'],4,9.0,9.0,86.0,0,-25.666666666666668,3
Harry Styles,Music For A Sushi Restaurant,['Harry Styles'],18,8.0,8.0,89.0,0,-3.24,25
Harry Styles,Satellite,['Harry Styles'],3,21.0,21.0,94.0,0,-36.5,2
Harry Styles,Sign Of The Times,['Harry Styles'],13,4.0,4.0,73.0,0,-5.75,12
Harry Styles,Watermelon Sugar,['Harry Styles'],39,1.0,60.0,42.0,37,-1.8636363636363635,22
Hey Violet,Guys My Age,['Hey Violet'],5,68.0,84.0,83.0,3,-15.0,1
High Valley,She's With Me,['High Valley'],8,79.0,96.0,95.0,5,-8.0,2
Hitkidd & GloRilla,F.N.F. (Let's Go),"['Hitkidd', 'GloRilla']",20,42.0,91.0,51.0,15,-2.25,4
Hotel Ugly,Shut Up My Moms Calling,['Hotel Ugly'],8,68.0,96.0,98.0,2,-6.0,5
Hozier,Eat Your Young,['Hozier'],2,67.0,67.0,96.0,0,-29.0,1
Hozier,Too Sweet,['Hozier'],52,1.0,5.0,30.0,3,-0.5918367346938775,49
Hudson Westbrook,House Again,['Hudson Westbrook'],35,47.0,98.0,66.0,25,-2.111111111111111,9
"Hugh Jackman, Keala Settle, Zac Efron, Zendaya & The Greatest Showman Ensemble",The Greatest Show,"['Hugh Jackman', 'Keala Settle', 'Zac Efron', 'Zendaya', 'The Greatest Showman Ensemble']",4,88.0,95.0,95.0,1,-3.5,2
Ice Spice,Deli,['Ice Spice'],13,41.0,41.0,98.0,0,-4.384615384615385,13
Ice Spice,In Ha Mood,['Ice Spice'],16,58.0,85.0,99.0,5,-4.1,10
Ice Spice,Think U The Shit (Fart),['Ice Spice'],6,37.0,37.0,93.0,0,-11.2,5
Ice Spice & Central Cee,Did It First,"['Ice Spice', 'Central Cee']",5,51.0,62.0,94.0,2,-21.5,2
Ice Spice & Nicki Minaj,Princess Diana,"['Ice Spice', 'Nicki Minaj']",20,4.0,4.0,69.0,0,-3.4210526315789473,19
Idina Menzel & Aurora,Into The Unknown,"['Idina Menzel', 'Aurora']",12,46.0,55.0,99.0,1,-3.1176470588235294,17
Idina Menzel & Evan Rachel Wood,Show Yourself,"['Idina Menzel', 'Evan Rachel Wood']",3,70.0,99.0,93.0,1,-23.0,1
Iggy Azalea,Team,['Iggy Azalea'],8,42.0,42.0,99.0,0,-8.142857142857142,7
Imagine Dragons,Bad Liar,['Imagine Dragons'],9,56.0,79.0,85.0,19,-7.25,4
Imagine Dragons,Believer,['Imagine Dragons'],51,4.0,43.0,29.0,26,-1.0416666666666667,24
Imagine Dragons,Bones,['Imagine Dragons'],20,47.0,93.0,57.0,26,-3.3333333333333335,3
Imagine Dragons,Follow You,['Imagine Dragons'],15,68.0,83.0,86.0,8,-2.0,9
Imagine Dragons,Natural,['Imagine Dragons'],27,13.0,37.0,50.0,11,-2.466666666666667,15
Imagine Dragons,Thunder,['Imagine Dragons'],51,4.0,70.0,45.0,28,-1.8636363636363635,22
Imagine Dragons,Whatever It Takes,['Imagine Dragons'],27,12.0,92.0,37.0,50,-2.0833333333333335,12
Imagine Dragons X JID,Enemy,"['Imagine Dragons', 'JID']",36,5.0,85.0,38.0,18,-1.9411764705882353,17
Imogen Heap,Headlock,['Imogen Heap'],12,82.0,100.0,93.0,6,-1.5714285714285714,7
Ingrid Andress,More Hearts Than Mine,['Ingrid Andress'],20,30.0,88.0,73.0,16,-14.333333333333334,3
Ingrid Andress With Sam Hunt,Wishful Drinking,"['Ingrid Andress', 'Sam Hunt']",20,47.0,71.0,88.0,14,-8.2,5
Internet Money & Gunna Featuring Don Toliver & Nav,Lemonade,"['Internet Money', 'Gunna', 'Don Toliver', 'Nav']",29,6.0,66.0,38.0,12,-2.0,16
"Internet Money, Lil Tecca & A Boogie wit da Hoodie",Somebody,"['Internet Money', 'Lil Tecca', 'A Boogie wit da Hoodie']",4,96.0,97.0,96.0,3,0.0,0
Ivan Cornejo,Esta Danada,['Ivan Cornejo'],5,61.0,96.0,83.0,1,-7.333333333333333,3
J Balvin,Ginza,['J Balvin'],4,89.0,89.0,99.0,0,-2.5,4
J Balvin & Bad Bunny,La Cancion,"['J Balvin', 'Bad Bunny']",8,84.0,98.0,100.0,10,-5.333333333333333,3
J Balvin & Bad Bunny,Que Pretendes,"['J Balvin', 'Bad Bunny']",5,65.0,65.0,99.0,0,-5.666666666666667,6
J Balvin & Skrillex,In Da Getto,"['J Balvin', 'Skrillex']",3,90.0,96.0,94.0,2,-4.0,1
J Balvin & Willy William Featuring Beyonce,Mi Gente,"['J Balvin', 'Willy William', 'Beyonce']",29,3.0,70.0,44.0,13,-2.7333333333333334,15
"J Balvin, Dua Lipa, Bad Bunny & Tainy",Un Dia (One Day),"['J Balvin', 'Dua Lipa', 'Bad Bunny', 'Tainy']",14,63.0,63.0,94.0,0,-2.3846153846153846,13
J-Hope & GloRilla,Killin' It Girl,"['J-Hope', 'GloRilla']",2,40.0,40.0,90.0,0,-50.0,1
J. Cole,1985 (Intro To The Fall Off),['J. Cole'],2,20.0,20.0,79.0,0,-59.0,1
J. Cole,95.south,['J. Cole'],3,8.0,8.0,94.0,0,-43.0,2
J. Cole,ATM,['J. Cole'],5,6.0,6.0,89.0,0,-20.75,4
J. Cole,Change,['J. Cole'],2,21.0,21.0,83.0,0,-62.0,1
J. Cole,Crocodile Tearz,['J. Cole'],2,19.0,19.0,90.0,0,-71.0,1
J. Cole,Deja Vu,['J. Cole'],20,7.0,7.0,100.0,0,-4.894736842105263,19
J. Cole,False Prophets,['J. Cole'],2,54.0,93.0,54.0,1,0.0,0
J. Cole,Foldin Clothes,['J. Cole'],2,30.0,30.0,98.0,0,-68.0,1
J. Cole,For Whom The Bell Tolls,['J. Cole'],2,23.0,23.0,93.0,0,-70.0,1
J. Cole,Huntin' Wabbitz,['J. Cole'],2,28.0,28.0,98.0,0,-70.0,1
J. Cole,Immortal,['J. Cole'],5,11.0,11.0,97.0,0,-21.5,4
J. Cole,KOD,['J. Cole'],12,10.0,10.0,84.0,0,-6.7272727272727275,11
J. Cole,Kevin's Heart,['J. Cole'],5,8.0,8.0,92.0,0,-21.0,4
J. Cole,Lion King On Ice,['J. Cole'],2,51.0,51.0,97.0,0,-46.0,1
J. Cole,Middle Child,['J. Cole'],27,4.0,26.0,49.0,1,-1.8,25
J. Cole,Motiv8,['J. Cole'],2,15.0,15.0,71.0,0,-56.0,1
J. Cole,Neighbors,['J. Cole'],6,13.0,13.0,84.0,0,-14.2,5
J. Cole,No Role Modelz,['J. Cole'],8,36.0,36.0,47.0,0,-1.5714285714285714,7
J. Cole,Photograph,['J. Cole'],2,14.0,14.0,80.0,0,-66.0,1
J. Cole,"She's Mine, Pt. 1",['J. Cole'],2,22.0,22.0,89.0,0,-67.0,1
J. Cole,Snow On Tha Bluff,['J. Cole'],2,54.0,59.0,54.0,1,0.0,0
J. Cole,Ville Mentality,['J. Cole'],2,24.0,24.0,90.0,0,-66.0,1
J. Cole,amari,['J. Cole'],3,5.0,5.0,65.0,0,-30.0,2
J. Cole,applying.pressure,['J. Cole'],2,13.0,13.0,72.0,0,-59.0,1
J. Cole,cLOUDs,['J. Cole'],2,69.0,69.0,77.0,0,-8.0,1
J. Cole,interlude,['J. Cole'],3,8.0,8.0,71.0,0,-31.5,2
J. Cole,punchin'.the.clock,['J. Cole'],2,20.0,20.0,97.0,0,-77.0,1
J. Cole,the.climb.back,['J. Cole'],4,25.0,100.0,99.0,43,-74.0,1
J. Cole & BAS,100.mil',"['J. Cole', 'BAS']",2,14.0,14.0,80.0,0,-66.0,1
J. Cole & Lil Baby,pride.is.the.devil,"['J. Cole', 'Lil Baby']",6,7.0,7.0,88.0,0,-16.2,5
"J. Cole, 21 Savage & Morray",my.life,"['J. Cole', '21 Savage', 'Morray']",14,2.0,2.0,90.0,0,-6.769230769230769,13
"J. Cole, BAS & 6LACK",let.go.my.hand,"['J. Cole', 'BAS', '6LACK']",2,19.0,19.0,83.0,0,-64.0,1
J.I The Prince Of N.Y,Need Me,['J.I The Prince Of N.Y'],2,95.0,100.0,95.0,1,0.0,0
JACKBOYS & Sheck Wes,GANG GANG,"['JACKBOYS', 'Sheck Wes']",2,48.0,48.0,71.0,0,-23.0,1
JACKBOYS Featuring Don Toliver,WHAT TO DO?,"['JACKBOYS', 'Don Toliver']",2,56.0,56.0,100.0,0,-44.0,1
JACKBOYS Featuring Young Thug,Out West,"['JACKBOYS', 'Young Thug']",22,38.0,38.0,55.0,0,-0.7391304347826086,23
JENNIE,Mantra,['JENNIE'],2,98.0,98.0,99.0,0,-1.0,1
JENNIE,like JENNIE,['JENNIE'],3,83.0,83.0,99.0,0,-2.6666666666666665,6
JENNIE & Doechii,ExtraL,"['JENNIE', 'Doechii']",2,75.0,75.0,99.0,0,-12.0,2
"JEONGYEON, JIHYO & CHAEYOUNG Of TWICE",Takedown,"['JEONGYEON', 'JIHYO', 'CHAEYOUNG Of TWICE']",19,50.0,86.0,92.0,7,-3.8181818181818183,11
JID Featuring 21 Savage & Baby Tate,Surround Sound,"['JID', '21 Savage', 'Baby Tate']",20,40.0,90.0,78.0,103,-3.4545454545454546,11
JNR CHOI & Sam Tompkins,To The Moon!,"['JNR CHOI', 'Sam Tompkins']",20,38.0,95.0,88.0,7,-4.166666666666667,12
JP Saxe Featuring Julia Michaels,If The World Was Ending,"['JP Saxe', 'Julia Michaels']",29,27.0,96.0,43.0,22,-2.6666666666666665,6
JT,Okay,['JT'],6,72.0,74.0,99.0,9,-4.5,6
JVKE,Golden Hour,['JVKE'],33,10.0,71.0,47.0,21,-3.3636363636363638,11
Jack Black,Peaches,['Jack Black'],5,56.0,83.0,99.0,1,-14.333333333333334,3
Jack Black,Steve's Lava Chicken,['Jack Black'],3,78.0,78.0,98.0,0,-10.0,2
Jack Harlow,Dua Lipa,['Jack Harlow'],4,21.0,21.0,90.0,0,-23.0,3
Jack Harlow,First Class,['Jack Harlow'],28,1.0,1.0,44.0,0,-1.5925925925925926,27
Jack Harlow,Lovin On Me,['Jack Harlow'],38,1.0,2.0,39.0,1,-1.0555555555555556,36
Jack Harlow,Nail Tech,['Jack Harlow'],12,18.0,18.0,65.0,0,-4.2727272727272725,11
Jack Harlow,Tyler Herro,['Jack Harlow'],20,34.0,34.0,94.0,0,-3.1578947368421053,19
Jack Harlow & Pooh Shiesty,SUVs (Black On Black),"['Jack Harlow', 'Pooh Shiesty']",2,67.0,67.0,82.0,0,-15.0,1
Jack Harlow Featuring Big Sean,Way Out,"['Jack Harlow', 'Big Sean']",4,74.0,74.0,83.0,0,-3.0,3
"Jack Harlow Featuring DaBaby, Tory Lanez & Lil Wayne",Whats Poppin,"['Jack Harlow', 'DaBaby', 'Tory Lanez', 'Lil Wayne']",51,2.0,96.0,49.0,20,-1.5161290322580645,31
Jack Harlow Featuring Drake,Churchill Downs,"['Jack Harlow', 'Drake']",2,23.0,23.0,78.0,0,-55.0,1
Jackson 5,Santa Claus Is Comin' To Town,['Jackson 5'],14,30.0,46.0,48.0,157,-0.17475728155339806,103
Jackson Dean,Don't Come Lookin',['Jackson Dean'],15,50.0,90.0,96.0,8,-6.571428571428571,7
Jackson Dean,Heavens To Betsy,['Jackson Dean'],3,71.0,95.0,71.0,2,0.0,0
Jacob Sartorius,Hit Or Miss,['Jacob Sartorius'],2,72.0,72.0,81.0,0,-3.0,3
Jacquees,B.E.D.,['Jacquees'],13,69.0,94.0,93.0,4,-3.0,8
Jacquees,You,['Jacquees'],12,58.0,90.0,77.0,6,-3.8,5
Jacquees X DeJ Loaf,At The Club,"['Jacquees', 'DeJ Loaf']",7,86.0,92.0,96.0,2,-2.5,4
Jake Owen,American Country Love Song,['Jake Owen'],17,55.0,83.0,90.0,25,-17.5,2
Jake Owen,Best Thing Since Backroads,['Jake Owen'],4,72.0,96.0,98.0,3,-26.0,1
Jake Owen,Down To The Honkytonk,['Jake Owen'],13,65.0,80.0,65.0,12,0.0,0
Jake Owen,Homemade,['Jake Owen'],16,39.0,88.0,93.0,7,-6.75,8
Jake Owen,I Was Jack (You Were Diane),['Jake Owen'],11,43.0,93.0,91.0,8,-24.0,2
Jake Owen,Made For You,['Jake Owen'],20,32.0,92.0,86.0,10,-6.0,9
Jake Paul Featuring Team 10,It's Everyday Bro,"['Jake Paul', 'Team 10']",2,91.0,94.0,91.0,25,0.0,0
James Arthur,Say You Won't Let Go,['James Arthur'],52,11.0,100.0,46.0,29,-1.5909090909090908,22
James Bay,Let It Go,['James Bay'],34,16.0,98.0,49.0,28,-6.6,5
Jameson Rodgers,Some Girls,['Jameson Rodgers'],17,29.0,92.0,85.0,10,-5.090909090909091,11
Jameson Rodgers Featuring Luke Combs,Cold Beer Calling My Name,"['Jameson Rodgers', 'Luke Combs']",19,26.0,95.0,88.0,12,-10.333333333333334,6
Jana Kramer,I Got The Boy,['Jana Kramer'],7,56.0,71.0,73.0,4,-8.5,2
Jason Aldean,A Little More Summertime,['Jason Aldean'],13,52.0,90.0,87.0,16,-11.666666666666666,3
Jason Aldean,Any Ol' Barstool,['Jason Aldean'],18,52.0,93.0,100.0,11,-8.0,6
Jason Aldean,Blame It On You,['Jason Aldean'],17,30.0,97.0,84.0,11,-10.8,5
Jason Aldean,Girl Like You,['Jason Aldean'],19,46.0,99.0,98.0,8,-4.7272727272727275,11
Jason Aldean,Gonna Know We Were Here,['Jason Aldean'],7,54.0,66.0,93.0,3,-13.0,3
Jason Aldean,Got What I Got,['Jason Aldean'],25,16.0,78.0,41.0,19,-5.0,5
Jason Aldean,How Far Does A Goodbye Go,['Jason Aldean'],10,80.0,88.0,80.0,8,0.0,5
Jason Aldean,Let Your Boys Be Country,['Jason Aldean'],4,83.0,98.0,83.0,4,0.0,0
Jason Aldean,Lights Come On,['Jason Aldean'],19,43.0,43.0,89.0,0,-2.4210526315789473,19
Jason Aldean,Rearview Town,['Jason Aldean'],18,40.0,97.0,99.0,10,-8.428571428571429,7
Jason Aldean,That's What Tequila Does,['Jason Aldean'],8,77.0,97.0,85.0,6,-8.0,1
Jason Aldean,They Don't Know,['Jason Aldean'],12,67.0,87.0,99.0,9,-16.0,2
Jason Aldean,Trouble With A Heartbreak,['Jason Aldean'],20,32.0,88.0,72.0,19,-4.444444444444445,9
Jason Aldean,Try That In A Small Town,['Jason Aldean'],20,1.0,2.0,79.0,1,-4.333333333333333,18
Jason Aldean,We Back,['Jason Aldean'],16,62.0,93.0,67.0,14,-1.6666666666666667,3
Jason Aldean,Whiskey Drink,['Jason Aldean'],8,77.0,98.0,89.0,6,-12.0,1
Jason Aldean,You Make It Easy,['Jason Aldean'],20,28.0,28.0,61.0,0,-1.736842105263158,19
Jason Aldean & Carrie Underwood,If I Didn't Love You,"['Jason Aldean', 'Carrie Underwood']",25,15.0,15.0,42.0,0,-1.0,27
Jason Aldean Featuring Miranda Lambert,Drowns The Whiskey,"['Jason Aldean', 'Miranda Lambert']",19,32.0,85.0,100.0,9,-6.8,10
Jason Derulo,Get Ugly,['Jason Derulo'],12,52.0,100.0,97.0,5,-7.5,6
Jason Derulo,If It Ain't Love,['Jason Derulo'],8,67.0,94.0,84.0,4,-5.666666666666667,3
Jason Derulo,Take You Dancing,['Jason Derulo'],8,57.0,100.0,78.0,9,-7.0,3
Jason Derulo Featuring Adam Levine,Lifestyle,"['Jason Derulo', 'Adam Levine']",5,71.0,95.0,81.0,3,-10.0,1
Jason Derulo Featuring Nicki Minaj & Ty Dolla $ign,Swalla,"['Jason Derulo', 'Nicki Minaj', 'Ty Dolla $ign']",20,29.0,98.0,82.0,11,-6.625,8
Jawsh 685 x Jason Derulo,Savage Love (Laxed - Siren Beat),"['Jawsh 685', 'Jason Derulo']",31,1.0,81.0,51.0,16,-3.125,16
Jax,Victoria's Secret,['Jax'],25,35.0,83.0,47.0,10,-0.8571428571428571,14
"Jay Rock, Kendrick Lamar, Future & James Blake",King's Dead,"['Jay Rock', 'Kendrick Lamar', 'Future', 'James Blake']",20,21.0,91.0,68.0,8,-4.2727272727272725,11
Jay-Z,4:44,['Jay-Z'],2,35.0,35.0,61.0,0,-26.0,1
Jay-Z,The Story Of O.J.,['Jay-Z'],3,23.0,23.0,95.0,0,-36.0,2
Jazmine Sullivan,Pick Up Your Feelings,['Jazmine Sullivan'],20,75.0,95.0,84.0,9,-0.6428571428571429,14
Jelly Roll,Halfway To Hell,['Jelly Roll'],12,48.0,84.0,87.0,8,-13.0,3
Jelly Roll,Heart Of Stone,['Jelly Roll'],13,53.0,86.0,83.0,6,-5.0,6
Jelly Roll,I Am Not Okay,['Jelly Roll'],32,14.0,30.0,41.0,17,-1.8,15
Jelly Roll,Liar,['Jelly Roll'],24,31.0,94.0,32.0,30,-1.0,1
Jelly Roll,Need A Favor,['Jelly Roll'],47,13.0,82.0,45.0,32,-2.0,16
Jelly Roll,Son Of A Sinner,['Jelly Roll'],28,31.0,67.0,43.0,12,-0.8,15
Jelly Roll With Lainey Wilson,Save Me,"['Jelly Roll', 'Lainey Wilson']",37,19.0,86.0,38.0,23,-1.0555555555555556,18
Jennifer Lopez,Ain't Your Mama,['Jennifer Lopez'],2,76.0,92.0,76.0,4,0.0,0
Jeremih,Oui,['Jeremih'],27,19.0,81.0,49.0,13,-2.3076923076923075,13
Jessica Darrow,Surface Pressure,['Jessica Darrow'],19,8.0,54.0,87.0,5,-6.076923076923077,13
Jessie Murph,Blue Strips,['Jessie Murph'],22,15.0,81.0,49.0,3,-1.8888888888888888,18
Jessie Murph,I'm Not There For You,['Jessie Murph'],2,66.0,66.0,95.0,0,-29.0,1
Jessie Murph,Touch Me Like A Gangster,['Jessie Murph'],4,56.0,56.0,94.0,0,-12.666666666666666,3
Jessie Murph & Jelly Roll,Wild Ones,"['Jessie Murph', 'Jelly Roll']",37,35.0,49.0,56.0,15,-1.0,21
"Jhay Cortez, J Balvin & Bad Bunny",No Me Conoce,"['Jhay Cortez', 'J Balvin', 'Bad Bunny']",14,71.0,95.0,99.0,5,-3.5,8
Jhene Aiko,P*$$y Fairy (OTW),['Jhene Aiko'],25,40.0,58.0,70.0,7,-1.7647058823529411,17
Jhene Aiko,Triggered,['Jhene Aiko'],4,51.0,51.0,87.0,0,-0.8372093023255814,43
Jhene Aiko Featuring Big Sean,None Of Your Concern,"['Jhene Aiko', 'Big Sean']",3,55.0,55.0,93.0,0,-2.375,16
Jhene Aiko Featuring H.E.R.,B.S.,"['Jhene Aiko', 'H.E.R.']",23,24.0,24.0,56.0,0,-0.7272727272727273,44
Jhene Aiko Featuring Swae Lee Or Rae Sremmurd,Sativa,"['Jhene Aiko', 'Swae Lee', 'Rae Sremmurd']",16,74.0,98.0,100.0,4,-2.1666666666666665,12
Jimin,Like Crazy,['Jimin'],5,1.0,1.0,97.0,0,-24.0,4
Jimin,Who,['Jimin'],33,12.0,14.0,29.0,1,-0.53125,32
Jimmie Allen,Best Shot,['Jimmie Allen'],20,37.0,97.0,55.0,15,-4.5,4
Jimmie Allen,Down Home,['Jimmie Allen'],9,61.0,100.0,86.0,14,-12.5,2
Jimmie Allen,Make Me Want To,['Jimmie Allen'],10,49.0,84.0,80.0,8,-31.0,1
Jimmie Allen & Brad Paisley,Freedom Was A Highway,"['Jimmie Allen', 'Brad Paisley']",20,45.0,88.0,84.0,12,-5.571428571428571,7
John & Yoko/The Plastic Ono Band With The Harlem Community Choir,Happy Xmas (War Is Over),"['John', 'Yoko', 'The Plastic Ono Band', 'The Harlem Community Choir']",6,38.0,45.0,42.0,209,-0.07547169811320754,53
John Legend,Love Me Now,['John Legend'],19,23.0,55.0,88.0,8,-5.416666666666667,12
John Mayer,Love On The Weekend,['John Mayer'],2,53.0,53.0,91.0,0,-4.222222222222222,9
John Morgan Featuring Jason Aldean,Friends Like That,"['John Morgan', 'Jason Aldean']",6,57.0,92.0,94.0,3,-18.5,2
Joji,Die For You,['Joji'],3,53.0,53.0,96.0,0,-21.5,2
Joji,Glimpse Of Us,['Joji'],20,8.0,10.0,84.0,1,-4.222222222222222,18
Joji,Pixelated Kisses,['Joji'],4,38.0,90.0,97.0,1,-19.666666666666668,3
Joji,Slow Dancing In The Dark,['Joji'],13,69.0,96.0,80.0,33,-1.375,8
Jon Bellion,All Time Low,['Jon Bellion'],22,16.0,82.0,45.0,11,-2.9,10
Jon Pardi,Ain't Always The Cowboy,['Jon Pardi'],18,55.0,99.0,76.0,11,-3.0,7
Jon Pardi,Dirt On My Boots,['Jon Pardi'],20,37.0,95.0,62.0,14,-5.0,5
Jon Pardi,Head Over Boots,['Jon Pardi'],24,51.0,97.0,53.0,21,-1.0,2
Jon Pardi,Heartache Medication,['Jon Pardi'],20,42.0,84.0,52.0,17,-5.0,2
Jon Pardi,Heartache On The Dance Floor,['Jon Pardi'],18,47.0,89.0,92.0,11,-7.5,6
Jon Pardi,Last Night Lonely,['Jon Pardi'],20,27.0,98.0,71.0,13,-7.333333333333333,6
Jon Pardi,Night Shift,['Jon Pardi'],16,56.0,98.0,100.0,14,-11.0,4
Jon Pardi,Tequila Little Time,['Jon Pardi'],14,60.0,86.0,95.0,12,-35.0,1
Jon Pardi,Your Heart Or Mine,['Jon Pardi'],17,47.0,95.0,98.0,14,-25.5,2
Jonas Blue Featuring Dakota,Fast Car,"['Jonas Blue', 'Dakota']",5,98.0,100.0,100.0,2,-0.6666666666666666,3
Jonas Brothers,Cool,['Jonas Brothers'],17,27.0,27.0,97.0,0,-4.375,16
Jonas Brothers,Like It's Christmas,['Jonas Brothers'],12,29.0,72.0,29.0,315,0.0,0
Jonas Brothers,Only Human,['Jonas Brothers'],36,18.0,93.0,48.0,22,-2.0,15
Jonas Brothers,Sucker,['Jonas Brothers'],47,1.0,1.0,43.0,0,-0.8235294117647058,51
Jonas Brothers,Waffle House,['Jonas Brothers'],11,57.0,88.0,100.0,2,-5.375,8
Jonas Brothers,What A Man Gotta Do,['Jonas Brothers'],12,16.0,16.0,98.0,0,-7.454545454545454,11
Jonas Brothers,Who's In Your Head,['Jonas Brothers'],6,92.0,95.0,96.0,3,-1.0,4
Jonas Brothers Featuring Karol G,X,"['Jonas Brothers', 'Karol G']",7,33.0,33.0,98.0,0,-10.833333333333334,6
"Jonathan Bailey Featuring Ariana Grande, Ethan Slater, Marissa Bode & Cynthia Erivo",Dancing Through Life,"['Jonathan Bailey', 'Ariana Grande', 'Ethan Slater', 'Marissa Bode', 'Cynthia Erivo']",2,86.0,90.0,86.0,1,0.0,0
Jordan Adetunji,Kehlani,['Jordan Adetunji'],21,24.0,70.0,50.0,10,-2.6,10
Jordan Davis,Almost Maybes,['Jordan Davis'],23,43.0,95.0,47.0,24,-4.0,1
Jordan Davis,Bar None,['Jordan Davis'],18,37.0,99.0,87.0,15,-16.666666666666668,3
Jordan Davis,I Ain't Sayin',['Jordan Davis'],14,58.0,98.0,85.0,16,-9.0,3
Jordan Davis,Next Thing You Know,['Jordan Davis'],31,23.0,91.0,37.0,22,-1.75,8
Jordan Davis,Singles You Up,['Jordan Davis'],19,50.0,94.0,98.0,7,-4.363636363636363,11
Jordan Davis,Slow Dance In A Parking Lot,['Jordan Davis'],19,37.0,99.0,96.0,13,-9.833333333333334,6
Jordan Davis,Take It From Me,['Jordan Davis'],13,46.0,75.0,79.0,8,-8.25,4
Jordan Davis,Tucson Too Late,['Jordan Davis'],14,71.0,86.0,91.0,9,-5.0,4
Jordan Davis,What My World Spins Around,['Jordan Davis'],28,40.0,100.0,44.0,21,-0.6666666666666666,6
Jordan Davis Featuring Luke Bryan,Buy Dirt,"['Jordan Davis', 'Luke Bryan']",37,22.0,82.0,49.0,24,-2.25,12
Jose Feliciano,Feliz Navidad,['Jose Feliciano'],41,6.0,44.0,14.0,208,-0.03076923076923077,260
Josh Ross,Single Again,['Josh Ross'],5,73.0,97.0,81.0,3,-8.0,1
Josh Turner,Hometown Girl,['Josh Turner'],16,56.0,96.0,96.0,6,-4.444444444444445,9
Joyner Lucas & J. Cole,Your Heart,"['Joyner Lucas', 'J. Cole']",3,32.0,32.0,81.0,0,-24.5,2
Joyner Lucas & Lil Baby,Ramen & OJ,"['Joyner Lucas', 'Lil Baby']",2,67.0,67.0,75.0,0,-8.0,1
Joyner Lucas Featuring Logic,Isis,"['Joyner Lucas', 'Logic']",2,59.0,59.0,79.0,0,-20.0,1
Juice WRLD,All Girls Are The Same,['Juice WRLD'],20,41.0,92.0,72.0,4,-2.066666666666667,15
Juice WRLD,Already Dead,['Juice WRLD'],7,20.0,20.0,92.0,0,-10.285714285714286,7
Juice WRLD,Armed And Dangerous,['Juice WRLD'],17,44.0,44.0,82.0,0,-2.375,16
Juice WRLD,Bad Energy,['Juice WRLD'],2,16.0,16.0,68.0,0,-52.0,1
Juice WRLD,Blood On My Jeans,['Juice WRLD'],4,12.0,12.0,96.0,0,-28.0,3
Juice WRLD,Burn,['Juice WRLD'],4,34.0,34.0,77.0,0,-14.333333333333334,3
Juice WRLD,Can't Die,['Juice WRLD'],2,50.0,50.0,92.0,0,-42.0,1
Juice WRLD,Cigarettes,['Juice WRLD'],5,43.0,43.0,94.0,0,-12.75,4
Juice WRLD,Conversations,['Juice WRLD'],6,7.0,7.0,91.0,0,-16.8,5
Juice WRLD,Empty,['Juice WRLD'],4,41.0,41.0,87.0,0,-1.1794871794871795,39
Juice WRLD,Empty Out Your Pockets,['Juice WRLD'],5,56.0,56.0,67.0,0,-2.75,4
Juice WRLD,Fast,['Juice WRLD'],2,47.0,47.0,86.0,0,-39.0,1
Juice WRLD,Fighting Demons,['Juice WRLD'],2,35.0,35.0,79.0,0,-44.0,1
Juice WRLD,Hear Me Calling,['Juice WRLD'],4,38.0,56.0,86.0,1,-24.0,2
Juice WRLD,In My Head,['Juice WRLD'],2,23.0,23.0,94.0,0,-71.0,1
Juice WRLD,Lean Wit Me,['Juice WRLD'],8,68.0,87.0,89.0,2,-4.2,5
Juice WRLD,Legends,['Juice WRLD'],3,29.0,65.0,29.0,76,0.0,0
Juice WRLD,Let Me Know (I Wonder Why Freestyle),['Juice WRLD'],3,78.0,78.0,94.0,0,-8.0,2
Juice WRLD,Lucid Dreams,['Juice WRLD'],48,2.0,74.0,22.0,19,-0.3125,64
Juice WRLD,Man Of The Year,['Juice WRLD'],2,51.0,51.0,89.0,0,-38.0,1
Juice WRLD,Righteous,['Juice WRLD'],16,11.0,11.0,96.0,0,-5.3125,16
Juice WRLD,Robbery,['Juice WRLD'],19,27.0,27.0,49.0,0,-0.5238095238095238,42
Juice WRLD,Screw Juice,['Juice WRLD'],2,46.0,46.0,95.0,0,-49.0,1
Juice WRLD,Stay High,['Juice WRLD'],2,34.0,34.0,64.0,0,-30.0,1
Juice WRLD,Titanic,['Juice WRLD'],2,14.0,14.0,62.0,0,-48.0,1
Juice WRLD,Up Up And Away,['Juice WRLD'],2,42.0,42.0,78.0,0,-36.0,1
Juice WRLD,Wishing Well,['Juice WRLD'],20,5.0,5.0,91.0,0,-4.526315789473684,19
Juice WRLD & Justin Bieber,Wandered To LA.,"['Juice WRLD', 'Justin Bieber']",5,49.0,49.0,89.0,0,-10.0,4
Juice WRLD & Marshmello Featuring Polo G & The Kid Laroi,Hate The Other Side,"['Juice WRLD', 'Marshmello', 'Polo G', 'The Kid Laroi']",7,10.0,10.0,97.0,0,-14.5,6
Juice WRLD & Nicki Minaj,AGATS2 (Insecure),"['Juice WRLD', 'Nicki Minaj']",2,68.0,68.0,78.0,0,-5.0,2
Juice WRLD & The Weeknd,Smile,"['Juice WRLD', 'The Weeknd']",10,8.0,8.0,86.0,0,-7.8,10
Juice WRLD & Trippie Redd,Tell Me U Luv Me,"['Juice WRLD', 'Trippie Redd']",4,38.0,41.0,77.0,6,-39.0,1
Juice WRLD & Young Thug,Bad Boy,"['Juice WRLD', 'Young Thug']",5,22.0,22.0,98.0,0,-19.0,4
Juice WRLD & YoungBoy Never Broke Again,Bandit,"['Juice WRLD', 'YoungBoy Never Broke Again']",20,10.0,11.0,62.0,1,-2.888888888888889,18
Juice WRLD Featuring Lil Uzi Vert,Wasted,"['Juice WRLD', 'Lil Uzi Vert']",6,67.0,68.0,97.0,1,-6.0,5
Juice WRLD X Halsey,Life's A Mess,"['Juice WRLD', 'Halsey']",6,9.0,74.0,97.0,1,-22.0,4
Juice WRLD x Marshmello,Come & Go,"['Juice WRLD', 'Marshmello']",20,2.0,2.0,60.0,0,-3.0526315789473686,19
"Juice WRLD, Eminem & Benny Blanco",Lace It,"['Juice WRLD', 'Eminem', 'Benny Blanco']",4,85.0,85.0,91.0,0,-2.0,3
Julia Michaels,Issues,['Julia Michaels'],29,11.0,87.0,44.0,17,-3.0,11
Jung Kook,Standing Next To You,['Jung Kook'],19,5.0,5.0,88.0,0,-4.611111111111111,18
Jung Kook & Jack Harlow,3D,"['Jung Kook', 'Jack Harlow']",9,5.0,5.0,92.0,0,-9.666666666666666,9
Jung Kook Featuring Latto,Seven,"['Jung Kook', 'Latto']",15,1.0,1.0,91.0,0,-5.294117647058823,17
Junior H,Y Lloro,['Junior H'],7,79.0,97.0,93.0,13,-3.5,4
Junior H X Oscar Maydon,Fin de Semana,"['Junior H', 'Oscar Maydon']",2,86.0,86.0,91.0,0,-5.0,1
Junior H x Peso Pluma,El Azul,"['Junior H', 'Peso Pluma']",16,55.0,87.0,86.0,5,-3.1,10
Justin Bieber,Anyone,['Justin Bieber'],17,6.0,6.0,87.0,0,-5.0625,16
Justin Bieber,Company,['Justin Bieber'],8,53.0,89.0,91.0,5,-19.0,2
Justin Bieber,Daisies,['Justin Bieber'],23,2.0,2.0,44.0,0,-1.9090909090909092,22
Justin Bieber,Ghost,['Justin Bieber'],52,5.0,66.0,36.0,52,-1.1923076923076923,26
Justin Bieber,Go Baby,['Justin Bieber'],3,18.0,18.0,89.0,0,-35.5,2
Justin Bieber,Hold On,['Justin Bieber'],13,20.0,26.0,97.0,2,-7.7,10
Justin Bieber,I'll Show You,['Justin Bieber'],6,58.0,59.0,75.0,2,-5.666666666666667,3
Justin Bieber,Love Yourself,['Justin Bieber'],37,1.0,4.0,48.0,6,-1.5666666666666667,30
Justin Bieber,Mistletoe,['Justin Bieber'],7,37.0,49.0,43.0,106,-0.05825242718446602,103
Justin Bieber,Purpose,['Justin Bieber'],3,86.0,100.0,86.0,2,0.0,0
Justin Bieber,Rockin' Around The Christmas Tree,['Justin Bieber'],4,61.0,83.0,61.0,3,0.0,0
Justin Bieber,Sorry,['Justin Bieber'],35,1.0,2.0,50.0,3,-1.5806451612903225,31
Justin Bieber,Walking Away,['Justin Bieber'],2,37.0,37.0,77.0,0,-40.0,1
Justin Bieber,What Do You Mean?,['Justin Bieber'],16,5.0,5.0,41.0,0,-2.4,15
Justin Bieber,Yukon,['Justin Bieber'],23,17.0,17.0,62.0,0,-2.0454545454545454,22
Justin Bieber,Yummy,['Justin Bieber'],15,2.0,2.0,94.0,0,-6.571428571428571,14
Justin Bieber & Benny Blanco,Lonely,"['Justin Bieber', 'Benny Blanco']",20,12.0,14.0,41.0,12,-4.142857142857143,7
Justin Bieber & Don Toliver,Honest,"['Justin Bieber', 'Don Toliver']",2,44.0,44.0,100.0,0,-56.0,1
Justin Bieber + Bloodpop,Friends,"['Justin Bieber', 'Bloodpop']",10,20.0,20.0,94.0,0,-8.222222222222221,9
Justin Bieber Featuring Chance the Rapper,Holy,"['Justin Bieber', 'Chance the Rapper']",25,3.0,3.0,49.0,0,-1.9166666666666667,24
Justin Bieber Featuring Daniel Caesar & Giveon,Peaches,"['Justin Bieber', 'Daniel Caesar', 'Giveon']",30,1.0,1.0,41.0,0,-1.3793103448275863,29
Justin Bieber Featuring Halsey,The Feeling,"['Justin Bieber', 'Halsey']",3,82.0,82.0,93.0,0,-5.5,2
Justin Bieber Featuring Khalid,As I Am,"['Justin Bieber', 'Khalid']",3,43.0,43.0,92.0,0,-24.5,2
Justin Bieber Featuring Post Malone & Clever,Forever,"['Justin Bieber', 'Post Malone', 'Clever']",2,24.0,24.0,74.0,0,-50.0,1
Justin Bieber Featuring Quavo,Intentions,"['Justin Bieber', 'Quavo']",31,5.0,11.0,48.0,17,-3.3076923076923075,13
Justin Moore,Somebody Else Will,['Justin Moore'],13,59.0,97.0,98.0,10,-13.0,3
Justin Moore,The Ones That Didn't Make It Back Home,['Justin Moore'],16,46.0,100.0,92.0,7,-5.75,8
Justin Moore,This Is My Dirt,['Justin Moore'],2,96.0,98.0,96.0,1,0.0,0
Justin Moore,We Didn't Have Much,['Justin Moore'],13,41.0,85.0,96.0,9,-18.333333333333332,3
Justin Moore,Why We Drink,['Justin Moore'],15,50.0,87.0,93.0,11,-14.333333333333334,3
Justin Moore,With A Woman You Love,['Justin Moore'],12,59.0,90.0,97.0,6,-7.6,5
Justin Moore,You Look Like I Need A Drink,['Justin Moore'],8,79.0,100.0,99.0,1,-3.3333333333333335,6
Justin Moore & Priscilla Block,"You, Me, & Whiskey","['Justin Moore', 'Priscilla Block']",16,37.0,88.0,78.0,13,-20.5,2
Justin Timberlake,Can't Stop The Feeling!,['Justin Timberlake'],52,1.0,1.0,39.0,0,-0.7450980392156863,51
Justin Timberlake,Filthy,['Justin Timberlake'],6,9.0,9.0,90.0,0,-16.2,5
Justin Timberlake,Selfish,['Justin Timberlake'],13,19.0,19.0,100.0,0,-6.75,12
Justin Timberlake,Supplies,['Justin Timberlake'],2,71.0,71.0,100.0,0,-14.5,2
Justin Timberlake Featuring Chris Stapleton,Say Something,"['Justin Timberlake', 'Chris Stapleton']",16,9.0,9.0,100.0,0,-6.066666666666666,15
KATSEYE,Gabriela,['KATSEYE'],22,31.0,94.0,60.0,20,-5.8,5
KATSEYE,Gnarly,['KATSEYE'],11,90.0,92.0,97.0,5,-0.3684210526315789,19
KIDS SEE GHOSTS,Reborn,['KIDS SEE GHOSTS'],2,39.0,39.0,91.0,0,-52.0,1
KSI Featuring Trippie Redd,Thick Of It,"['KSI', 'Trippie Redd']",4,64.0,84.0,95.0,1,-7.75,4
Kaleo,Way Down We Go,['Kaleo'],8,54.0,98.0,81.0,4,-9.0,3
Kali Uchis,I Wish You Roses,['Kali Uchis'],2,81.0,81.0,82.0,0,-1.0,1
Kali Uchis,Moonlight,['Kali Uchis'],11,80.0,92.0,98.0,9,-4.5,4
Kali Uchis,Telepatia,['Kali Uchis'],25,25.0,54.0,37.0,17,-1.7142857142857142,7
Kali Uchis & Peso Pluma,Igual Que Un Angel,"['Kali Uchis', 'Peso Pluma']",10,22.0,23.0,99.0,1,-9.625,8
Kaliii,Area Codes,['Kaliii'],18,33.0,54.0,85.0,1,-3.25,16
Kane Brown,Backseat Driver,['Kane Brown'],16,60.0,79.0,88.0,20,-28.0,1
Kane Brown,Blue Christmas,['Kane Brown'],4,73.0,98.0,73.0,3,0.0,0
Kane Brown,Bury Me In Georgia,['Kane Brown'],19,34.0,85.0,86.0,13,-10.4,5
Kane Brown,Cool Again,['Kane Brown'],20,29.0,68.0,65.0,21,-12.0,3
Kane Brown,Good As You,['Kane Brown'],20,36.0,95.0,71.0,13,-5.833333333333333,6
Kane Brown,Heaven,['Kane Brown'],27,15.0,72.0,38.0,30,-3.8333333333333335,6
Kane Brown,Homesick,['Kane Brown'],21,35.0,95.0,48.0,17,-4.333333333333333,3
Kane Brown,I Can Feel It,['Kane Brown'],13,50.0,59.0,84.0,9,-11.333333333333334,3
Kane Brown,Leave You Alone,['Kane Brown'],2,86.0,86.0,91.0,0,-5.0,1
Kane Brown,Like I Love Country Music,['Kane Brown'],20,26.0,74.0,91.0,7,-5.416666666666667,12
Kane Brown,Lose It,['Kane Brown'],20,28.0,84.0,41.0,22,-6.5,2
Kane Brown,One Mississippi,['Kane Brown'],24,36.0,73.0,46.0,26,-5.0,2
Kane Brown & John Legend,Last Time I Say Sorry,"['Kane Brown', 'John Legend']",2,89.0,93.0,89.0,1,0.0,0
Kane Brown Featuring Lauren Alaina,What Ifs,"['Kane Brown', 'Lauren Alaina']",23,26.0,93.0,43.0,18,-4.25,4
Kane Brown With Jelly Roll,Haunted,"['Kane Brown', 'Jelly Roll']",8,58.0,58.0,97.0,0,-2.7857142857142856,14
Kane Brown With Katelyn Brown,Thank God,"['Kane Brown', 'Katelyn Brown']",42,13.0,22.0,47.0,22,-1.7894736842105263,19
Kane Brown With Swae Lee & Khalid,Be Like That,"['Kane Brown', 'Swae Lee', 'Khalid']",21,19.0,73.0,31.0,15,-2.4,5
Kane Brown X Blackbear,Memory,"['Kane Brown', 'Blackbear']",18,50.0,50.0,65.0,0,-0.8823529411764706,17
Kanii,I Know,['Kanii'],2,90.0,95.0,90.0,1,0.0,0
Kanye West,All Mine,['Kanye West'],9,11.0,11.0,96.0,0,-10.625,8
Kanye West,Believe What I Say,['Kanye West'],2,28.0,28.0,85.0,0,-57.0,1
Kanye West,Closed On Sunday,['Kanye West'],2,17.0,17.0,84.0,0,-67.0,1
Kanye West,Fade,['Kanye West'],13,47.0,98.0,96.0,1,-4.454545454545454,11
Kanye West,Famous,['Kanye West'],14,34.0,34.0,100.0,0,-3.0,22
Kanye West,"Father Stretch My Hands, Pt. 1",['Kanye West'],23,37.0,37.0,60.0,0,-0.8518518518518519,27
Kanye West,Follow God,['Kanye West'],6,7.0,7.0,91.0,0,-16.8,5
Kanye West,Hurricane,['Kanye West'],11,6.0,6.0,87.0,0,-8.1,10
Kanye West,Jail,['Kanye West'],3,10.0,10.0,99.0,0,-44.5,2
Kanye West,Jesus Lord,['Kanye West'],2,26.0,26.0,95.0,0,-69.0,1
Kanye West,Jonah,['Kanye West'],2,27.0,27.0,91.0,0,-64.0,1
Kanye West,Junya,['Kanye West'],2,16.0,16.0,78.0,0,-62.0,1
Kanye West,Moon,['Kanye West'],5,17.0,17.0,100.0,0,-20.75,4
Kanye West,Off The Grid,['Kanye West'],4,11.0,11.0,93.0,0,-27.333333333333332,3
Kanye West,Ok Ok,['Kanye West'],2,12.0,12.0,65.0,0,-53.0,1
Kanye West,On God,['Kanye West'],2,23.0,23.0,96.0,0,-73.0,1
Kanye West,Praise God,['Kanye West'],7,20.0,20.0,96.0,0,-7.6,10
Kanye West,Pt. 2,['Kanye West'],3,54.0,54.0,97.0,0,-21.5,2
Kanye West,Remote Control,['Kanye West'],2,40.0,40.0,99.0,0,-59.0,1
Kanye West,Selah,['Kanye West'],2,19.0,19.0,92.0,0,-73.0,1
Kanye West,Ultralight Beam,['Kanye West'],2,67.0,67.0,90.0,0,-23.0,1
Kanye West,Violent Crimes,['Kanye West'],2,27.0,27.0,85.0,0,-58.0,1
Kanye West,Waves,['Kanye West'],2,71.0,71.0,86.0,0,-15.0,1
Kanye West,Yikes,['Kanye West'],5,8.0,8.0,92.0,0,-21.0,4
Kanye West & Lil Pump,I Love It,"['Kanye West', 'Lil Pump']",12,6.0,6.0,97.0,0,-8.272727272727273,11
Kanye West & XXXTENTACION,True Love,"['Kanye West', 'XXXTENTACION']",3,22.0,22.0,83.0,0,-30.5,2
Kanye West Featuring PARTYNEXTDOOR,Ghost Town,"['Kanye West', 'PARTYNEXTDOOR']",2,16.0,16.0,60.0,0,-44.0,1
Kanye West Featuring PARTYNEXTDOOR,Wouldn't Leave,"['Kanye West', 'PARTYNEXTDOOR']",2,24.0,24.0,92.0,0,-68.0,1
Kanye West Featuring Travis Scott,Wash Us In The Blood,"['Kanye West', 'Travis Scott']",2,49.0,49.0,75.0,0,-26.0,1
"Kanye West, Gucci Mane, Big Sean, 2 Chainz, Travi$ Scott, Yo Gotti, Quavo, Desiigner",Champions,"['Kanye West', 'Gucci Mane', 'Big Sean', '2 Chainz', 'Travi$ Scott', 'Yo Gotti', 'Quavo', 'Desiigner']",3,71.0,71.0,98.0,0,-13.5,2
Karol G,Amargura,['Karol G'],6,85.0,95.0,99.0,1,-0.7368421052631579,19
Karol G,Bichota,['Karol G'],13,72.0,97.0,100.0,10,-7.0,4
Karol G,Latina Foreva,['Karol G'],5,66.0,74.0,91.0,4,-12.5,2
Karol G,Mi Ex Tenia Razon,['Karol G'],16,22.0,22.0,93.0,0,-3.380952380952381,21
Karol G,Provenza,['Karol G'],21,25.0,36.0,46.0,1,-1.105263157894737,19
Karol G,S91,['Karol G'],6,45.0,63.0,100.0,4,-18.333333333333332,3
Karol G,Si Antes Te Hubiera Conocido,['Karol G'],20,32.0,34.0,62.0,6,-2.3076923076923075,13
Karol G & Nicki Minaj,Tusa,"['Karol G', 'Nicki Minaj']",21,42.0,78.0,70.0,12,-2.5454545454545454,11
Karol G & Peso Pluma,Qlona,"['Karol G', 'Peso Pluma']",21,28.0,29.0,58.0,1,-1.5789473684210527,19
Karol G & Tiesto,Contigo,"['Karol G', 'Tiesto']",4,61.0,61.0,93.0,0,-10.666666666666666,3
Karol G x Maldy,Gatubela,"['Karol G', 'Maldy']",11,37.0,37.0,74.0,0,-1.4230769230769231,26
Karol G x Romeo Santos,X Si Volvemos,"['Karol G', 'Romeo Santos']",6,48.0,56.0,94.0,3,-23.0,2
Karol G x Shakira,TQG,"['Karol G', 'Shakira']",20,7.0,7.0,88.0,0,-4.2631578947368425,19
Kate Bush,Running Up That Hill (A Deal With God),['Kate Bush'],20,3.0,8.0,45.0,7,-3.5,12
Katy Perry,Cozy Little Christmas,['Katy Perry'],2,53.0,68.0,53.0,1,0.0,0
Katy Perry,Daisies,['Katy Perry'],7,40.0,40.0,79.0,0,-6.5,6
Katy Perry,Never Really Over,['Katy Perry'],13,15.0,15.0,94.0,0,-6.583333333333333,12
Katy Perry,Rise,['Katy Perry'],9,11.0,11.0,72.0,0,-7.625,8
Katy Perry Featuring Migos,Bon Appetit,"['Katy Perry', 'Migos']",6,59.0,76.0,85.0,2,-6.5,4
Katy Perry Featuring Nicki Minaj,Swish Swish,"['Katy Perry', 'Nicki Minaj']",10,46.0,46.0,92.0,0,-2.875,16
Katy Perry Featuring Skip Marley,Chained To The Rhythm,"['Katy Perry', 'Skip Marley']",15,4.0,4.0,86.0,0,-5.857142857142857,14
"Kay Flock, Cardi B, Dougie B & Bory300",Shake It,"['Kay Flock', 'Cardi B', 'Dougie B', 'Bory300']",3,51.0,51.0,99.0,0,-24.0,2
Keala Settle & The Greatest Showman Ensemble,This Is Me,"['Keala Settle', 'The Greatest Showman Ensemble']",14,58.0,83.0,91.0,2,-2.357142857142857,14
Kehlani,After Hours,['Kehlani'],8,72.0,84.0,99.0,4,-6.75,4
Kehlani,CRZY,['Kehlani'],5,85.0,95.0,94.0,1,-3.0,3
Kehlani,Folded,['Kehlani'],27,7.0,76.0,34.0,19,-3.857142857142857,7
Kehlani,Gangsta,['Kehlani'],12,41.0,62.0,100.0,2,-5.363636363636363,11
Kehlani Featuring Ty Dolla $ign,Nights Like This,"['Kehlani', 'Ty Dolla $ign']",9,67.0,69.0,95.0,6,-14.0,2
Keith Urban,Blue Ain't Your Color,['Keith Urban'],21,24.0,73.0,42.0,9,-1.6363636363636365,11
Keith Urban,Break On Me.,['Keith Urban'],12,54.0,94.0,99.0,8,-15.0,3
Keith Urban,Female,['Keith Urban'],6,69.0,69.0,99.0,0,-2.3076923076923075,13
Keith Urban,God Whispered Your Name,['Keith Urban'],20,60.0,97.0,66.0,10,-0.6666666666666666,9
Keith Urban,Wasted Time,['Keith Urban'],17,51.0,74.0,99.0,12,-6.857142857142857,7
Keith Urban,We Were,['Keith Urban'],15,65.0,90.0,94.0,15,-9.666666666666666,3
Keith Urban Duet With P!nk,One Too Many,"['Keith Urban', 'P!nk']",34,52.0,62.0,57.0,42,-1.6666666666666667,3
Keith Urban Featuring Carrie Underwood,The Fighter,"['Keith Urban', 'Carrie Underwood']",23,38.0,69.0,47.0,46,-0.5625,16
Keith Urban Featuring Julia Michaels,Coming Home,"['Keith Urban', 'Julia Michaels']",7,50.0,88.0,96.0,4,-23.0,2
Kelly Clarkson,Christmas Isn't Canceled (Just You),['Kelly Clarkson'],2,79.0,79.0,93.0,0,-14.0,1
Kelly Clarkson,Love So Soft,['Kelly Clarkson'],13,47.0,62.0,79.0,7,-6.4,5
Kelly Clarkson,Piece By Piece,['Kelly Clarkson'],15,8.0,8.0,95.0,0,-6.214285714285714,14
Kelly Clarkson,Underneath The Tree,['Kelly Clarkson'],35,7.0,44.0,7.0,364,0.0,0
Kelly Clarkson & Ariana Grande,"Santa, Can't You Hear Me","['Kelly Clarkson', 'Ariana Grande']",7,38.0,92.0,38.0,158,0.0,0
Kelly Clarkson & Brett Eldredge,Under The Mistletoe,"['Kelly Clarkson', 'Brett Eldredge']",3,59.0,75.0,75.0,1,-8.0,2
Kelsea Ballerini,Dibs,['Kelsea Ballerini'],11,58.0,87.0,69.0,8,-5.5,2
Kelsea Ballerini,Hole In The Bottle,['Kelsea Ballerini'],20,39.0,95.0,89.0,17,-16.666666666666668,3
Kelsea Ballerini,Legends,['Kelsea Ballerini'],11,68.0,98.0,87.0,10,-19.0,1
Kelsea Ballerini,Miss Me More,['Kelsea Ballerini'],20,47.0,95.0,70.0,17,-11.5,2
Kelsea Ballerini,Peter Pan,['Kelsea Ballerini'],20,35.0,92.0,94.0,14,-11.8,5
Kelsea Ballerini,Yeah Boy,['Kelsea Ballerini'],13,65.0,94.0,84.0,11,-9.5,2
Kelsea Ballerini,homecoming queen?,['Kelsea Ballerini'],13,65.0,82.0,65.0,28,0.0,0
Kelsea Ballerini & Noah Kahan,Cowboys Cry Too,"['Kelsea Ballerini', 'Noah Kahan']",3,50.0,50.0,91.0,0,-13.666666666666666,3
Kelsea Ballerini Featuring Kenny Chesney,Half Of My Hometown,"['Kelsea Ballerini', 'Kenny Chesney']",20,53.0,89.0,91.0,10,-3.1666666666666665,12
Kendrick Lamar,Count Me Out,['Kendrick Lamar'],2,20.0,20.0,78.0,0,-58.0,1
Kendrick Lamar,DNA.,['Kendrick Lamar'],20,4.0,4.0,63.0,0,-3.1052631578947367,19
Kendrick Lamar,Element.,['Kendrick Lamar'],11,16.0,16.0,98.0,0,-6.3076923076923075,13
Kendrick Lamar,Euphoria,['Kendrick Lamar'],17,3.0,11.0,80.0,1,-1.925,40
Kendrick Lamar,Fear.,['Kendrick Lamar'],2,50.0,50.0,91.0,0,-41.0,1
Kendrick Lamar,Feel.,['Kendrick Lamar'],2,35.0,35.0,69.0,0,-34.0,1
Kendrick Lamar,God.,['Kendrick Lamar'],2,58.0,58.0,96.0,0,-38.0,1
Kendrick Lamar,Heart Pt. 6,['Kendrick Lamar'],4,14.0,14.0,90.0,0,-25.333333333333332,3
Kendrick Lamar,Humble.,['Kendrick Lamar'],38,1.0,2.0,33.0,2,-0.07862407862407862,407
Kendrick Lamar,Lust.,['Kendrick Lamar'],2,42.0,42.0,75.0,0,-33.0,1
Kendrick Lamar,Man At The Garden,['Kendrick Lamar'],4,9.0,9.0,95.0,0,-28.666666666666668,3
Kendrick Lamar,Meet The Grahams,['Kendrick Lamar'],4,12.0,12.0,93.0,0,-27.0,3
Kendrick Lamar,N95,['Kendrick Lamar'],6,3.0,3.0,96.0,0,-18.6,5
Kendrick Lamar,Not Like Us,['Kendrick Lamar'],53,1.0,1.0,23.0,0,-0.41509433962264153,53
Kendrick Lamar,Pride.,['Kendrick Lamar'],2,37.0,37.0,71.0,0,-34.0,1
Kendrick Lamar,Reincarnated,['Kendrick Lamar'],4,8.0,8.0,78.0,0,-23.333333333333332,3
Kendrick Lamar,Rich Spirit,['Kendrick Lamar'],3,13.0,13.0,83.0,0,-35.0,2
Kendrick Lamar,Squabble Up,['Kendrick Lamar'],30,1.0,1.0,49.0,0,-1.6551724137931034,29
Kendrick Lamar,The Heart Part 4,['Kendrick Lamar'],2,22.0,22.0,85.0,0,-63.0,1
Kendrick Lamar,The Heart Part 5,['Kendrick Lamar'],2,15.0,15.0,77.0,0,-62.0,1
Kendrick Lamar,United In Grief,['Kendrick Lamar'],2,8.0,8.0,79.0,0,-71.0,1
Kendrick Lamar,Wacced Out Murals,['Kendrick Lamar'],7,4.0,4.0,77.0,0,-6.636363636363637,11
Kendrick Lamar,Yah.,['Kendrick Lamar'],3,32.0,32.0,89.0,0,-28.5,2
Kendrick Lamar & Kodak Black,Silent Hill,"['Kendrick Lamar', 'Kodak Black']",11,7.0,7.0,87.0,0,-8.0,10
Kendrick Lamar & SZA,All The Stars,"['Kendrick Lamar', 'SZA']",26,7.0,43.0,33.0,6,-0.07065217391304347,368
Kendrick Lamar & SZA,Gloria,"['Kendrick Lamar', 'SZA']",4,27.0,27.0,96.0,0,-23.0,3
Kendrick Lamar & SZA,Luther,"['Kendrick Lamar', 'SZA']",46,1.0,3.0,38.0,12,-1.121212121212121,33
Kendrick Lamar & Taylour Paige,We Cry Together,"['Kendrick Lamar', 'Taylour Paige']",2,16.0,16.0,97.0,0,-81.0,1
Kendrick Lamar & Travis Scott,Big Shot,"['Kendrick Lamar', 'Travis Scott']",2,71.0,71.0,83.0,0,-12.0,1
Kendrick Lamar Featuring AzChike,Peekaboo,"['Kendrick Lamar', 'AzChike']",32,13.0,13.0,78.0,0,-2.096774193548387,31
Kendrick Lamar Featuring Dody6,Hey Now,"['Kendrick Lamar', 'Dody6']",14,5.0,5.0,95.0,0,-6.923076923076923,13
"Kendrick Lamar Featuring Hitta J3, YoungThreat & Peysoh",GNX,"['Kendrick Lamar', 'Hitta J3', 'YoungThreat', 'Peysoh']",3,24.0,24.0,96.0,0,-36.0,2
Kendrick Lamar Featuring Lefty Gunplay,TV Off,"['Kendrick Lamar', 'Lefty Gunplay']",31,2.0,2.0,46.0,0,-1.4666666666666666,30
Kendrick Lamar Featuring Rihanna,Loyalty.,"['Kendrick Lamar', 'Rihanna']",26,14.0,14.0,48.0,0,-1.36,25
Kendrick Lamar Featuring Sampha,Father Time,"['Kendrick Lamar', 'Sampha']",2,11.0,11.0,73.0,0,-62.0,1
Kendrick Lamar Featuring U2,XXX.,"['Kendrick Lamar', 'U2']",3,33.0,33.0,79.0,0,-23.0,2
"Kendrick Lamar Featuring Wallie the Sensei, Siete7x & Roddy Ricch",Dodger Blue,"['Kendrick Lamar', 'Wallie the Sensei', 'Siete7x', 'Roddy Ricch']",6,11.0,11.0,81.0,0,-6.363636363636363,11
Kendrick Lamar Featuring Zacari,Love.,"['Kendrick Lamar', 'Zacari']",39,11.0,18.0,43.0,35,-2.4615384615384617,13
"Kendrick Lamar, Baby Keem, & Sam Dew",Savior,"['Kendrick Lamar', 'Baby Keem', 'Sam Dew']",2,23.0,23.0,92.0,0,-69.0,1
"Kendrick Lamar, Blxst & Amanda Reifer",Die Hard,"['Kendrick Lamar', 'Blxst', 'Amanda Reifer']",5,5.0,5.0,80.0,0,-18.75,4
Kenny Chesney,All The Pretty Girls,['Kenny Chesney'],14,63.0,98.0,97.0,8,-6.8,5
Kenny Chesney,Get Along,['Kenny Chesney'],21,22.0,85.0,48.0,16,-6.5,4
Kenny Chesney,Happy Does,['Kenny Chesney'],14,47.0,85.0,83.0,15,-18.0,2
Kenny Chesney,Here And Now,['Kenny Chesney'],15,38.0,93.0,96.0,11,-19.333333333333332,3
Kenny Chesney,Knowing You,['Kenny Chesney'],19,57.0,93.0,99.0,12,-6.0,7
Kenny Chesney,Noise,['Kenny Chesney'],14,72.0,72.0,84.0,0,-0.8,15
Kenny Chesney,Take Her Home,['Kenny Chesney'],6,71.0,99.0,93.0,5,-22.0,1
Kenny Chesney,Tip Of My Tongue,['Kenny Chesney'],20,73.0,83.0,86.0,16,-4.333333333333333,3
Kenny Chesney Featuring P!nk,Setting The World On Fire,"['Kenny Chesney', 'P!nk']",20,29.0,29.0,91.0,0,-3.263157894736842,19
Kent Jones,Don't Mind,['Kent Jones'],20,8.0,63.0,58.0,8,-4.545454545454546,11
Kenya Grace,Strangers,['Kenya Grace'],21,42.0,88.0,49.0,15,-1.4,5
Kesha,Praying,['Kesha'],21,22.0,25.0,35.0,5,-0.8666666666666667,15
Kevin Gates,2 Phones,['Kevin Gates'],25,17.0,93.0,45.0,13,-2.5454545454545454,11
Kevin Gates,Big Gangsta,['Kevin Gates'],5,81.0,81.0,92.0,0,-2.75,4
Kevin Gates,Really Really,['Kevin Gates'],26,46.0,94.0,50.0,26,-4.0,1
Kevin Gates Featuring Juicy J,Thinking With My Dick,"['Kevin Gates', 'Juicy J']",5,37.0,37.0,88.0,0,-12.75,4
Key Glock,She Ready,['Key Glock'],4,91.0,97.0,97.0,1,-1.2,5
Key Glock & Young Dolph,Let's Go,"['Key Glock', 'Young Dolph']",9,59.0,96.0,98.0,7,-13.0,3
Khalid,Better,['Khalid'],48,8.0,45.0,45.0,29,-2.0555555555555554,18
Khalid,Location,['Khalid'],43,16.0,77.0,48.0,15,-1.1851851851851851,27
Khalid,My Bad,['Khalid'],3,55.0,77.0,55.0,4,0.0,0
Khalid,Talk,['Khalid'],46,3.0,44.0,48.0,15,-1.3636363636363635,33
Khalid,Young Dumb & Broke,['Khalid'],35,18.0,91.0,46.0,22,-2.3333333333333335,12
Khalid & Kane Brown,Saturday Nights,"['Khalid', 'Kane Brown']",12,57.0,83.0,91.0,12,-2.4285714285714284,14
Khalid & Normani,Love Lies,"['Khalid', 'Normani']",51,9.0,43.0,41.0,27,-1.391304347826087,23
Khalid & Swae Lee,The Ways,"['Khalid', 'Swae Lee']",3,63.0,63.0,90.0,0,-13.5,2
Khalid Featuring A Boogie wit da Hoodie,Right Back,"['Khalid', 'A Boogie wit da Hoodie']",11,73.0,93.0,93.0,21,-4.0,5
Khalid x Disclosure,Know Your Worth,"['Khalid', 'Disclosure']",8,57.0,57.0,71.0,0,-2.0,7
"Khalid, Ty Dolla $ign & 6LACK",OTW,"['Khalid', 'Ty Dolla $ign', '6LACK']",18,57.0,57.0,91.0,0,-1.5454545454545454,22
Kid Cudi,Maui Wowie,['Kid Cudi'],3,71.0,71.0,91.0,0,-10.0,2
Kid Cudi,Tequila Shots,['Kid Cudi'],2,41.0,41.0,86.0,0,-45.0,1
Kid Ink Featuring Fetty Wap,Promise,"['Kid Ink', 'Fetty Wap']",14,57.0,92.0,100.0,8,-8.6,5
Kid LAROI & Juice WRLD,Go!,"['Kid LAROI', 'Juice WRLD']",5,52.0,52.0,91.0,0,-6.5,6
Kiiara,Gold,['Kiiara'],27,13.0,96.0,41.0,19,-4.0,7
King Von,Took Her To The O,['King Von'],8,47.0,47.0,86.0,0,-4.875,8
King Von & 21 Savage,Don't Play That,"['King Von', '21 Savage']",5,40.0,40.0,61.0,0,-5.25,4
Kip Moore,Last Shot,['Kip Moore'],8,53.0,95.0,60.0,7,-7.0,1
Kip Moore,More Girls Like You,['Kip Moore'],12,66.0,88.0,99.0,9,-16.5,2
Kodak Black,Calling My Spirit,['Kodak Black'],17,46.0,64.0,94.0,2,-3.4285714285714284,14
Kodak Black,"If I'm Lyin, I'm Flyin",['Kodak Black'],3,56.0,56.0,99.0,0,-21.5,2
Kodak Black,Patty Cake,['Kodak Black'],3,76.0,76.0,93.0,0,-8.5,2
Kodak Black,Super Gremlin,['Kodak Black'],42,3.0,97.0,50.0,17,-1.9583333333333333,24
Kodak Black,Transportin',['Kodak Black'],16,46.0,82.0,92.0,2,-3.5384615384615383,13
Kodak Black,Tunnel Vision,['Kodak Black'],20,6.0,27.0,55.0,2,-2.8823529411764706,17
Kodak Black Featuring Lil Wayne,Codeine Dreaming,"['Kodak Black', 'Lil Wayne']",13,52.0,52.0,95.0,0,-3.5833333333333335,12
Kodak Black Featuring Travis Scott & Offset,ZEZE,"['Kodak Black', 'Travis Scott', 'Offset']",25,2.0,2.0,49.0,0,-1.9583333333333333,24
Kodak Black Featuring XXXTENTACION,Roll In Peace,"['Kodak Black', 'XXXTENTACION']",25,31.0,53.0,50.0,21,-6.333333333333333,3
"Kodak Black, NLE Choppa, Jimin, JVKE & Muni Long","Angel, Pt. 1","['Kodak Black', 'NLE Choppa', 'Jimin', 'JVKE', 'Muni Long']",2,65.0,65.0,96.0,0,-7.75,4
Koe Wetzel,Sweet Dreams,['Koe Wetzel'],13,35.0,47.0,87.0,3,-5.777777777777778,9
Koe Wetzel & Jessie Murph,High Road,"['Koe Wetzel', 'Jessie Murph']",40,22.0,29.0,36.0,6,-0.42424242424242425,33
Kungs vs Cookin' On 3 Burners,This Girl,"[""Kungs vs Cookin' On 3 Burners""]",14,26.0,91.0,88.0,8,-12.4,5
Kygo & Imagine Dragons,Born To Be Yours,"['Kygo', 'Imagine Dragons']",2,74.0,74.0,94.0,0,-20.0,1
Kygo Featuring Miguel,Remind Me To Forget,"['Kygo', 'Miguel']",11,63.0,94.0,93.0,6,-7.5,4
Kygo X Whitney Houston,Higher Love,"['Kygo', 'Whitney Houston']",9,63.0,63.0,98.0,0,-1.9444444444444444,18
Kygo x Selena Gomez,It Ain't Me,"['Kygo', 'Selena Gomez']",29,10.0,93.0,44.0,10,-1.8888888888888888,18
Kyle Featuring Lil Yachty,iSpy,"['Kyle', 'Lil Yachty']",30,4.0,80.0,46.0,14,-2.8,15
LANco,Greatest Love Story,['LANco'],20,45.0,86.0,59.0,10,-1.5555555555555556,9
LISA,Money,['LISA'],2,90.0,90.0,93.0,0,-3.0,1
LISA Featuring Doja Cat & RAYE,Born Again,"['LISA', 'Doja Cat', 'RAYE']",2,68.0,68.0,96.0,0,-9.333333333333334,3
Labrinth,Never Felt So Alone,['Labrinth'],5,62.0,94.0,94.0,1,-10.666666666666666,3
Labrinth & Zendaya,I'm Tired,"['Labrinth', 'Zendaya']",4,53.0,76.0,97.0,1,-22.0,2
"Labrinth, Sia & Diplo Present... LSD",Thunderclouds,"['Labrinth', 'Sia', 'Diplo', 'LSD']",5,67.0,94.0,95.0,2,-7.0,4
Lady A,Champagne Night,['Lady A'],14,33.0,100.0,93.0,11,-20.0,3
Lady A,Like A Lady,['Lady A'],3,85.0,90.0,85.0,2,0.0,0
Lady Antebellum,What If I Never Get Over You,['Lady Antebellum'],21,40.0,86.0,49.0,33,-9.0,1
Lady Antebellum,You Look Good,['Lady Antebellum'],20,59.0,60.0,62.0,10,-0.3,10
Lady Gaga,Abracadabra,['Lady Gaga'],20,13.0,29.0,42.0,1,-1.6111111111111112,18
Lady Gaga,Always Remember Us This Way,['Lady Gaga'],9,41.0,41.0,100.0,0,-2.6818181818181817,22
Lady Gaga,Bloody Mary,['Lady Gaga'],18,41.0,68.0,84.0,11,-7.166666666666667,6
Lady Gaga,Disease,['Lady Gaga'],9,27.0,27.0,71.0,0,-2.3157894736842106,19
Lady Gaga,Hold My Hand,['Lady Gaga'],10,49.0,82.0,80.0,4,-6.2,5
Lady Gaga,I'll Never Love Again,['Lady Gaga'],7,36.0,36.0,62.0,0,-1.3,20
Lady Gaga,Million Reasons,['Lady Gaga'],20,4.0,76.0,41.0,17,-4.625,8
Lady Gaga,Perfect Illusion,['Lady Gaga'],6,15.0,15.0,78.0,0,-10.5,6
Lady Gaga,Stupid Love,['Lady Gaga'],10,5.0,5.0,42.0,0,-2.8461538461538463,13
Lady Gaga,The Cure,['Lady Gaga'],14,39.0,39.0,87.0,0,-3.6923076923076925,13
Lady Gaga,The Dead Dance,['Lady Gaga'],13,40.0,40.0,93.0,0,-4.416666666666667,12
Lady Gaga & Ariana Grande,Rain On Me,"['Lady Gaga', 'Ariana Grande']",20,1.0,1.0,65.0,0,-3.3684210526315788,19
Lady Gaga & BLACKPINK,Sour Candy,"['Lady Gaga', 'BLACKPINK']",2,33.0,33.0,82.0,0,-49.0,1
Lady Gaga & Bradley Cooper,Shallow,"['Lady Gaga', 'Bradley Cooper']",45,1.0,28.0,49.0,21,-2.0869565217391304,23
Lady Gaga & Bruno Mars,Die With A Smile,"['Lady Gaga', 'Bruno Mars']",60,1.0,3.0,22.0,19,-0.525,40
Lainey Wilson,4x4xU,['Lainey Wilson'],20,45.0,97.0,89.0,7,-3.3846153846153846,13
Lainey Wilson,Hang Tight Honey,['Lainey Wilson'],11,61.0,100.0,67.0,8,-2.0,3
Lainey Wilson,Heart Like A Truck,['Lainey Wilson'],23,29.0,86.0,49.0,14,-2.5,8
Lainey Wilson,Somewhere Over Laredo,['Lainey Wilson'],21,36.0,88.0,36.0,26,0.0,0
Lainey Wilson,Things A Man Oughta Know,['Lainey Wilson'],20,32.0,94.0,45.0,14,-2.6,5
Lainey Wilson,Watermelon Moonshine,['Lainey Wilson'],20,21.0,89.0,65.0,14,-8.8,5
Lainey Wilson,Wildflowers And Wild Horses,['Lainey Wilson'],16,48.0,100.0,78.0,11,-3.75,8
Lana Del Rey,Doin' Time,['Lana Del Rey'],2,59.0,59.0,100.0,0,-41.0,1
Lana Del Rey,Love,['Lana Del Rey'],2,44.0,44.0,73.0,0,-29.0,1
Lana Del Rey,Say Yes To Heaven,['Lana Del Rey'],3,54.0,54.0,99.0,0,-22.5,2
Latto,Big Energy,['Latto'],51,3.0,88.0,46.0,22,-1.5357142857142858,28
Latto,Brokey,['Latto'],4,84.0,100.0,84.0,8,0.0,0
Latto,Somebody,['Latto'],3,94.0,99.0,94.0,3,0.0,0
Latto Featuring Cardi B,Put It On Da Floor Again,"['Latto', 'Cardi B']",16,13.0,13.0,100.0,0,-5.8,15
Laufey,Christmas Magic,['Laufey'],4,56.0,84.0,56.0,3,0.0,0
Lauren Alaina,Road Less Traveled,['Lauren Alaina'],12,67.0,86.0,77.0,10,-10.0,1
Lauren Daigle,The Christmas Song,['Lauren Daigle'],2,55.0,90.0,55.0,1,0.0,0
Lauren Daigle,You Say,['Lauren Daigle'],43,29.0,53.0,45.0,35,-2.2857142857142856,7
Lauren Spencer Smith,Fingers Crossed,['Lauren Spencer Smith'],19,19.0,69.0,94.0,1,-4.411764705882353,17
Lauren Spencer Smith,Flowers,['Lauren Spencer Smith'],5,55.0,55.0,100.0,0,-11.25,4
Lauren Spencer Smith,Last Christmas,['Lauren Spencer Smith'],5,72.0,91.0,72.0,4,0.0,0
Lauv,I Like Me Better,['Lauv'],41,27.0,96.0,44.0,28,-1.4166666666666667,12
Lauv & Troye Sivan,I'm So Tired...,"['Lauv', 'Troye Sivan']",6,81.0,86.0,89.0,12,-2.6666666666666665,3
Lay Bankz,Tell Ur Girlfriend,['Lay Bankz'],6,58.0,58.0,95.0,0,-7.4,5
"Layton Greene, Lil Baby, City Girls & PnB Rock",Leave Em Alone,"['Layton Greene', 'Lil Baby', 'City Girls', 'PnB Rock']",15,60.0,91.0,85.0,5,-2.7777777777777777,9
Le Sserafim,Crazy,['Le Sserafim'],2,76.0,76.0,88.0,0,-12.0,1
Le Sserafim & J-Hope,Spaghetti,"['Le Sserafim', 'J-Hope']",2,50.0,50.0,89.0,0,-39.0,1
Lee Brice,Memory I Don't Mess With,['Lee Brice'],19,33.0,90.0,96.0,10,-7.0,9
Lee Brice,One Of Them Girls,['Lee Brice'],26,17.0,90.0,40.0,19,-3.8333333333333335,6
Lee Brice,Rumor,['Lee Brice'],20,25.0,88.0,39.0,14,-2.8,5
Lee Brice,Soul,['Lee Brice'],6,83.0,99.0,98.0,6,-7.5,2
Lee Brice,That Don't Sound Like You,['Lee Brice'],11,64.0,98.0,99.0,6,-8.75,4
Leon Thomas,Mutt,['Leon Thomas'],46,6.0,100.0,31.0,42,-6.25,4
Lewis Capaldi,Before You Go,['Lewis Capaldi'],52,9.0,85.0,33.0,33,-1.0909090909090908,22
Lewis Capaldi,Forget Me,['Lewis Capaldi'],14,58.0,97.0,93.0,16,-11.666666666666666,3
Lewis Capaldi,Someone You Loved,['Lewis Capaldi'],54,1.0,85.0,20.0,23,-0.6333333333333333,30
Liam Payne & Rita Ora,For You (Fifty Shades Freed),"['Liam Payne', 'Rita Ora']",3,76.0,82.0,92.0,5,-16.0,1
Liam Payne Featuring Quavo,Strip That Down,"['Liam Payne', 'Quavo']",28,10.0,42.0,41.0,14,-2.3846153846153846,13
Libianca,People,['Libianca'],8,80.0,91.0,93.0,6,-13.0,1
Lil Baby,All In,['Lil Baby'],8,45.0,45.0,98.0,0,-6.625,8
Lil Baby,California Breeze,['Lil Baby'],14,4.0,4.0,95.0,0,-5.352941176470588,17
Lil Baby,Close Friends,['Lil Baby'],33,28.0,28.0,48.0,0,-0.5714285714285714,35
Lil Baby,Detox,['Lil Baby'],4,25.0,25.0,94.0,0,-23.0,3
Lil Baby,Emotionally Scarred,['Lil Baby'],25,31.0,31.0,45.0,0,-0.5833333333333334,24
Lil Baby,Errbody,['Lil Baby'],2,41.0,41.0,98.0,0,-57.0,1
Lil Baby,F U 2x,['Lil Baby'],2,57.0,57.0,94.0,0,-37.0,1
Lil Baby,Freestyle,['Lil Baby'],25,59.0,68.0,64.0,20,-0.7142857142857143,7
Lil Baby,Frozen,['Lil Baby'],2,54.0,54.0,96.0,0,-42.0,1
Lil Baby,Go Hard,['Lil Baby'],3,59.0,59.0,76.0,0,-8.5,2
Lil Baby,Heyy,['Lil Baby'],12,21.0,77.0,87.0,1,-5.076923076923077,13
Lil Baby,In A Minute,['Lil Baby'],28,14.0,14.0,16.0,0,-0.07407407407407407,27
Lil Baby,Insecurities,['Lil Baby'],2,56.0,56.0,96.0,0,-40.0,1
Lil Baby,Low Down,['Lil Baby'],13,50.0,81.0,87.0,151,-3.3636363636363638,11
Lil Baby,My Dawg,['Lil Baby'],6,77.0,77.0,97.0,0,-4.0,5
Lil Baby,Not Finished,['Lil Baby'],2,26.0,26.0,71.0,0,-45.0,1
Lil Baby,On Me,['Lil Baby'],26,15.0,30.0,46.0,20,-6.2,5
Lil Baby,Perfect Timing,['Lil Baby'],2,32.0,32.0,91.0,0,-59.0,1
Lil Baby,Pure Cocaine,['Lil Baby'],16,46.0,46.0,92.0,0,-2.3,20
Lil Baby,Real Spill,['Lil Baby'],3,10.0,10.0,82.0,0,-36.0,2
Lil Baby,Right On,['Lil Baby'],15,13.0,13.0,99.0,0,-5.733333333333333,15
Lil Baby,Stand On It,['Lil Baby'],3,22.0,22.0,89.0,0,-33.5,2
Lil Baby,Sum 2 Prove,['Lil Baby'],20,16.0,16.0,50.0,0,-1.7894736842105263,19
Lil Baby,The Bigger Picture,['Lil Baby'],20,3.0,3.0,82.0,0,-4.157894736842105,19
Lil Baby,Woah,['Lil Baby'],21,15.0,19.0,46.0,16,-7.75,4
Lil Baby & 21 Savage,Outfit,"['Lil Baby', '21 Savage']",2,50.0,50.0,98.0,0,-48.0,1
Lil Baby & 42 Dugg,Grace,"['Lil Baby', '42 Dugg']",15,48.0,48.0,84.0,0,-2.1176470588235294,17
Lil Baby & 42 Dugg,We Paid,"['Lil Baby', '42 Dugg']",22,10.0,61.0,49.0,8,-3.0,13
Lil Baby & DaBaby,Baby,"['Lil Baby', 'DaBaby']",21,21.0,42.0,47.0,9,-1.8571428571428572,14
Lil Baby & Drake,Yes Indeed,"['Lil Baby', 'Drake']",29,6.0,49.0,44.0,1,-1.4074074074074074,27
Lil Baby & Gunna,Drip Too Hard,"['Lil Baby', 'Gunna']",35,4.0,28.0,46.0,3,-1.3548387096774193,31
Lil Baby & Gunna,Heatin Up,"['Lil Baby', 'Gunna']",7,18.0,18.0,96.0,0,-8.666666666666666,9
Lil Baby & Gunna Featuring Drake,Never Recover,"['Lil Baby', 'Gunna', 'Drake']",8,15.0,15.0,85.0,0,-10.0,7
Lil Baby & Lil Durk,2040,"['Lil Baby', 'Lil Durk']",2,31.0,31.0,94.0,0,-63.0,1
Lil Baby & Lil Durk,How It Feels,"['Lil Baby', 'Lil Durk']",3,34.0,34.0,98.0,0,-32.0,2
Lil Baby & Lil Durk,Voice Of The Heroes,"['Lil Baby', 'Lil Durk']",3,21.0,81.0,82.0,1,-61.0,1
Lil Baby & Nardo Wick,Pop Out,"['Lil Baby', 'Nardo Wick']",2,15.0,15.0,73.0,0,-58.0,1
Lil Baby & Rylo Rodriguez Featuring Rod Wave,By Myself,"['Lil Baby', 'Rylo Rodriguez', 'Rod Wave']",2,44.0,44.0,89.0,0,-45.0,1
Lil Baby & Young Thug,Never Hating,"['Lil Baby', 'Young Thug']",3,19.0,19.0,85.0,0,-33.0,2
Lil Baby Featuring EST Gee,Real As It Gets,"['Lil Baby', 'EST Gee']",6,34.0,34.0,100.0,0,-13.2,5
Lil Baby Featuring Fridayy,Forever,"['Lil Baby', 'Fridayy']",20,8.0,8.0,100.0,0,-2.967741935483871,31
Lil Baby Featuring Future,From Now On,"['Lil Baby', 'Future']",2,42.0,42.0,97.0,0,-55.0,1
Lil Baby Featuring Future,Out The Mud,"['Lil Baby', 'Future']",3,70.0,72.0,85.0,1,-15.0,1
Lil Baby Featuring Gunna & Lil Uzi Vert,Life Goes On,"['Lil Baby', 'Gunna', 'Lil Uzi Vert']",6,74.0,80.0,89.0,1,-3.75,4
Lil Baby Featuring Lil Uzi Vert,Commercial,"['Lil Baby', 'Lil Uzi Vert']",2,23.0,23.0,68.0,0,-45.0,1
Lil Baby Featuring Travis Scott,Stuff,"['Lil Baby', 'Travis Scott']",3,51.0,51.0,99.0,0,-24.0,2
"Lil Baby, 42 Dugg & Veeze",U-Digg,"['Lil Baby', '42 Dugg', 'Veeze']",3,52.0,52.0,97.0,0,-22.5,2
"Lil Baby, Lil Durk & Meek Mill",Still Runnin,"['Lil Baby', 'Lil Durk', 'Meek Mill']",3,43.0,43.0,97.0,0,-27.0,2
"Lil Baby, Lil Durk & Travis Scott",Hats Off,"['Lil Baby', 'Lil Durk', 'Travis Scott']",11,16.0,16.0,86.0,0,-7.0,10
"Lil Baby, Young Thug & Future","Dum, Dumb, And Dumber","['Lil Baby', 'Young Thug', 'Future']",4,16.0,16.0,77.0,0,-20.333333333333332,3
Lil Dicky,Earth,['Lil Dicky'],6,17.0,17.0,91.0,0,-14.8,5
Lil Dicky Featuring Chris Brown,Freaky Friday,"['Lil Dicky', 'Chris Brown']",20,8.0,9.0,83.0,1,-4.166666666666667,18
Lil Dicky Featuring Fetty Wap & Rich Homie Quan,$ave Dat Money,"['Lil Dicky', 'Fetty Wap', 'Rich Homie Quan']",12,73.0,81.0,89.0,1,-1.6,10
Lil Durk,Ahhh Ha,['Lil Durk'],11,18.0,42.0,96.0,3,-11.142857142857142,7
Lil Durk,Backdoor,['Lil Durk'],4,62.0,93.0,95.0,1,-6.6,5
Lil Durk,Barbarian,['Lil Durk'],2,48.0,48.0,79.0,0,-31.0,1
Lil Durk,Golden Child,['Lil Durk'],2,34.0,34.0,80.0,0,-46.0,1
Lil Durk,Hellcats & Trackhawks,['Lil Durk'],9,69.0,74.0,93.0,4,-4.8,5
Lil Durk,No Interviews,['Lil Durk'],3,30.0,30.0,95.0,0,-32.5,2
Lil Durk,Pelle Coat,['Lil Durk'],2,35.0,35.0,71.0,0,-36.0,1
Lil Durk,Pissed Me Off,['Lil Durk'],4,39.0,39.0,95.0,0,-2.6666666666666665,21
Lil Durk,Smoking & Thinking,['Lil Durk'],2,60.0,60.0,94.0,0,-34.0,1
Lil Durk & King Von,Still Trappin',"['Lil Durk', 'King Von']",12,53.0,53.0,96.0,0,-3.909090909090909,11
Lil Durk Featuring 21 Savage,War Bout It,"['Lil Durk', '21 Savage']",2,41.0,41.0,84.0,0,-43.0,1
Lil Durk Featuring Future,Petty Too,"['Lil Durk', 'Future']",4,26.0,26.0,83.0,0,-19.0,3
Lil Durk Featuring Gunna,What Happened To Virgil,"['Lil Durk', 'Gunna']",20,22.0,24.0,51.0,1,-1.6111111111111112,18
Lil Durk Featuring J. Cole,All My Life,"['Lil Durk', 'J. Cole']",24,2.0,2.0,32.0,0,-1.3043478260869565,23
Lil Durk Featuring Lil Baby,Finesse Out The Gang Way,"['Lil Durk', 'Lil Baby']",7,39.0,39.0,97.0,0,-9.666666666666666,6
Lil Durk Featuring Lil Baby & Polo G,3 Headed Goat,"['Lil Durk', 'Lil Baby', 'Polo G']",16,43.0,43.0,90.0,0,-2.0434782608695654,23
Lil Durk Featuring Morgan Wallen,Broadway Girls,"['Lil Durk', 'Morgan Wallen']",20,14.0,14.0,81.0,0,-3.526315789473684,19
Lil Durk Featuring Morgan Wallen,Stand By Me,"['Lil Durk', 'Morgan Wallen']",15,22.0,22.0,96.0,0,-5.285714285714286,14
"Lil Durk, 6LACK & Young Thug",Stay Down,"['Lil Durk', '6LACK', 'Young Thug']",4,73.0,92.0,87.0,8,-2.8,5
Lil Mabu,Mathematical Disrespect,['Lil Mabu'],4,47.0,90.0,97.0,1,-25.0,2
Lil Mosey,Blueberry Faygo,['Lil Mosey'],33,8.0,62.0,50.0,21,-3.8181818181818183,11
Lil Mosey,Noticed,['Lil Mosey'],10,80.0,100.0,99.0,5,-3.8,5
Lil Mosey x Gunna,Stuck In A Dream,"['Lil Mosey', 'Gunna']",4,62.0,93.0,82.0,7,-20.0,1
Lil Nas X,Holiday,['Lil Nas X'],12,37.0,37.0,80.0,0,-3.909090909090909,11
Lil Nas X,Montero (Call Me By Your Name),['Lil Nas X'],35,1.0,1.0,41.0,0,-1.0,40
Lil Nas X,Panini,['Lil Nas X'],32,5.0,16.0,49.0,12,-2.3157894736842106,19
Lil Nas X,Star Walkin' (League Of Legends Worlds Anthem),['Lil Nas X'],18,32.0,32.0,80.0,0,-2.823529411764706,17
Lil Nas X,Sun Goes Down,['Lil Nas X'],2,66.0,66.0,91.0,0,-1.4705882352941178,17
Lil Nas X,Thats What I Want,['Lil Nas X'],45,8.0,10.0,42.0,26,-1.8888888888888888,18
Lil Nas X & Cardi B Or Nas,Rodeo,"['Lil Nas X', 'Cardi B', 'Nas']",9,22.0,22.0,74.0,0,-1.5757575757575757,33
Lil Nas X & Jack Harlow,Industry Baby,"['Lil Nas X', 'Jack Harlow']",42,1.0,2.0,42.0,11,-1.3666666666666667,30
Lil Nas X Featuring Billy Ray Cyrus,Old Town Road,"['Lil Nas X', 'Billy Ray Cyrus']",45,1.0,83.0,46.0,4,-1.125,40
Lil Peep & XXXTENTACION,Falling Down,"['Lil Peep', 'XXXTENTACION']",11,13.0,47.0,98.0,1,-9.444444444444445,9
Lil Peep & iLoveMakonnen Featuring Fall Out Boy,I've Been Waiting,"['Lil Peep', 'iLoveMakonnen', 'Fall Out Boy']",9,62.0,96.0,95.0,5,-11.0,3
Lil Pump,Butterfly Doors,['Lil Pump'],2,81.0,81.0,89.0,0,-8.0,1
Lil Pump,Esskeetit,['Lil Pump'],12,24.0,24.0,88.0,0,-5.818181818181818,11
Lil Pump,Gucci Gang,['Lil Pump'],23,3.0,81.0,47.0,9,-3.3846153846153846,13
Lil Shordie Scott,Rocking A Cardigan In Atlanta,['Lil Shordie Scott'],3,77.0,100.0,94.0,1,-17.0,1
Lil Skies,I,['Lil Skies'],4,39.0,39.0,82.0,0,-14.333333333333334,3
Lil Skies,Lust,['Lil Skies'],4,87.0,91.0,93.0,2,-6.0,1
Lil Skies Featuring Landon Cube,Nowadays,"['Lil Skies', 'Landon Cube']",13,55.0,85.0,85.0,1,-2.727272727272727,11
Lil Skies Featuring Landon Cube,Red Roses,"['Lil Skies', 'Landon Cube']",20,69.0,98.0,87.0,1,-1.0,18
Lil Skies Featuring Yung Pinch,I Know You,"['Lil Skies', 'Yung Pinch']",3,79.0,90.0,79.0,2,0.0,0
Lil Tecca,500lbs,['Lil Tecca'],20,51.0,60.0,71.0,7,-1.6666666666666667,12
Lil Tecca,Dark Thoughts,['Lil Tecca'],17,28.0,45.0,70.0,2,-3.0,14
Lil Tecca,Did It Again,['Lil Tecca'],7,64.0,100.0,100.0,2,-9.0,4
Lil Tecca,Never Left,['Lil Tecca'],2,56.0,56.0,91.0,0,-35.0,1
Lil Tecca,OWA OWA,['Lil Tecca'],5,50.0,50.0,84.0,0,-8.5,4
Lil Tecca,Ran$om,['Lil Tecca'],31,4.0,93.0,33.0,13,-1.7058823529411764,17
Lil Tecca & Gunna,Repeat It,"['Lil Tecca', 'Gunna']",3,80.0,80.0,99.0,0,-6.333333333333333,3
Lil Tjay,Beat The Odds,['Lil Tjay'],4,36.0,36.0,100.0,0,-21.333333333333332,3
Lil Tjay,F.N,['Lil Tjay'],14,56.0,92.0,93.0,9,-5.285714285714286,7
Lil Tjay,In My Head,['Lil Tjay'],4,33.0,33.0,89.0,0,-18.666666666666668,3
Lil Tjay Featuring 6LACK,Calling My Phone,"['Lil Tjay', '6LACK']",22,3.0,3.0,49.0,0,-2.1904761904761907,21
Lil Tjay Featuring Offset & Moneybagg Yo,Run It Up,"['Lil Tjay', 'Offset', 'Moneybagg Yo']",3,50.0,50.0,93.0,0,-21.5,2
"Lil Tjay, Polo G & Fivio Foreign",Headshot,"['Lil Tjay', 'Polo G', 'Fivio Foreign']",8,42.0,42.0,99.0,0,-8.142857142857142,7
Lil Uzi Vert,444+222,['Lil Uzi Vert'],3,60.0,60.0,100.0,0,-20.0,2
Lil Uzi Vert,Baby Pluto,['Lil Uzi Vert'],4,6.0,6.0,98.0,0,-30.666666666666668,3
Lil Uzi Vert,Dark Queen,['Lil Uzi Vert'],2,91.0,92.0,91.0,1,0.0,0
Lil Uzi Vert,Flooded The Face,['Lil Uzi Vert'],4,11.0,11.0,80.0,0,-23.0,3
Lil Uzi Vert,Futsal Shuffle 2020,['Lil Uzi Vert'],11,5.0,5.0,94.0,0,-6.846153846153846,13
Lil Uzi Vert,Homecoming,['Lil Uzi Vert'],2,22.0,22.0,82.0,0,-60.0,1
Lil Uzi Vert,Just Wanna Rock,['Lil Uzi Vert'],32,10.0,86.0,50.0,15,-2.5,16
Lil Uzi Vert,Lo Mein,['Lil Uzi Vert'],3,8.0,8.0,87.0,0,-39.5,2
Lil Uzi Vert,Money Longer,['Lil Uzi Vert'],22,54.0,92.0,62.0,13,-1.0,8
Lil Uzi Vert,Myron,['Lil Uzi Vert'],7,13.0,13.0,87.0,0,-12.333333333333334,6
Lil Uzi Vert,New Patek,['Lil Uzi Vert'],7,24.0,38.0,93.0,1,-13.8,5
Lil Uzi Vert,P2,['Lil Uzi Vert'],6,11.0,11.0,92.0,0,-16.2,5
Lil Uzi Vert,Prices,['Lil Uzi Vert'],2,25.0,25.0,95.0,0,-70.0,1
Lil Uzi Vert,Sanguine Paradise,['Lil Uzi Vert'],16,28.0,28.0,94.0,0,-3.8823529411764706,17
Lil Uzi Vert,Sauce It Up,['Lil Uzi Vert'],15,49.0,49.0,100.0,0,-3.642857142857143,14
Lil Uzi Vert,Silly Watch,['Lil Uzi Vert'],2,9.0,9.0,52.0,0,-43.0,1
Lil Uzi Vert,That Way,['Lil Uzi Vert'],12,20.0,21.0,92.0,1,-5.538461538461538,13
Lil Uzi Vert,That's A Rack,['Lil Uzi Vert'],5,76.0,76.0,97.0,0,-5.25,4
Lil Uzi Vert,Watch This (ARIZONATEARS Pluggnb Remix),['Lil Uzi Vert'],6,56.0,62.0,84.0,1,-7.0,4
Lil Uzi Vert,X,['Lil Uzi Vert'],2,81.0,81.0,93.0,0,-12.0,1
Lil Uzi Vert,XO TOUR Llif3,['Lil Uzi Vert'],34,7.0,49.0,48.0,10,-1.7826086956521738,23
Lil Uzi Vert,You Was Right,['Lil Uzi Vert'],28,40.0,89.0,46.0,25,-3.0,2
Lil Uzi Vert & 21 Savage,Yessirskiii,"['Lil Uzi Vert', '21 Savage']",2,26.0,26.0,93.0,0,-67.0,1
Lil Uzi Vert Featuring Chief Keef,Bean (Kobe),"['Lil Uzi Vert', 'Chief Keef']",2,19.0,19.0,86.0,0,-67.0,1
Lil Uzi Vert Featuring Nicki Minaj,Endless Fashion,"['Lil Uzi Vert', 'Nicki Minaj']",3,20.0,20.0,99.0,0,-39.5,2
Lil Uzi Vert Featuring Nicki Minaj,The Way Life Goes,"['Lil Uzi Vert', 'Nicki Minaj']",22,24.0,39.0,49.0,15,-4.166666666666667,6
Lil Uzi Vert Featuring Pharrell Williams,Neon Guts,"['Lil Uzi Vert', 'Pharrell Williams']",2,79.0,79.0,94.0,0,-15.0,1
Lil Wayne,Can't Be Broken,['Lil Wayne'],2,17.0,17.0,91.0,0,-74.0,1
Lil Wayne,Dedicate,['Lil Wayne'],2,14.0,14.0,78.0,0,-64.0,1
Lil Wayne,Uproar,['Lil Wayne'],20,7.0,7.0,73.0,0,-3.473684210526316,19
Lil Wayne & BigXthaPlug Featuring Jay Jones,Hip-Hop,"['Lil Wayne', 'BigXthaPlug', 'Jay Jones']",2,36.0,36.0,91.0,0,-55.0,1
Lil Wayne Featuring Big Sean & Lil Baby,I Do It,"['Lil Wayne', 'Big Sean', 'Lil Baby']",2,33.0,33.0,61.0,0,-28.0,1
Lil Wayne Featuring Kendrick Lamar,Mona Lisa,"['Lil Wayne', 'Kendrick Lamar']",8,2.0,2.0,91.0,0,-12.714285714285714,7
Lil Wayne Featuring Travis Scott,Let It Fly,"['Lil Wayne', 'Travis Scott']",2,10.0,10.0,67.0,0,-57.0,1
Lil Wayne Featuring XXXTENTACION,Don't Cry,"['Lil Wayne', 'XXXTENTACION']",3,5.0,5.0,91.0,0,-43.0,2
"Lil Wayne, Wiz Khalifa & Imagine Dragons With Logic & Ty Dolla $ign Feat. X Ambassadors",Sucker For Pain,"['Lil Wayne', 'Wiz Khalifa', 'Imagine Dragons', 'Logic', 'Ty Dolla $ign', 'X Ambassadors']",22,15.0,32.0,42.0,6,-1.8,15
Lil Xan,Betrayed,['Lil Xan'],19,64.0,93.0,77.0,11,-1.8571428571428572,7
Lil Yachty,1 Night,['Lil Yachty'],20,49.0,88.0,67.0,15,-3.0,6
Lil Yachty,Poland,['Lil Yachty'],3,40.0,65.0,75.0,1,-35.0,1
Lil Yachty,Strike (Holster),['Lil Yachty'],4,71.0,71.0,95.0,0,-8.0,3
Lil Yachty & ian,Hate Me,"['Lil Yachty', 'ian']",2,68.0,68.0,78.0,0,-10.0,1
Lil Yachty Featuring Migos,Peek A Boo,"['Lil Yachty', 'Migos']",4,78.0,78.0,89.0,0,-1.5714285714285714,7
Lil Yachty Featuring NBA YoungBoy,NBAYoungboat,"['Lil Yachty', 'NBA YoungBoy']",4,63.0,63.0,98.0,0,-11.666666666666666,3
"Lil Yachty, Drake & DaBaby",Oprah's Bank Account,"['Lil Yachty', 'Drake', 'DaBaby']",6,55.0,89.0,89.0,1,-8.5,4
Lil' Duval Featuring Snoop Dogg & Ball Greezy,Smile (Living My Best Life),"[""Lil' Duval"", 'Snoop Dogg', 'Ball Greezy']",19,56.0,83.0,78.0,4,-1.4666666666666666,15
Linkin Park,Lost,['Linkin Park'],2,38.0,38.0,74.0,0,-36.0,1
Linkin Park,The Emptiness Machine,['Linkin Park'],7,21.0,21.0,74.0,0,-5.3,10
Linkin Park Featuring Kiiara,Heavy,"['Linkin Park', 'Kiiara']",19,45.0,52.0,96.0,22,-51.0,1
Little Big Town,Better Man,['Little Big Town'],20,34.0,54.0,62.0,13,-4.666666666666667,6
Little Mix,Shout Out To My Ex,['Little Mix'],3,69.0,69.0,95.0,0,-8.666666666666666,3
Lizzo,2 Be Loved (Am I Ready),['Lizzo'],13,55.0,84.0,97.0,11,-8.4,5
Lizzo,About Damn Time,['Lizzo'],42,1.0,50.0,50.0,13,-1.53125,32
Lizzo,Good As Hell,['Lizzo'],30,3.0,52.0,44.0,12,-2.411764705882353,17
Lizzo,Juice,['Lizzo'],4,82.0,100.0,86.0,15,-4.0,1
Lizzo,Someday At Christmas,['Lizzo'],5,59.0,96.0,60.0,3,-1.0,1
Lizzo,Truth Hurts,['Lizzo'],42,1.0,50.0,45.0,16,-1.76,25
Lizzo Featuring Cardi B,Rumors,"['Lizzo', 'Cardi B']",7,4.0,4.0,74.0,0,-11.666666666666666,6
Lizzo Featuring SZA,Special,"['Lizzo', 'SZA']",10,52.0,52.0,91.0,0,-4.333333333333333,9
Lizzy McAlpine,Ceilings,['Lizzy McAlpine'],13,54.0,75.0,92.0,3,-4.222222222222222,9
LoCash,Hometown Home,['LoCash'],2,91.0,91.0,91.0,0,0.0,1
LoCash,I Know Somebody,['LoCash'],11,52.0,97.0,92.0,6,-10.0,4
LoCash,I Love This Life,['LoCash'],11,56.0,73.0,99.0,5,-8.6,5
LoCash,One Big Country Song,['LoCash'],11,50.0,82.0,71.0,7,-7.0,3
Loe Shimmy & Don Toliver,3am,"['Loe Shimmy', 'Don Toliver']",5,98.0,100.0,98.0,7,0.0,1
Logic,44 More,['Logic'],5,22.0,22.0,85.0,0,-15.75,4
Logic,Everybody,['Logic'],2,59.0,59.0,71.0,0,-2.4,5
Logic,Keanu Reeves,['Logic'],3,38.0,38.0,91.0,0,-26.5,2
Logic & Marshmello,Everyday,"['Logic', 'Marshmello']",13,29.0,43.0,95.0,1,-6.0,11
Logic Featuring Alessia Cara & Khalid,1-800-273-8255,"['Logic', 'Alessia Cara', 'Khalid']",41,3.0,61.0,45.0,19,-2.0,21
Logic Featuring Eminem,Homicide,"['Logic', 'Eminem']",6,5.0,5.0,71.0,0,-8.25,8
Lola Brooke X Latto X Yung Miami Or Featuring Billy B,Don't Play With It,"['Lola Brooke', 'Latto', 'Yung Miami', 'Billy B']",4,69.0,69.0,95.0,0,-8.666666666666666,3
Lola Young,Messy,['Lola Young'],32,14.0,90.0,47.0,8,-1.434782608695652,23
Lord Huron,The Night We Met,['Lord Huron'],4,84.0,99.0,91.0,1,-3.5,2
Lorde,Green Light,['Lorde'],9,19.0,100.0,86.0,1,-9.571428571428571,7
Lorde,Ribs,['Lorde'],2,99.0,99.0,99.0,0,0.0,2
Lorde,What Was That,['Lorde'],4,36.0,36.0,85.0,0,-5.444444444444445,9
Loren Allred,Never Enough,['Loren Allred'],4,88.0,88.0,96.0,0,-2.6666666666666665,3
"Los Legendarios, Wisin & Jhay Cortez",Fiel,"['Los Legendarios', 'Wisin', 'Jhay Cortez']",9,62.0,93.0,99.0,1,-5.285714285714286,7
Loud Luxury Featuring Brando,Body,"['Loud Luxury', 'Brando']",8,80.0,87.0,82.0,1,-0.3333333333333333,6
Louis Tomlinson Featuring Bebe Rexha & Digital Farm Animals,Back To You,"['Louis Tomlinson', 'Bebe Rexha', 'Digital Farm Animals']",10,40.0,40.0,88.0,0,-5.333333333333333,9
Loza Alexander,Lets Go Brandon,['Loza Alexander'],3,38.0,45.0,96.0,1,-58.0,1
Lucky Daye,Over,['Lucky Daye'],7,77.0,92.0,98.0,1,-4.2,5
Luis Fonsi & Daddy Yankee Featuring Justin Bieber,Despacito,"['Luis Fonsi', 'Daddy Yankee', 'Justin Bieber']",51,1.0,88.0,34.0,16,-0.9705882352941176,34
Luis Fonsi & Demi Lovato,Echame La Culpa,"['Luis Fonsi', 'Demi Lovato']",19,47.0,47.0,91.0,0,-2.4444444444444446,18
Luis R Conriquez x Neton Vega,Si No Quieres No,"['Luis R Conriquez', 'Neton Vega']",20,53.0,86.0,67.0,4,-0.9333333333333333,15
Lukas Graham,7 Years,['Lukas Graham'],36,2.0,96.0,46.0,9,-1.6923076923076923,26
Lukas Graham,Love Someone,['Lukas Graham'],10,70.0,82.0,96.0,6,-8.666666666666666,3
Lukas Graham,Mama Said,['Lukas Graham'],11,36.0,81.0,73.0,6,-9.25,4
Luke Bryan,But I Got A Beer In My Hand,['Luke Bryan'],8,91.0,92.0,91.0,19,0.0,0
Luke Bryan,Country On,['Luke Bryan'],17,72.0,76.0,93.0,14,-2.3333333333333335,9
Luke Bryan,Country Song Came On,['Luke Bryan'],3,93.0,98.0,99.0,1,-6.0,1
Luke Bryan,Down To One,['Luke Bryan'],20,36.0,91.0,77.0,9,-4.1,10
Luke Bryan,Fast,['Luke Bryan'],13,58.0,81.0,85.0,10,-13.5,2
Luke Bryan,"Huntin', Fishin' And Lovin' Every Day",['Luke Bryan'],20,37.0,92.0,95.0,11,-7.25,8
Luke Bryan,Knockin' Boots,['Luke Bryan'],22,31.0,94.0,50.0,18,-6.333333333333333,3
Luke Bryan,Light It Up,['Luke Bryan'],18,57.0,76.0,69.0,14,-4.0,3
Luke Bryan,"Love You, Miss You, Mean It",['Luke Bryan'],10,39.0,99.0,49.0,8,-10.0,1
Luke Bryan,Most People Are Good,['Luke Bryan'],18,43.0,94.0,92.0,11,-8.166666666666666,6
Luke Bryan,Move,['Luke Bryan'],14,50.0,100.0,78.0,10,-9.333333333333334,3
Luke Bryan,One Margarita,['Luke Bryan'],20,19.0,87.0,59.0,9,-4.0,10
Luke Bryan,"Sunrise, Sunburn, Sunset",['Luke Bryan'],16,35.0,86.0,96.0,8,-8.714285714285714,7
Luke Bryan,Waves,['Luke Bryan'],17,24.0,90.0,87.0,9,-9.0,7
Luke Bryan,What Makes You Country,['Luke Bryan'],11,54.0,76.0,90.0,7,-12.0,3
Luke Bryan,What She Wants Tonight,['Luke Bryan'],17,46.0,93.0,77.0,21,-10.333333333333334,3
Luke Bryan Featuring Karen Fairchild,Home Alone Tonight,"['Luke Bryan', 'Karen Fairchild']",16,38.0,61.0,90.0,6,-5.777777777777778,9
Luke Combs,5 Leaf Clover,['Luke Combs'],7,33.0,45.0,97.0,1,-12.8,5
Luke Combs,Ain't No Love In Oklahoma,['Luke Combs'],27,13.0,23.0,38.0,9,-1.4705882352941178,17
Luke Combs,Back In The Saddle,['Luke Combs'],19,22.0,38.0,83.0,13,-12.2,5
Luke Combs,Beautiful Crazy,['Luke Combs'],31,21.0,58.0,45.0,48,-2.6666666666666665,9
Luke Combs,Beer Never Broke My Heart,['Luke Combs'],21,21.0,68.0,45.0,12,-3.0,8
Luke Combs,Better Together,['Luke Combs'],25,15.0,72.0,47.0,62,-3.5555555555555554,9
Luke Combs,Cold As You,['Luke Combs'],20,32.0,84.0,72.0,55,-10.0,4
Luke Combs,Days Like These,['Luke Combs'],8,79.0,93.0,87.0,3,-1.3333333333333333,6
Luke Combs,Doin' This,['Luke Combs'],23,26.0,53.0,54.0,23,-9.333333333333334,3
Luke Combs,Even Though I'm Leaving,['Luke Combs'],24,11.0,62.0,47.0,22,-2.769230769230769,13
Luke Combs,Fast Car,['Luke Combs'],56,2.0,44.0,18.0,12,-0.37209302325581395,43
Luke Combs,Forever After All,['Luke Combs'],45,2.0,2.0,41.0,0,-0.8863636363636364,44
Luke Combs,"Going, Going, Gone",['Luke Combs'],22,23.0,99.0,45.0,12,-2.4444444444444446,9
Luke Combs,Growin' Up And Gettin' Old,['Luke Combs'],5,54.0,64.0,91.0,8,-37.0,1
Luke Combs,Hurricane,['Luke Combs'],22,31.0,96.0,50.0,12,-2.111111111111111,9
Luke Combs,Love You Anyway,['Luke Combs'],33,15.0,15.0,43.0,0,-0.875,32
Luke Combs,Lovin' On You,['Luke Combs'],20,23.0,93.0,51.0,10,-3.111111111111111,9
Luke Combs,One Number Away,['Luke Combs'],20,34.0,84.0,49.0,10,-1.6666666666666667,9
Luke Combs,Remember Him That Way,['Luke Combs'],3,35.0,35.0,91.0,0,-28.0,2
Luke Combs,She Got The Best Of Me,['Luke Combs'],23,31.0,95.0,38.0,20,-3.5,2
Luke Combs,Six Feet Apart,['Luke Combs'],2,58.0,58.0,90.0,0,-32.0,1
Luke Combs,The Kind Of Love We Make,['Luke Combs'],32,8.0,18.0,36.0,13,-1.2173913043478262,23
Luke Combs,The Man He Sees In Me,['Luke Combs'],3,39.0,58.0,96.0,1,-57.0,1
Luke Combs,Tomorrow Me,['Luke Combs'],4,61.0,61.0,66.0,0,-0.5555555555555556,9
Luke Combs,When It Rains It Pours,['Luke Combs'],20,33.0,85.0,68.0,11,-4.375,8
Luke Combs,Where The Wild Things Are,['Luke Combs'],22,26.0,84.0,29.0,11,-0.3,10
Luke Combs Featuring Amanda Shires,Without You,"['Luke Combs', 'Amanda Shires']",2,70.0,70.0,78.0,0,-1.6,5
Luke Combs Featuring Eric Church,Does To Me,"['Luke Combs', 'Eric Church']",19,20.0,86.0,88.0,10,-8.5,8
"Lunay, Daddy Yankee & Bad Bunny",Soltera,"['Lunay', 'Daddy Yankee', 'Bad Bunny']",17,66.0,73.0,100.0,13,-11.333333333333334,3
MAX Featuring Gnash,Lights Down Low,"['MAX', 'Gnash']",27,20.0,95.0,45.0,18,-3.125,8
MGK,Cliche,['MGK'],6,62.0,62.0,90.0,0,-2.3333333333333335,12
MGK & Jelly Roll,Lonely Road,"['MGK', 'Jelly Roll']",16,33.0,33.0,94.0,0,-3.8125,16
MO3 X OG Bobby Billions,Outside,"['MO3', 'OG Bobby Billions']",7,92.0,99.0,94.0,5,-0.3333333333333333,6
"MOLIY, Silent Addy, Skillibeng & Shenseea",Shake It To The Max (Fly),"['MOLIY', 'Silent Addy', 'Skillibeng', 'Shenseea']",21,44.0,91.0,97.0,5,-2.789473684210526,19
Mabel,Don't Call Me Up,['Mabel'],10,66.0,97.0,90.0,7,-12.0,2
Mac DeMarco,Heart To Heart,['Mac DeMarco'],4,83.0,98.0,97.0,1,-7.0,2
Mac Miller,Blue World,['Mac Miller'],2,38.0,38.0,78.0,0,-40.0,1
Mac Miller,Good News,['Mac Miller'],4,17.0,17.0,82.0,0,-21.666666666666668,3
Mac Miller,Self Care,['Mac Miller'],3,33.0,33.0,90.0,0,-28.5,2
Machine Gun Kelly,Bloody Valentine,['Machine Gun Kelly'],4,50.0,50.0,92.0,0,-14.0,3
Machine Gun Kelly,Rap Devil,['Machine Gun Kelly'],4,13.0,13.0,79.0,0,-22.0,3
Machine Gun Kelly & Bring Me the Horizon,Maybe,"['Machine Gun Kelly', 'Bring Me the Horizon']",2,68.0,91.0,68.0,1,0.0,0
Machine Gun Kelly & Halsey,Forget Me Too,"['Machine Gun Kelly', 'Halsey']",3,44.0,44.0,97.0,0,-13.25,4
Machine Gun Kelly & Lil Wayne,Ay!,"['Machine Gun Kelly', 'Lil Wayne']",2,82.0,82.0,88.0,0,-2.0,3
Machine Gun Kelly & WILLOW,Emo Girl,"['Machine Gun Kelly', 'WILLOW']",2,77.0,77.0,84.0,0,-1.0,7
Machine Gun Kelly Featuring Hailee Steinfeld,At My Best,"['Machine Gun Kelly', 'Hailee Steinfeld']",8,60.0,88.0,87.0,6,-9.0,3
Machine Gun Kelly X Blackbear,Make Up Sex,"['Machine Gun Kelly', 'Blackbear']",2,59.0,59.0,80.0,0,-21.0,1
Machine Gun Kelly X Blackbear,My Ex's Best Friend,"['Machine Gun Kelly', 'Blackbear']",52,20.0,82.0,42.0,39,-1.6923076923076923,13
Machine Gun Kelly x Camila Cabello,Bad Things,"['Machine Gun Kelly', 'Camila Cabello']",23,4.0,80.0,50.0,14,-4.6,10
"Machine Gun Kelly, X Ambassadors & Bebe Rexha",Home,"['Machine Gun Kelly', 'X Ambassadors', 'Bebe Rexha']",4,90.0,90.0,97.0,0,-1.1666666666666667,6
"Macklemore & Ryan Lewis Featuring Eric Nally, Melle Mel, Kool Moe Dee & Grandmaster Caz",Downtown,"['Macklemore', 'Ryan Lewis', 'Eric Nally', 'Melle Mel', 'Kool Moe Dee', 'Grandmaster Caz']",4,70.0,89.0,70.0,3,0.0,0
Macklemore Featuring Kesha,Good Old Days,"['Macklemore', 'Kesha']",19,48.0,70.0,50.0,21,-2.0,1
Macklemore Featuring Skylar Grey,Glorious,"['Macklemore', 'Skylar Grey']",19,49.0,89.0,93.0,11,-5.5,8
Maddie & Tae,Die From A Broken Heart,"['Maddie', 'Tae']",25,22.0,80.0,48.0,17,-3.7142857142857144,7
MadeinTYO,Uber Everywhere,['MadeinTYO'],20,51.0,99.0,77.0,11,-2.888888888888889,9
Major Lazer Featuring Justin Bieber & Mo,Cold Water,"['Major Lazer', 'Justin Bieber', 'Mo']",27,2.0,2.0,48.0,0,-1.7692307692307692,26
Major Lazer Featuring Nyla & Fuse ODG,Light It Up,"['Major Lazer', 'Nyla', 'Fuse ODG']",20,73.0,98.0,98.0,11,-3.125,8
"Major Lazer Featuring Travis Scott, Camila Cabello & Quavo",Know No Better,"['Major Lazer', 'Travis Scott', 'Camila Cabello', 'Quavo']",3,87.0,87.0,99.0,0,-1.0909090909090908,11
Major Lazer X DJ Snake Featuring Mo,Lean On,"['Major Lazer', 'DJ Snake', 'Mo']",12,25.0,25.0,48.0,0,-2.090909090909091,11
Malcolm Todd,Chest Pain (I Love),['Malcolm Todd'],3,68.0,68.0,93.0,0,-12.5,2
Maluma,Felices Los 4,['Maluma'],20,48.0,93.0,80.0,9,-3.2,10
Maluma & Carin Leon,Segun Quien,"['Maluma', 'Carin Leon']",17,65.0,83.0,88.0,14,-7.666666666666667,3
Maluma & The Weeknd,Hawai,"['Maluma', 'The Weeknd']",21,12.0,79.0,50.0,11,-4.222222222222222,9
Maluma X Nego do Borel,Corazon,"['Maluma', 'Nego do Borel']",9,87.0,92.0,97.0,2,-1.4285714285714286,7
Maneskin,Beggin',['Maneskin'],25,13.0,78.0,38.0,18,-2.7777777777777777,9
Manuel Turizo,La Bachata,['Manuel Turizo'],21,67.0,100.0,70.0,7,-0.17647058823529413,17
Marc E. Bassy Featuring G-Eazy,You & Me,"['Marc E. Bassy', 'G-Eazy']",16,58.0,91.0,97.0,8,-5.571428571428571,7
Maren Morris,80s Mercedes,['Maren Morris'],13,74.0,95.0,91.0,11,-3.4,5
Maren Morris,Circles Around This Town,['Maren Morris'],25,52.0,63.0,87.0,11,-2.3333333333333335,15
Maren Morris,GIRL,['Maren Morris'],21,44.0,96.0,44.0,26,0.0,0
Maren Morris,I Could Use A Love Song,['Maren Morris'],20,56.0,97.0,56.0,20,0.0,0
Maren Morris,My Church,['Maren Morris'],20,50.0,91.0,56.0,9,-0.6,10
Maren Morris,Rich,['Maren Morris'],8,62.0,96.0,87.0,8,-25.0,1
Maren Morris,The Bones,['Maren Morris'],52,12.0,96.0,29.0,31,-0.7391304347826086,23
Mariah Carey,All I Want For Christmas Is You,['Mariah Carey'],65,1.0,18.0,1.0,207,0.0,314
Mariah The Scientist,Burning Blue,['Mariah The Scientist'],26,25.0,25.0,34.0,0,-0.36,25
Mariah The Scientist & Kali Uchis,Is It A Crime,"['Mariah The Scientist', 'Kali Uchis']",19,45.0,62.0,59.0,14,-2.8,5
Marian Hill,Down,['Marian Hill'],17,21.0,99.0,100.0,6,-7.9,10
Mark Ambor,Belong Together,['Mark Ambor'],24,74.0,87.0,97.0,5,-1.15,20
Mark Ronson Featuring Miley Cyrus,Nothing Breaks Like A Heart,"['Mark Ronson', 'Miley Cyrus']",13,43.0,67.0,84.0,5,-5.857142857142857,7
Maroon 5,Memories,['Maroon 5'],41,2.0,22.0,42.0,14,-1.5384615384615385,26
Maroon 5,Nobody's Love,['Maroon 5'],10,41.0,46.0,86.0,2,-6.428571428571429,7
Maroon 5,Wait,['Maroon 5'],24,24.0,93.0,50.0,28,-6.5,4
Maroon 5 Featuring Cardi B,Girls Like You,"['Maroon 5', 'Cardi B']",52,1.0,94.0,35.0,16,-0.9714285714285714,35
Maroon 5 Featuring Future,Cold,"['Maroon 5', 'Future']",20,16.0,42.0,91.0,4,-5.0,15
Maroon 5 Featuring Kendrick Lamar,Don't Wanna Know,"['Maroon 5', 'Kendrick Lamar']",27,6.0,56.0,46.0,16,-4.0,10
Maroon 5 Featuring Megan Thee Stallion,Beautiful Mistakes,"['Maroon 5', 'Megan Thee Stallion']",25,13.0,54.0,47.0,15,-3.7777777777777777,9
Maroon 5 Featuring SZA,What Lovers Do,"['Maroon 5', 'SZA']",21,9.0,73.0,41.0,10,-3.2,10
Marshmello,Alone,['Marshmello'],11,28.0,93.0,28.0,119,0.0,0
Marshmello & Anne-Marie,Friends,"['Marshmello', 'Anne-Marie']",29,11.0,72.0,41.0,14,-2.142857142857143,14
Marshmello & Bastille,Happier,"['Marshmello', 'Bastille']",52,2.0,63.0,30.0,24,-1.037037037037037,27
Marshmello & Demi Lovato,OK Not To Be OK,"['Marshmello', 'Demi Lovato']",6,36.0,36.0,80.0,0,-8.8,5
Marshmello & Halsey,Be Kind,"['Marshmello', 'Halsey']",15,29.0,29.0,100.0,0,-5.071428571428571,14
Marshmello & Kane Brown,Miles On It,"['Marshmello', 'Kane Brown']",29,15.0,37.0,40.0,18,-2.5,10
Marshmello & Kane Brown,One Thing Right,"['Marshmello', 'Kane Brown']",23,36.0,57.0,52.0,17,-3.2,5
Marshmello & Khalid,Numb,"['Marshmello', 'Khalid']",16,40.0,83.0,87.0,9,-7.833333333333333,6
Marshmello Featuring Chvrches,Here With Me,"['Marshmello', 'Chvrches']",16,31.0,75.0,87.0,7,-7.0,8
Marshmello Featuring Khalid,Silence,"['Marshmello', 'Khalid']",22,30.0,42.0,50.0,17,-5.0,4
Marshmello X Jonas Brothers,Leave Before You Love Me,"['Marshmello', 'Jonas Brothers']",22,19.0,85.0,49.0,11,-3.0,10
Marshmello x Jelly Roll,Holy Water,"['Marshmello', 'Jelly Roll']",5,79.0,92.0,99.0,7,-20.0,1
Martin Garrix & Bebe Rexha,In The Name Of Love,"['Martin Garrix', 'Bebe Rexha']",23,24.0,93.0,47.0,14,-2.875,8
Martin Garrix & Dua Lipa,Scared To Be Lonely,"['Martin Garrix', 'Dua Lipa']",14,76.0,88.0,95.0,14,-4.75,4
Martin Garrix Featuring Khalid,Ocean,"['Martin Garrix', 'Khalid']",5,78.0,78.0,97.0,0,-3.1666666666666665,6
Mary J. Blige,Good Morning Gorgeous,['Mary J. Blige'],3,83.0,83.0,96.0,0,-6.5,2
Masked Wolf,Astronaut In The Ocean,['Masked Wolf'],28,6.0,68.0,39.0,12,-2.2,15
Mason Ramsey,Famous,['Mason Ramsey'],2,62.0,62.0,95.0,0,-33.0,1
Matt Stell,Everywhere But On,['Matt Stell'],12,48.0,96.0,96.0,7,-4.8,10
Matt Stell,Prayed For You,['Matt Stell'],20,36.0,99.0,87.0,9,-5.1,10
Max McNown,Better Me For You (Brown Eyes),['Max McNown'],27,50.0,98.0,68.0,10,-1.0,18
Meek Mill,Otherside Of America,['Meek Mill'],2,64.0,64.0,87.0,0,-23.0,1
Meek Mill Featuring Cardi B,On Me,"['Meek Mill', 'Cardi B']",2,30.0,30.0,82.0,0,-52.0,1
Meek Mill Featuring Chris Brown & Ty Dolla $ign,Whatever You Need,"['Meek Mill', 'Chris Brown', 'Ty Dolla $ign']",13,51.0,82.0,100.0,7,-4.9,10
Meek Mill Featuring Drake,Going Bad,"['Meek Mill', 'Drake']",37,6.0,6.0,48.0,0,-1.1666666666666667,36
Meek Mill Featuring Ella Mai,24/7,"['Meek Mill', 'Ella Mai']",19,54.0,54.0,88.0,0,-0.9444444444444444,36
Meek Mill Featuring Fabolous & Anuel AA,Uptown Vibes,"['Meek Mill', 'Fabolous', 'Anuel AA']",3,39.0,39.0,98.0,0,-29.5,2
Meek Mill Featuring Jeremih & PnB Rock,Dangerous,"['Meek Mill', 'Jeremih', 'PnB Rock']",20,31.0,79.0,46.0,21,-3.75,4
Meek Mill Featuring Lil Baby & Lil Durk,Sharing Locations,"['Meek Mill', 'Lil Baby', 'Lil Durk']",15,22.0,22.0,83.0,0,-4.357142857142857,14
Meek Mill Featuring Lil Uzi Vert,Blue Note$ II,"['Meek Mill', 'Lil Uzi Vert']",2,72.0,87.0,72.0,4,0.0,0
Meek Mill Featuring Rick Ross & Jay-Z,What's Free,"['Meek Mill', 'Rick Ross', 'Jay-Z']",2,20.0,20.0,61.0,0,-41.0,1
Meek Mill Featuring Roddy Ricch,Letter To Nipsey,"['Meek Mill', 'Roddy Ricch']",2,73.0,80.0,73.0,1,0.0,0
Meek Mill Featuring Tory Lanez,Litty,"['Meek Mill', 'Tory Lanez']",4,49.0,49.0,89.0,0,-13.333333333333334,3
Megan Moroney,6 Months Later,['Megan Moroney'],26,30.0,30.0,65.0,0,-1.4,25
Megan Moroney,Am I Okay?,['Megan Moroney'],40,34.0,86.0,45.0,43,-11.0,1
Megan Moroney,Beautiful Things,['Megan Moroney'],4,64.0,64.0,95.0,0,-5.166666666666667,6
Megan Moroney,Indifferent,['Megan Moroney'],2,91.0,91.0,94.0,0,-3.0,1
Megan Moroney,No Caller ID,['Megan Moroney'],2,58.0,58.0,88.0,0,-30.0,1
Megan Moroney,Tennessee Orange,['Megan Moroney'],28,30.0,94.0,43.0,31,-2.1666666666666665,6
Megan Thee Stallion,B.I.T.C.H.,['Megan Thee Stallion'],10,31.0,31.0,97.0,0,-6.0,11
Megan Thee Stallion,Big Ole Freak,['Megan Thee Stallion'],12,65.0,99.0,94.0,4,-4.142857142857143,7
Megan Thee Stallion,Boa,['Megan Thee Stallion'],2,39.0,39.0,91.0,0,-52.0,1
Megan Thee Stallion,Body,['Megan Thee Stallion'],20,12.0,12.0,84.0,0,-3.789473684210526,19
Megan Thee Stallion,Captain Hook,['Megan Thee Stallion'],4,74.0,74.0,89.0,0,-2.142857142857143,7
Megan Thee Stallion,Cobra,['Megan Thee Stallion'],2,32.0,32.0,63.0,0,-31.0,1
Megan Thee Stallion,Girls In The Hood,['Megan Thee Stallion'],18,28.0,28.0,80.0,0,-2.4761904761904763,21
Megan Thee Stallion,Hiss,['Megan Thee Stallion'],6,1.0,1.0,94.0,0,-18.6,5
Megan Thee Stallion,Lover Girl,['Megan Thee Stallion'],2,38.0,38.0,80.0,0,-42.0,1
Megan Thee Stallion,Megan's Piano,['Megan Thee Stallion'],2,97.0,97.0,99.0,0,-2.0,1
Megan Thee Stallion,Plan B,['Megan Thee Stallion'],10,29.0,29.0,93.0,0,-4.0,16
Megan Thee Stallion,Thot Shit,['Megan Thee Stallion'],20,16.0,16.0,84.0,0,-3.5789473684210527,19
Megan Thee Stallion & Dua Lipa,Sweetest Pie,"['Megan Thee Stallion', 'Dua Lipa']",21,15.0,15.0,49.0,0,-1.5454545454545454,22
Megan Thee Stallion & RM,Neva Play,"['Megan Thee Stallion', 'RM']",2,36.0,36.0,79.0,0,-43.0,1
Megan Thee Stallion Featuring Beyonce,Savage,"['Megan Thee Stallion', 'Beyonce']",28,1.0,98.0,48.0,9,-2.611111111111111,18
Megan Thee Stallion Featuring DaBaby,Cash Shit,"['Megan Thee Stallion', 'DaBaby']",20,36.0,98.0,80.0,10,-4.888888888888889,9
Megan Thee Stallion Featuring DaBaby,Cry Baby,"['Megan Thee Stallion', 'DaBaby']",20,28.0,71.0,55.0,11,-2.7,10
Megan Thee Stallion Featuring Future,Pressurelicious,"['Megan Thee Stallion', 'Future']",2,55.0,55.0,80.0,0,-8.333333333333334,3
Megan Thee Stallion Featuring Young Thug,Don't Stop,"['Megan Thee Stallion', 'Young Thug']",10,30.0,30.0,86.0,0,-6.222222222222222,9
Megan Thee Stallion Featuring Yuki Chiba,Mamushi,"['Megan Thee Stallion', 'Yuki Chiba']",20,36.0,68.0,85.0,3,-3.0625,16
"Megan Thee Stallion, Nicki Minaj & Ty Dolla $ign",Hot Girl Summer,"['Megan Thee Stallion', 'Nicki Minaj', 'Ty Dolla $ign']",16,11.0,11.0,96.0,0,-5.666666666666667,15
Meghan Trainor,Jingle Bells,['Meghan Trainor'],4,78.0,81.0,80.0,1,-0.0392156862745098,51
Meghan Trainor,Made You Look,['Meghan Trainor'],21,11.0,95.0,46.0,14,-5.833333333333333,6
Meghan Trainor,Me Too,['Meghan Trainor'],20,13.0,39.0,75.0,10,-6.888888888888889,9
Meghan Trainor,No,['Meghan Trainor'],20,3.0,11.0,85.0,3,-5.125,16
Meghan Trainor,No Excuses,['Meghan Trainor'],12,46.0,46.0,93.0,0,-4.2727272727272725,11
Meghan Trainor Featuring John Legend,Like I'm Gonna Lose You,"['Meghan Trainor', 'John Legend']",16,9.0,10.0,46.0,4,-3.3636363636363638,11
Melanie Martinez,Death,['Melanie Martinez'],2,95.0,95.0,98.0,0,-1.5,2
Metallica,Master Of Puppets,['Metallica'],3,35.0,40.0,50.0,1,-15.0,1
Metro Boomin & Coi Leray,Self Love,"['Metro Boomin', 'Coi Leray']",4,54.0,62.0,85.0,1,-15.5,2
Metro Boomin & James Blake,Hummingbird,"['Metro Boomin', 'James Blake']",2,90.0,90.0,100.0,0,-10.0,1
Metro Boomin & John Legend,On Time,"['Metro Boomin', 'John Legend']",2,48.0,48.0,85.0,0,-37.0,1
Metro Boomin & Travis Scott,Raindrops (Insane),"['Metro Boomin', 'Travis Scott']",2,31.0,31.0,77.0,0,-46.0,1
Metro Boomin & Young Thug,Metro Spider,"['Metro Boomin', 'Young Thug']",2,43.0,43.0,91.0,0,-48.0,1
Metro Boomin Featuring 21 Savage,10 Freaky Girls,"['Metro Boomin', '21 Savage']",4,42.0,42.0,70.0,0,-9.333333333333334,3
Metro Boomin Featuring 21 Savage,Don't Come Out The House,"['Metro Boomin', '21 Savage']",4,38.0,38.0,95.0,0,-19.0,3
Metro Boomin Featuring Don Toliver,Around Me,"['Metro Boomin', 'Don Toliver']",2,53.0,53.0,98.0,0,-45.0,1
Metro Boomin Featuring Don Toliver & Future,Too Many Nights,"['Metro Boomin', 'Don Toliver', 'Future']",13,22.0,22.0,95.0,0,-2.7037037037037037,27
Metro Boomin Featuring Gunna,Space Cadet,"['Metro Boomin', 'Gunna']",6,51.0,51.0,88.0,0,-3.7,10
Metro Boomin Featuring Offset & Drake,No Complaints,"['Metro Boomin', 'Offset', 'Drake']",5,71.0,71.0,100.0,0,-2.4166666666666665,12
"Metro Boomin, 21 Savage & Young Nudy",Umbrella,"['Metro Boomin', '21 Savage', 'Young Nudy']",2,23.0,23.0,74.0,0,-51.0,1
"Metro Boomin, A$AP Rocky & Roisee",Am I Dreaming,"['Metro Boomin', 'A$AP Rocky', 'Roisee']",4,51.0,51.0,91.0,0,-13.333333333333334,3
"Metro Boomin, Future & Chris Brown",Superhero (Heroes & Villains),"['Metro Boomin', 'Future', 'Chris Brown']",24,8.0,8.0,50.0,0,-1.826086956521739,23
"Metro Boomin, Future & Lil Uzi Vert",All The Way Live,"['Metro Boomin', 'Future', 'Lil Uzi Vert']",2,61.0,61.0,92.0,0,-31.0,1
"Metro Boomin, Quavo, Breskii & YKNIECE",Take Me Thru Dere,"['Metro Boomin', 'Quavo', 'Breskii', 'YKNIECE']",12,69.0,99.0,81.0,5,-2.0,6
"Metro Boomin, Swae Lee & Nav Featuring A Boogie wit da Hoodie",Calling,"['Metro Boomin', 'Swae Lee', 'Nav', 'A Boogie wit da Hoodie']",6,41.0,41.0,98.0,0,-9.5,6
"Metro Boomin, Swae Lee, Lil Wayne & Offset",Annihilate,"['Metro Boomin', 'Swae Lee', 'Lil Wayne', 'Offset']",4,44.0,44.0,79.0,0,-11.666666666666666,3
"Metro Boomin, The Weeknd & 21 Savage",Creepin',"['Metro Boomin', 'The Weeknd', '21 Savage']",47,3.0,5.0,38.0,8,-0.9210526315789473,38
"Metro Boomin, Travis Scott & 21 Savage",Niagara Falls (Foot Or 2),"['Metro Boomin', 'Travis Scott', '21 Savage']",6,27.0,27.0,90.0,0,-10.5,6
"Metro Boomin, Travis Scott & Young Thug",Trance,"['Metro Boomin', 'Travis Scott', 'Young Thug']",19,42.0,42.0,91.0,0,-1.8148148148148149,27
Michael Buble,Have Yourself A Merry Little Christmas,['Michael Buble'],4,41.0,49.0,41.0,157,0.0,0
Michael Buble,Holly Jolly Christmas,['Michael Buble'],4,36.0,37.0,40.0,49,-2.0,2
Michael Buble,It's Beginning To Look A Lot Like Christmas,['Michael Buble'],29,12.0,39.0,13.0,212,-0.0196078431372549,51
Michael Jackson,Thriller,['Michael Jackson'],9,10.0,31.0,10.0,366,0.0,0
Michael Marcagi,Scared To Start,['Michael Marcagi'],23,54.0,98.0,73.0,9,-1.2666666666666666,15
Michael Ray,One That Got Away,['Michael Ray'],9,67.0,100.0,99.0,5,-8.0,4
Michael Ray,Think A Little Less,['Michael Ray'],16,54.0,90.0,90.0,11,-9.0,4
Michael Ray,Whiskey And Rain,['Michael Ray'],20,37.0,97.0,88.0,13,-8.5,6
Midland,Burn Out,['Midland'],9,63.0,92.0,63.0,9,0.0,0
Midland,Drinkin' Problem,['Midland'],20,45.0,97.0,93.0,15,-12.0,4
Migos,Avalanche,['Migos'],2,27.0,27.0,86.0,0,-59.0,1
Migos,Narcos,['Migos'],15,36.0,36.0,100.0,0,-2.0,32
Migos,Stir Fry,['Migos'],21,8.0,94.0,44.0,6,-2.5714285714285716,14
Migos,Straightenin,['Migos'],14,23.0,38.0,83.0,4,-6.666666666666667,9
Migos,T-Shirt,['Migos'],25,19.0,43.0,48.0,2,-1.3181818181818181,22
Migos Featuring 21 Savage,BBO (Bad Bitches Only),"['Migos', '21 Savage']",2,48.0,48.0,89.0,0,-41.0,1
Migos Featuring Drake,Having Our Way,"['Migos', 'Drake']",4,15.0,15.0,87.0,0,-24.0,3
Migos Featuring Drake,Walk It Talk It,"['Migos', 'Drake']",22,10.0,18.0,29.0,9,-1.5833333333333333,12
Migos Featuring Gucci Mane,Slippery,"['Migos', 'Gucci Mane']",21,29.0,48.0,46.0,22,-2.8333333333333335,6
Migos Featuring Lil Uzi Vert,Bad And Boujee,"['Migos', 'Lil Uzi Vert']",36,1.0,76.0,45.0,7,-1.5714285714285714,28
Migos Featuring Post Malone,Notice Me,"['Migos', 'Post Malone']",5,52.0,52.0,92.0,0,-10.0,4
Migos Featuring Travis Scott,Kelly Price,"['Migos', 'Travis Scott']",2,58.0,58.0,100.0,0,-42.0,1
Migos Featuring YoungBoy Never Broke Again,Need It,"['Migos', 'YoungBoy Never Broke Again']",15,62.0,62.0,99.0,0,-2.466666666666667,15
"Migos, Nicki Minaj & Cardi B",MotorSport,"['Migos', 'Nicki Minaj', 'Cardi B']",21,6.0,14.0,45.0,6,-2.7857142857142856,14
Miguel,Sure Thing,['Miguel'],29,11.0,49.0,19.0,22,-1.3333333333333333,6
Miguel Featuring Travis Scott,Sky Walker,"['Miguel', 'Travis Scott']",25,29.0,97.0,50.0,19,-2.625,8
Mike Posner,I Took A Pill In Ibiza,['Mike Posner'],37,4.0,79.0,46.0,15,-2.0,21
Miley Cyrus,End Of The World,['Miley Cyrus'],4,52.0,52.0,93.0,0,-13.666666666666666,3
Miley Cyrus,Flowers,['Miley Cyrus'],55,1.0,1.0,21.0,0,-0.3389830508474576,59
Miley Cyrus,Jaded,['Miley Cyrus'],15,56.0,56.0,89.0,0,-1.375,24
Miley Cyrus,Malibu,['Miley Cyrus'],15,10.0,64.0,78.0,1,-5.230769230769231,13
Miley Cyrus,Midnight Sky,['Miley Cyrus'],20,14.0,14.0,98.0,0,-4.0,21
Miley Cyrus,Mother's Daughter,['Miley Cyrus'],3,54.0,54.0,92.0,0,-7.6,5
Miley Cyrus,River,['Miley Cyrus'],4,32.0,32.0,88.0,0,-18.666666666666668,3
Miley Cyrus,Slide Away,['Miley Cyrus'],6,47.0,47.0,95.0,0,-9.6,5
Miley Cyrus,Used To Be Young,['Miley Cyrus'],21,8.0,8.0,45.0,0,-1.85,20
Miley Cyrus Featuring Dua Lipa,Prisoner,"['Miley Cyrus', 'Dua Lipa']",12,54.0,54.0,98.0,0,-4.0,11
Miranda Lambert,Bluebird,['Miranda Lambert'],20,26.0,81.0,64.0,15,-9.5,4
Miranda Lambert,If I Was A Cowboy,['Miranda Lambert'],20,53.0,82.0,70.0,11,-2.125,8
Miranda Lambert,It All Comes Out In The Wash,['Miranda Lambert'],2,70.0,70.0,82.0,0,-12.0,1
Miranda Lambert,Settling Down,['Miranda Lambert'],20,41.0,90.0,66.0,14,-5.0,5
Miranda Lambert,Vice,['Miranda Lambert'],19,47.0,47.0,88.0,0,-2.2777777777777777,18
Missy Elliott Featuring Pharrell Williams,WTF (Where They From),"['Missy Elliott', 'Pharrell Williams']",9,54.0,54.0,92.0,0,-4.75,8
Mitchell Tenpenny,Drunk Me,['Mitchell Tenpenny'],21,39.0,100.0,39.0,22,0.0,0
Mitchell Tenpenny,Truth About You,['Mitchell Tenpenny'],13,54.0,85.0,89.0,7,-7.0,5
Mitski,My Love Mine All Mine,['Mitski'],20,26.0,76.0,50.0,4,-1.6,15
Money Man Featuring Lil Baby,24,"['Money Man', 'Lil Baby']",14,49.0,71.0,89.0,8,-8.0,5
Moneybagg Yo,If Pain Was A Person,['Moneybagg Yo'],2,54.0,54.0,96.0,0,-42.0,1
Moneybagg Yo,Me Vs Me,['Moneybagg Yo'],2,88.0,88.0,97.0,0,-9.0,1
Moneybagg Yo,Ocean Spray,['Moneybagg Yo'],2,69.0,69.0,88.0,0,-19.0,1
Moneybagg Yo,Said Sum,['Moneybagg Yo'],22,17.0,63.0,44.0,16,-5.4,5
Moneybagg Yo,Scorpio,['Moneybagg Yo'],15,66.0,87.0,86.0,10,-2.5,8
Moneybagg Yo,See Wat I'm Sayin,['Moneybagg Yo'],3,59.0,59.0,89.0,0,-3.75,8
Moneybagg Yo,Shottas (Lala),['Moneybagg Yo'],4,35.0,35.0,90.0,0,-18.333333333333332,3
Moneybagg Yo,Time Today,['Moneybagg Yo'],20,31.0,37.0,40.0,11,-1.125,8
Moneybagg Yo,Wockesha,['Moneybagg Yo'],28,20.0,59.0,38.0,22,-3.6,5
Moneybagg Yo & Future,Hard For The Next,"['Moneybagg Yo', 'Future']",5,49.0,49.0,81.0,0,-5.333333333333333,6
Moneybagg Yo Featuring BIG30,Go!,"['Moneybagg Yo', 'BIG30']",4,52.0,96.0,100.0,1,-24.0,2
Moneybagg Yo Featuring Lil Baby,U Played,"['Moneybagg Yo', 'Lil Baby']",5,53.0,60.0,98.0,1,-15.0,3
Moneybagg Yo Featuring Lil Durk & EST Gee,Switches & Dracs,"['Moneybagg Yo', 'Lil Durk', 'EST Gee']",2,69.0,69.0,86.0,0,-17.0,1
Moneybagg Yo Featuring Morgan Wallen,Whiskey Whiskey,"['Moneybagg Yo', 'Morgan Wallen']",20,21.0,21.0,90.0,0,-3.6315789473684212,19
Moneybagg Yo X Megan Thee Stallion,All Dat,"['Moneybagg Yo', 'Megan Thee Stallion']",4,70.0,70.0,84.0,0,-1.0769230769230769,13
Mooski,Track Star,['Mooski'],20,31.0,99.0,65.0,10,-3.7777777777777777,9
Morgan Evans,Kiss Somebody,['Morgan Evans'],8,53.0,76.0,86.0,6,-33.0,1
Morgan Wallen,'98 Braves,['Morgan Wallen'],7,27.0,27.0,98.0,0,-11.833333333333334,6
Morgan Wallen,180 (Lifestyle),['Morgan Wallen'],2,63.0,63.0,96.0,0,-33.0,1
Morgan Wallen,20 Cigarettes,['Morgan Wallen'],30,20.0,20.0,58.0,0,-1.2666666666666666,30
Morgan Wallen,7 Summers,['Morgan Wallen'],24,6.0,6.0,35.0,0,-1.2083333333333333,24
Morgan Wallen,865,['Morgan Wallen'],5,46.0,46.0,76.0,0,-7.5,4
Morgan Wallen,Ain't That Some,['Morgan Wallen'],20,11.0,11.0,94.0,0,-4.15,20
Morgan Wallen,Born With A Beer In My Hand,['Morgan Wallen'],3,32.0,32.0,94.0,0,-31.0,2
Morgan Wallen,Chasin' You,['Morgan Wallen'],36,16.0,82.0,46.0,18,-1.7647058823529411,17
Morgan Wallen,Cover Me Up,['Morgan Wallen'],10,52.0,99.0,96.0,7,-5.5,8
Morgan Wallen,Dangerous,['Morgan Wallen'],4,62.0,62.0,90.0,0,-7.0,4
Morgan Wallen,Dark Til Daylight,['Morgan Wallen'],8,49.0,50.0,88.0,1,-6.5,6
Morgan Wallen,Days That End In Why,['Morgan Wallen'],2,57.0,57.0,61.0,0,-0.3076923076923077,13
Morgan Wallen,Devil Don't Know,['Morgan Wallen'],3,29.0,29.0,86.0,0,-28.5,2
Morgan Wallen,Don't Think Jesus,['Morgan Wallen'],6,7.0,7.0,77.0,0,-1.5217391304347827,46
Morgan Wallen,Don't We,['Morgan Wallen'],5,48.0,48.0,94.0,0,-6.571428571428571,7
Morgan Wallen,Drinking Til It Does,['Morgan Wallen'],2,72.0,72.0,94.0,0,-22.0,1
Morgan Wallen,Dying Man,['Morgan Wallen'],4,43.0,43.0,90.0,0,-15.666666666666666,3
Morgan Wallen,Everything I Love,['Morgan Wallen'],42,14.0,61.0,75.0,5,-1.525,40
Morgan Wallen,Eyes Are Closed,['Morgan Wallen'],7,22.0,22.0,100.0,0,-13.0,6
Morgan Wallen,F150-50,['Morgan Wallen'],2,53.0,53.0,97.0,0,-44.0,1
Morgan Wallen,Falling Apart,['Morgan Wallen'],5,25.0,25.0,100.0,0,-18.75,4
Morgan Wallen,Genesis,['Morgan Wallen'],3,46.0,46.0,80.0,0,-17.0,2
Morgan Wallen,Hope That's True,['Morgan Wallen'],2,41.0,41.0,77.0,0,-36.0,1
Morgan Wallen,I Deserve A Drink,['Morgan Wallen'],2,52.0,52.0,85.0,0,-33.0,1
Morgan Wallen,I Got Better,['Morgan Wallen'],28,7.0,7.0,16.0,0,-0.3333333333333333,27
Morgan Wallen,I Wrote The Book,['Morgan Wallen'],19,18.0,58.0,99.0,5,-5.785714285714286,14
Morgan Wallen,I'm A Little Crazy,['Morgan Wallen'],17,17.0,17.0,89.0,0,-2.88,25
Morgan Wallen,I'm The Problem,['Morgan Wallen'],36,2.0,2.0,31.0,0,-0.8285714285714286,35
Morgan Wallen,If You Were Mine,['Morgan Wallen'],5,41.0,41.0,94.0,0,-13.25,4
Morgan Wallen,Interlude,['Morgan Wallen'],3,51.0,51.0,99.0,0,-24.0,2
Morgan Wallen,Jack And Jill,['Morgan Wallen'],3,60.0,60.0,85.0,0,-12.5,2
Morgan Wallen,Just In Case,['Morgan Wallen'],29,2.0,4.0,33.0,8,-1.55,20
Morgan Wallen,Keith Whitley,['Morgan Wallen'],2,44.0,44.0,80.0,0,-36.0,1
Morgan Wallen,Kick Myself,['Morgan Wallen'],6,21.0,21.0,95.0,0,-14.8,5
Morgan Wallen,Kiss Her In Front Of You,['Morgan Wallen'],6,34.0,34.0,100.0,0,-13.2,5
Morgan Wallen,LA Night,['Morgan Wallen'],2,79.0,79.0,99.0,0,-20.0,1
Morgan Wallen,Last Night,['Morgan Wallen'],60,1.0,27.0,16.0,5,-0.2777777777777778,54
Morgan Wallen,Leavin's The Least I Could Do,['Morgan Wallen'],2,70.0,70.0,89.0,0,-19.0,1
Morgan Wallen,Lies Lies Lies,['Morgan Wallen'],23,7.0,7.0,42.0,0,-1.3461538461538463,26
Morgan Wallen,Livin' The Dream,['Morgan Wallen'],2,74.0,83.0,74.0,7,0.0,0
Morgan Wallen,Love Somebody,['Morgan Wallen'],45,1.0,1.0,46.0,0,-1.0227272727272727,44
Morgan Wallen,Me + All Your Reasons,['Morgan Wallen'],3,51.0,51.0,99.0,0,-24.0,2
Morgan Wallen,Missing,['Morgan Wallen'],4,42.0,42.0,96.0,0,-18.0,3
Morgan Wallen,More Than My Hometown,['Morgan Wallen'],32,15.0,61.0,38.0,30,-2.090909090909091,11
Morgan Wallen,Neon Star (Country Boy Lullaby),['Morgan Wallen'],3,48.0,48.0,90.0,0,-21.0,2
Morgan Wallen,One Thing At A Time,['Morgan Wallen'],30,10.0,37.0,49.0,13,-2.4375,16
Morgan Wallen,Revelation,['Morgan Wallen'],3,54.0,54.0,95.0,0,-20.5,2
Morgan Wallen,Sand In My Boots,['Morgan Wallen'],41,30.0,32.0,46.0,58,-1.7777777777777777,9
Morgan Wallen,Single Than She Was,['Morgan Wallen'],2,56.0,56.0,90.0,0,-34.0,1
Morgan Wallen,"Skoal, Chevy, And Browning",['Morgan Wallen'],5,29.0,29.0,90.0,0,-15.25,4
Morgan Wallen,Smile,['Morgan Wallen'],21,4.0,27.0,45.0,1,-2.1578947368421053,19
Morgan Wallen,Somebody's Problem,['Morgan Wallen'],13,25.0,25.0,95.0,0,-4.666666666666667,15
Morgan Wallen,Spin You Around (1/24),['Morgan Wallen'],20,24.0,24.0,96.0,0,-3.6,20
Morgan Wallen,Still Goin Down,['Morgan Wallen'],8,45.0,46.0,94.0,7,-12.25,4
Morgan Wallen,Sunrise,['Morgan Wallen'],11,30.0,30.0,99.0,0,-6.9,10
Morgan Wallen,Superman,['Morgan Wallen'],17,8.0,16.0,91.0,1,-5.533333333333333,15
Morgan Wallen,TN,['Morgan Wallen'],15,31.0,31.0,95.0,0,-4.571428571428571,14
Morgan Wallen,Tennessee Fan,['Morgan Wallen'],7,49.0,49.0,76.0,0,-1.9285714285714286,14
Morgan Wallen,Tennessee Numbers,['Morgan Wallen'],2,38.0,38.0,74.0,0,-36.0,1
Morgan Wallen,Thinkin' Bout Me,['Morgan Wallen'],55,7.0,9.0,21.0,33,-0.6666666666666666,21
Morgan Wallen,Thought You Should Know,['Morgan Wallen'],52,7.0,12.0,34.0,43,-1.2272727272727273,22
Morgan Wallen,Warning,['Morgan Wallen'],5,42.0,42.0,93.0,0,-12.75,4
Morgan Wallen,Wasted On You,['Morgan Wallen'],57,9.0,9.0,22.0,0,-0.1262135922330097,103
Morgan Wallen,Where'd That Girl Go,['Morgan Wallen'],6,32.0,32.0,91.0,0,-11.8,5
Morgan Wallen,Whiskey Friends,['Morgan Wallen'],4,35.0,35.0,98.0,0,-21.0,3
Morgan Wallen,Whiskey Glasses,['Morgan Wallen'],27,17.0,85.0,43.0,12,-1.8571428571428572,14
Morgan Wallen,Wine Into Water,['Morgan Wallen'],2,59.0,59.0,100.0,0,-41.0,1
Morgan Wallen,You Proof,['Morgan Wallen'],62,5.0,6.0,23.0,21,-0.45,40
Morgan Wallen Featuring ERNEST,Cowgirls,"['Morgan Wallen', 'ERNEST']",49,12.0,40.0,39.0,69,-1.35,20
Morgan Wallen Featuring ERNEST,The Dealer,"['Morgan Wallen', 'ERNEST']",2,69.0,69.0,93.0,0,-24.0,1
Morgan Wallen Featuring Eric Church,Man Made A Bar,"['Morgan Wallen', 'Eric Church']",30,15.0,15.0,34.0,0,-0.3275862068965517,58
Morgan Wallen Featuring Eric Church,Number 3 And Number 7,"['Morgan Wallen', 'Eric Church']",3,52.0,52.0,97.0,0,-22.5,2
Morgan Wallen Featuring Florida Georgia Line,Up Down,"['Morgan Wallen', 'Florida Georgia Line']",20,49.0,86.0,88.0,11,-4.875,8
Morgan Wallen Featuring HARDY,Come Back As A Redneck,"['Morgan Wallen', 'HARDY']",2,63.0,63.0,90.0,0,-27.0,1
Morgan Wallen Featuring HARDY,In The Bible,"['Morgan Wallen', 'HARDY']",2,47.0,47.0,88.0,0,-41.0,1
Morgan Wallen Featuring Lil Wayne & Rick Ross,Miami,"['Morgan Wallen', 'Lil Wayne', 'Rick Ross']",10,21.0,65.0,99.0,10,-13.0,6
Morgan Wallen Featuring Post Malone,I Ain't Coming Back,"['Morgan Wallen', 'Post Malone']",27,8.0,8.0,100.0,0,-2.7058823529411766,34
Morgan Wallen Featuring Tate McRae,What I Want,"['Morgan Wallen', 'Tate McRae']",27,1.0,1.0,15.0,0,-0.5384615384615384,26
Morray,Quicksand,['Morray'],20,65.0,100.0,79.0,12,-2.0,7
Mulatto,B*tch From da Souf,['Mulatto'],3,95.0,95.0,99.0,0,-2.0,2
Muni Long,Hrs And Hrs,['Muni Long'],20,16.0,83.0,62.0,4,-3.066666666666667,15
Muni Long,Made For Me,['Muni Long'],22,20.0,93.0,60.0,6,-2.6666666666666665,15
Mustard & Migos,Pure Water,"['Mustard', 'Migos']",25,23.0,81.0,45.0,13,-1.8333333333333333,12
Mustard & Roddy Ricch,Ballin',"['Mustard', 'Roddy Ricch']",44,11.0,94.0,49.0,24,-2.0,19
Mustard & Travis Scott,Parking Lot,"['Mustard', 'Travis Scott']",8,57.0,57.0,99.0,0,-3.5,12
"Mustard Featuring Nav, Playboi Carti & A Boogie wit da Hoodie",Baguettes In The Face,"['Mustard', 'Nav', 'Playboi Carti', 'A Boogie wit da Hoodie']",6,81.0,89.0,95.0,7,-14.0,1
Myke Towers,LaLa,['Myke Towers'],20,43.0,90.0,89.0,4,-3.066666666666667,15
Myke Towers & Bad Bunny,Adivino,"['Myke Towers', 'Bad Bunny']",2,63.0,63.0,91.0,0,-28.0,1
Myke Towers & Juhn,Bandido,"['Myke Towers', 'Juhn']",7,82.0,87.0,98.0,1,-3.2,5
Myles Smith,Nice To Meet You,['Myles Smith'],28,54.0,100.0,61.0,23,-1.4,5
Myles Smith,Stargazing,['Myles Smith'],52,19.0,77.0,27.0,33,-0.42105263157894735,19
N*E*R*D & Rihanna,Lemon,"['N*E*R*D', 'Rihanna']",21,36.0,65.0,48.0,19,-12.0,1
NEIKED X Mae Muller X Polo G,Better Days,"['NEIKED', 'Mae Muller', 'Polo G']",20,23.0,57.0,60.0,11,-4.625,8
NF,Clouds,['NF'],2,53.0,53.0,93.0,0,-8.0,5
NF,Fear,['NF'],2,35.0,35.0,77.0,0,-42.0,1
NF,Happy,['NF'],6,54.0,54.0,100.0,0,-9.2,5
NF,Hope,['NF'],2,49.0,49.0,84.0,0,-35.0,1
NF,Let You Down,['NF'],27,12.0,87.0,49.0,15,-3.3636363636363638,11
NF,Lie,['NF'],20,48.0,97.0,70.0,17,-7.333333333333333,3
NF,The Search,['NF'],2,70.0,70.0,86.0,0,-2.0,8
NF,Time,['NF'],20,41.0,92.0,58.0,16,-4.25,4
NLE Choppa,Camelot,['NLE Choppa'],20,37.0,40.0,99.0,1,-3.263157894736842,19
NLE Choppa,Gang Baby,['NLE Choppa'],5,82.0,98.0,82.0,2,0.0,3
NLE Choppa,Shotta Flow,['NLE Choppa'],20,36.0,96.0,46.0,12,-1.4285714285714286,7
NLE Choppa,Shotta Flow 5,['NLE Choppa'],3,54.0,54.0,100.0,0,-23.0,2
NLE Choppa,Slut Me Out,['NLE Choppa'],14,28.0,96.0,82.0,7,-5.4,10
NLE Choppa & 2Rare,Do It Again,"['NLE Choppa', '2Rare']",5,85.0,96.0,95.0,1,-3.3333333333333335,3
NLE Choppa & 41,Or What?,"['NLE Choppa', '41']",7,52.0,91.0,84.0,1,-6.4,5
NLE Choppa Featuring Roddy Ricch,Walk Em Down,"['NLE Choppa', 'Roddy Ricch']",20,38.0,94.0,59.0,12,-3.0,7
Nardo Wick,Dah Dah DahDah,['Nardo Wick'],11,48.0,89.0,80.0,3,-4.571428571428571,7
"Nardo Wick Featuring G Herbo, Lil Durk & 21 Savage",Who Want Smoke??,"['Nardo Wick', 'G Herbo', 'Lil Durk', '21 Savage']",20,17.0,17.0,71.0,0,-2.8421052631578947,19
"Nardo Wick, Lil Baby & Future",Me Or Sum,"['Nardo Wick', 'Lil Baby', 'Future']",20,58.0,86.0,81.0,12,-1.9166666666666667,12
"Nat ""King"" Cole",The Christmas Song (Merry Christmas To You),"['Nat ""King"" Cole']",48,6.0,38.0,6.0,520,0.0,0
Nat King Cole,Deck The Halls,['Nat King Cole'],21,16.0,47.0,25.0,105,-0.057692307692307696,156
Nate Smith,Bulletproof,['Nate Smith'],20,37.0,94.0,58.0,9,-2.1,10
Nate Smith,Fix What You Didn't Break,['Nate Smith'],20,52.0,88.0,69.0,43,-17.0,1
Nate Smith,Whiskey On You,['Nate Smith'],34,43.0,84.0,48.0,38,-5.0,1
Nate Smith,World On Fire,['Nate Smith'],20,21.0,92.0,60.0,10,-4.333333333333333,9
Nate Smith,Wreckage,['Nate Smith'],3,69.0,69.0,97.0,0,-9.333333333333334,3
Natti Natasha x Ozuna,Criminal,"['Natti Natasha', 'Ozuna']",3,95.0,99.0,98.0,8,-3.0,1
Nav Featuring Lil Uzi Vert,Wanted You,"['Nav', 'Lil Uzi Vert']",6,64.0,65.0,97.0,1,-6.6,5
Nav Featuring Meek Mill,Tap,"['Nav', 'Meek Mill']",10,87.0,89.0,97.0,17,-3.3333333333333335,3
"Nav, Gunna & Travis Scott",Turks,"['Nav', 'Gunna', 'Travis Scott']",11,17.0,17.0,86.0,0,-6.9,10
"Nav, Travis Scott & Lil Baby",Never Sleep,"['Nav', 'Travis Scott', 'Lil Baby']",3,50.0,50.0,76.0,0,-4.333333333333333,6
Ne-Yo & Jeremih,U 2 Luv,"['Ne-Yo', 'Jeremih']",8,66.0,88.0,88.0,4,-5.5,4
Nelly & Florida Georgia Line,Lil Bit,"['Nelly', 'Florida Georgia Line']",23,23.0,100.0,46.0,16,-2.875,8
Nelly Featuring Jeremih,The Fix,"['Nelly', 'Jeremih']",9,62.0,65.0,97.0,1,-5.0,7
Nengo Flow & Bad Bunny,Gato de Noche,"['Nengo Flow', 'Bad Bunny']",8,60.0,62.0,98.0,1,-6.333333333333333,6
Neton Vega,Loco,['Neton Vega'],20,43.0,50.0,95.0,3,-3.25,16
Neton Vega & Peso Pluma,Morena,"['Neton Vega', 'Peso Pluma']",6,83.0,93.0,93.0,1,-2.5,4
NewJeans,Ditto,['NewJeans'],5,82.0,96.0,82.0,4,0.0,0
NewJeans,OMG,['NewJeans'],6,74.0,91.0,89.0,3,-7.5,2
NewJeans,Super Shy,['NewJeans'],8,48.0,66.0,95.0,2,-9.4,5
Niall Horan,Heaven,['Niall Horan'],7,62.0,63.0,94.0,1,-4.571428571428571,7
Niall Horan,Nice To Meet Ya,['Niall Horan'],14,63.0,83.0,95.0,5,-3.5555555555555554,9
Niall Horan,Slow Hands,['Niall Horan'],31,11.0,90.0,50.0,19,-3.5454545454545454,11
Niall Horan,This Town,['Niall Horan'],22,20.0,63.0,48.0,13,-3.5,8
Niall Horan,Too Much To Ask,['Niall Horan'],11,66.0,66.0,93.0,0,-1.8,15
Nick Jonas Featuring Tove Lo,Close,"['Nick Jonas', 'Tove Lo']",20,14.0,27.0,73.0,11,-7.375,8
Nicki Minaj,Barbie Dreams,['Nicki Minaj'],7,18.0,18.0,70.0,0,-8.666666666666666,6
Nicki Minaj,Barbie Tingz,['Nicki Minaj'],4,25.0,83.0,84.0,1,-19.666666666666668,3
Nicki Minaj,Beep Beep,['Nicki Minaj'],2,64.0,64.0,74.0,0,-10.0,1
Nicki Minaj,Chun-Li,['Nicki Minaj'],16,10.0,92.0,100.0,1,-5.0,18
Nicki Minaj,FTCU,['Nicki Minaj'],20,15.0,42.0,53.0,4,-2.533333333333333,15
Nicki Minaj,Last Time I Saw You,['Nicki Minaj'],2,23.0,23.0,62.0,0,-39.0,1
Nicki Minaj,MEGATRON,['Nicki Minaj'],5,20.0,20.0,92.0,0,-14.4,5
Nicki Minaj,Red Ruby Da Sleeze,['Nicki Minaj'],12,13.0,13.0,83.0,0,-6.363636363636363,11
Nicki Minaj,Super Freaky Girl,['Nicki Minaj'],25,1.0,1.0,44.0,0,-1.7916666666666667,24
Nicki Minaj,Yikes,['Nicki Minaj'],2,23.0,23.0,81.0,0,-58.0,1
Nicki Minaj & Ice Spice With Aqua,Barbie World,"['Nicki Minaj', 'Ice Spice', 'Aqua']",21,7.0,7.0,45.0,0,-1.9,20
Nicki Minaj Featuring Ariana Grande,Bed,"['Nicki Minaj', 'Ariana Grande']",10,42.0,43.0,91.0,8,-49.0,1
Nicki Minaj Featuring Drake,Needle,"['Nicki Minaj', 'Drake']",4,34.0,34.0,83.0,0,-16.333333333333332,3
Nicki Minaj Featuring Lil Uzi Vert,Everybody,"['Nicki Minaj', 'Lil Uzi Vert']",20,24.0,26.0,81.0,6,-4.384615384615385,13
Nicki Minaj Featuring Lil Wayne,Good Form,"['Nicki Minaj', 'Lil Wayne']",6,60.0,60.0,94.0,0,-5.666666666666667,6
Nicki Minaj Featuring Lil Wayne,Rich Sex,"['Nicki Minaj', 'Lil Wayne']",2,56.0,88.0,56.0,9,0.0,0
Nicki Minaj With Drake & Lil Wayne,No Frauds,"['Nicki Minaj', 'Drake', 'Lil Wayne']",7,14.0,14.0,95.0,0,-13.5,6
Nicki Minaj X Lil Baby,Bussin,"['Nicki Minaj', 'Lil Baby']",3,20.0,20.0,94.0,0,-37.0,2
Nicki Minaj X Lil Baby,Do We Have A Problem?,"['Nicki Minaj', 'Lil Baby']",13,2.0,2.0,93.0,0,-7.583333333333333,12
Nicki Minaj X Mike Will Made-It,Black Barbies,"['Nicki Minaj', 'Mike Will Made-It']",2,65.0,65.0,97.0,0,-10.666666666666666,3
"Nicki Minaj, Drake & Lil Wayne",Seeing Green,"['Nicki Minaj', 'Drake', 'Lil Wayne']",4,12.0,12.0,100.0,0,-29.333333333333332,3
Nicky Jam,El Amante,['Nicky Jam'],15,92.0,99.0,99.0,24,-1.75,4
Nicky Jam,With You Tonight / Hasta El Amanecer,['Nicky Jam'],19,73.0,98.0,97.0,12,-4.0,6
Nicky Jam X Ozuna,Te Robare,"['Nicky Jam', 'Ozuna']",6,91.0,95.0,94.0,4,-3.0,1
Nicky Jam x J Balvin,X,"['Nicky Jam', 'J Balvin']",21,41.0,80.0,47.0,10,-0.6,10
Nicky Youre & dazy,Sunroof,"['Nicky Youre', 'dazy']",32,4.0,87.0,48.0,14,-2.0952380952380953,21
Niko Moon,Good Time,['Niko Moon'],25,20.0,95.0,49.0,22,-9.666666666666666,3
Nio Garcia X J Balvin X Bad Bunny,AM,"['Nio Garcia', 'J Balvin', 'Bad Bunny']",10,41.0,41.0,98.0,0,-6.333333333333333,9
Nio Garcia x Anuel AA x Myke Towers x Brray x Juanka,La Jeepeta,"['Nio Garcia', 'Anuel AA', 'Myke Towers', 'Brray', 'Juanka']",10,93.0,93.0,95.0,0,-0.2,10
Nipsey Hussle Featuring Belly & Dom Kennedy,Double Up,"['Nipsey Hussle', 'Belly', 'Dom Kennedy']",3,65.0,65.0,82.0,0,-8.5,2
Nipsey Hussle Featuring Kendrick Lamar,Dedication,"['Nipsey Hussle', 'Kendrick Lamar']",2,93.0,93.0,97.0,0,-4.0,1
Nipsey Hussle Featuring Roddy Ricch & Hit-Boy,Racks In The Middle,"['Nipsey Hussle', 'Roddy Ricch', 'Hit-Boy']",11,26.0,44.0,99.0,1,-7.3,10
Nipsey Hussle Featuring YG,Last Time That I Checc'd,"['Nipsey Hussle', 'YG']",3,76.0,82.0,92.0,1,-16.0,1
Noah Cyrus & Leon Bridges,July,"['Noah Cyrus', 'Leon Bridges']",16,85.0,100.0,100.0,15,-1.5,10
Noah Cyrus Featuring Labrinth,Make Me (Cry),"['Noah Cyrus', 'Labrinth']",15,46.0,98.0,73.0,9,-3.857142857142857,7
Noah Kahan,Forever,['Noah Kahan'],4,28.0,28.0,88.0,0,-20.0,3
Noah Kahan,Stick Season,['Noah Kahan'],52,9.0,80.0,48.0,28,-1.6956521739130435,23
Noah Kahan With Hozier,Northern Attitude,"['Noah Kahan', 'Hozier']",12,37.0,37.0,100.0,0,-4.5,14
Noah Kahan With Kacey Musgraves,She Calls Me Back,"['Noah Kahan', 'Kacey Musgraves']",2,76.0,76.0,91.0,0,-0.8333333333333334,18
Noah Kahan With Post Malone,Dial Drunk,"['Noah Kahan', 'Post Malone']",24,25.0,43.0,48.0,6,-1.0,23
Normani,Motivation,['Normani'],10,33.0,33.0,75.0,0,-4.666666666666667,9
Normani Featuring Cardi B,Wild Side,"['Normani', 'Cardi B']",20,14.0,14.0,63.0,0,-2.5789473684210527,19
O.T. Genasis Featuring Young Dolph,Cut It,"['O.T. Genasis', 'Young Dolph']",20,35.0,94.0,40.0,16,-1.6666666666666667,3
Offset,Red Room,['Offset'],3,49.0,49.0,73.0,0,-12.0,2
Offset & Cardi B,Jealousy,"['Offset', 'Cardi B']",3,55.0,55.0,85.0,0,-15.0,2
Offset & Don Toliver,Worth It,"['Offset', 'Don Toliver']",8,90.0,92.0,99.0,20,-9.0,1
Offset & Gunna,Different Species,"['Offset', 'Gunna']",2,73.0,73.0,99.0,0,-26.0,1
Offset & JID,Bodies,"['Offset', 'JID']",2,72.0,72.0,91.0,0,-19.0,1
Offset & Metro Boomin,Ric Flair Drip,"['Offset', 'Metro Boomin']",30,13.0,71.0,44.0,19,-3.1,10
Offset Featuring Cardi B,Clout,"['Offset', 'Cardi B']",20,39.0,64.0,52.0,8,-0.7647058823529411,17
Offset Featuring Travis Scott,Say My Grace,"['Offset', 'Travis Scott']",2,48.0,48.0,100.0,0,-52.0,1
Old Dominion,Hotel Key,['Old Dominion'],19,48.0,93.0,96.0,11,-6.857142857142857,7
Old Dominion,I Was On A Boat That Day,['Old Dominion'],19,37.0,91.0,64.0,14,-6.75,4
Old Dominion,Make It Sweet,['Old Dominion'],20,56.0,98.0,80.0,16,-8.0,3
Old Dominion,Memory Lane,['Old Dominion'],20,27.0,100.0,89.0,13,-8.857142857142858,7
Old Dominion,No Such Thing As A Broken Heart,['Old Dominion'],19,46.0,90.0,92.0,13,-9.2,5
Old Dominion,One Man Band,['Old Dominion'],28,20.0,91.0,50.0,11,-1.875,16
Old Dominion,Snapback,['Old Dominion'],20,50.0,100.0,70.0,11,-2.5,8
Old Dominion,Song For Another Time,['Old Dominion'],18,59.0,92.0,96.0,10,-5.285714285714286,7
Old Dominion,Written In The Sand,['Old Dominion'],19,51.0,99.0,93.0,10,-5.25,8
Oliver Anthony Music,Aint Gotta Dollar,['Oliver Anthony Music'],2,82.0,82.0,88.0,0,-6.0,1
Oliver Anthony Music,Rich Men North Of Richmond,['Oliver Anthony Music'],20,1.0,1.0,94.0,0,-4.2272727272727275,22
Oliver Tree,Life Goes On,['Oliver Tree'],5,71.0,91.0,71.0,12,0.0,0
Oliver Tree & Robin Schulz,Miss You,"['Oliver Tree', 'Robin Schulz']",9,84.0,99.0,97.0,1,-1.0833333333333333,12
Olivia Dean,A Couple Minutes,['Olivia Dean'],8,55.0,87.0,69.0,3,-3.5,4
Olivia Dean,Let Alone The One You Love,['Olivia Dean'],4,95.0,97.0,97.0,1,-1.0,2
Olivia Dean,Man I Need,['Olivia Dean'],17,4.0,82.0,18.0,11,-2.8,5
Olivia Dean,Nice To Each Other,['Olivia Dean'],9,78.0,97.0,92.0,8,-7.0,2
Olivia Dean,So Easy (To Fall In Love),['Olivia Dean'],12,18.0,98.0,54.0,7,-9.0,4
Olivia Rodrigo,"1 Step Forward, 3 Steps Back",['Olivia Rodrigo'],4,19.0,19.0,95.0,0,-25.333333333333332,3
Olivia Rodrigo,All I Want,['Olivia Rodrigo'],2,90.0,90.0,100.0,0,-10.0,1
Olivia Rodrigo,All-American Bitch,['Olivia Rodrigo'],4,13.0,13.0,73.0,0,-20.0,3
Olivia Rodrigo,Bad Idea Right?,['Olivia Rodrigo'],19,7.0,10.0,85.0,4,-4.588235294117647,17
Olivia Rodrigo,Ballad Of A Homeschooled Girl,['Olivia Rodrigo'],2,24.0,24.0,66.0,0,-42.0,1
Olivia Rodrigo,Brutal,['Olivia Rodrigo'],12,12.0,12.0,97.0,0,-6.071428571428571,14
Olivia Rodrigo,Can't Catch Me Now,['Olivia Rodrigo'],12,56.0,56.0,91.0,0,-3.1818181818181817,11
Olivia Rodrigo,Deja Vu,['Olivia Rodrigo'],29,3.0,8.0,50.0,7,-2.238095238095238,21
Olivia Rodrigo,Drivers License,['Olivia Rodrigo'],28,1.0,1.0,43.0,0,-1.5555555555555556,27
Olivia Rodrigo,Enough For You,['Olivia Rodrigo'],6,14.0,14.0,98.0,0,-14.0,6
Olivia Rodrigo,Favorite Crime,['Olivia Rodrigo'],13,16.0,18.0,93.0,1,-7.0,11
Olivia Rodrigo,Get Him Back!,['Olivia Rodrigo'],20,11.0,11.0,54.0,0,-2.263157894736842,19
Olivia Rodrigo,Good 4 U,['Olivia Rodrigo'],51,1.0,1.0,49.0,0,-0.96,50
Olivia Rodrigo,Happier,['Olivia Rodrigo'],12,15.0,15.0,97.0,0,-7.454545454545454,11
Olivia Rodrigo,Hope Ur OK,['Olivia Rodrigo'],3,29.0,29.0,84.0,0,-27.5,2
Olivia Rodrigo,"Jealousy, Jealousy",['Olivia Rodrigo'],9,24.0,24.0,99.0,0,-9.375,8
Olivia Rodrigo,Lacy,['Olivia Rodrigo'],3,23.0,23.0,84.0,0,-30.5,2
Olivia Rodrigo,Logical,['Olivia Rodrigo'],3,20.0,20.0,94.0,0,-37.0,2
Olivia Rodrigo,Love Is Embarrassing,['Olivia Rodrigo'],3,25.0,25.0,100.0,0,-37.5,2
Olivia Rodrigo,Making The Bed,['Olivia Rodrigo'],3,19.0,19.0,93.0,0,-37.0,2
Olivia Rodrigo,Obsessed,['Olivia Rodrigo'],12,14.0,14.0,92.0,0,-7.090909090909091,11
Olivia Rodrigo,Pretty Isn't Pretty,['Olivia Rodrigo'],2,30.0,30.0,83.0,0,-53.0,1
Olivia Rodrigo,Teenage Dream,['Olivia Rodrigo'],2,39.0,39.0,96.0,0,-57.0,1
Olivia Rodrigo,The Grudge,['Olivia Rodrigo'],4,16.0,16.0,86.0,0,-23.333333333333332,3
Olivia Rodrigo,Traitor,['Olivia Rodrigo'],25,9.0,9.0,34.0,0,-1.0416666666666667,24
Olivia Rodrigo,Vampire,['Olivia Rodrigo'],35,1.0,1.0,46.0,0,-1.2162162162162162,37
Omar Apollo,Evergreen,['Omar Apollo'],7,51.0,62.0,100.0,2,-12.25,4
One Direction,History,['One Direction'],5,92.0,92.0,100.0,0,-2.0,4
One Direction,Perfect,['One Direction'],12,26.0,32.0,87.0,2,-6.777777777777778,9
OneRepublic,I Ain't Worried,['OneRepublic'],30,6.0,76.0,49.0,16,-2.5294117647058822,17
OneRepublic,Wherever I Go,['OneRepublic'],12,55.0,67.0,91.0,8,-12.0,3
Opetaia Foa'i & Lin-Manuel Miranda,We Know The Way,"[""Opetaia Foa'i"", 'Lin-Manuel Miranda']",2,93.0,93.0,98.0,0,-1.0,5
Oscar Maydon & Fuerza Regida,Tu Boda,"['Oscar Maydon', 'Fuerza Regida']",20,22.0,23.0,98.0,1,-4.0,19
Oscar Ortiz X Edgardo Nunez,First Love,"['Oscar Ortiz', 'Edgardo Nunez']",3,91.0,94.0,99.0,1,-8.0,1
Ozuna & Romeo Santos,El Farsante,"['Ozuna', 'Romeo Santos']",20,49.0,92.0,91.0,1,-2.3333333333333335,18
Ozuna Featuring Feid,Hey Mor,"['Ozuna', 'Feid']",4,85.0,96.0,88.0,2,-3.0,1
Ozuna x Cardi B,La Modelo,"['Ozuna', 'Cardi B']",14,52.0,52.0,95.0,0,-3.0714285714285716,14
Ozuna x Daddy Yankee x J Balvin x Farruko x Anuel AA,Baila Baila Baila,"['Ozuna', 'Daddy Yankee', 'J Balvin', 'Farruko', 'Anuel AA']",9,69.0,69.0,97.0,0,-3.5,8
Ozuna x Karol G x Myke Towers,Caramelo,"['Ozuna', 'Karol G', 'Myke Towers']",10,76.0,92.0,96.0,3,-3.3333333333333335,6
Ozuna x Manuel Turizo,Vaina Loca,"['Ozuna', 'Manuel Turizo']",2,94.0,94.0,100.0,0,-3.0,2
Ozzy Osbourne,Crazy Train,['Ozzy Osbourne'],2,39.0,46.0,39.0,1,0.0,0
Ozzy Osbourne,"Mama, I'm Coming Home",['Ozzy Osbourne'],2,48.0,49.0,48.0,1,0.0,0
P!nk,All I Know So Far,['P!nk'],5,74.0,74.0,97.0,0,-2.5555555555555554,9
P!nk,Beautiful Trauma,['P!nk'],15,78.0,95.0,97.0,10,-2.375,8
P!nk,Just Like Fire,['P!nk'],26,10.0,42.0,50.0,6,-2.1052631578947367,19
P!nk,Never Gonna Not Dance Again,['P!nk'],2,99.0,99.0,99.0,0,0.0,1
P!nk,Trustfall,['P!nk'],4,82.0,94.0,92.0,16,-10.0,1
P!nk,Walk Me Home,['P!nk'],20,49.0,54.0,69.0,9,-1.8181818181818181,11
P!nk,What About Us,['P!nk'],21,13.0,82.0,43.0,10,-3.0,10
PARTYNEXTDOOR,Deeper,['PARTYNEXTDOOR'],3,31.0,31.0,98.0,0,-33.5,2
PARTYNEXTDOOR,Not Nice,['PARTYNEXTDOOR'],7,82.0,95.0,95.0,3,-4.333333333333333,3
PARTYNEXTDOOR & Drake,CN Tower,"['PARTYNEXTDOOR', 'Drake']",3,18.0,18.0,80.0,0,-31.0,2
PARTYNEXTDOOR & Drake,Moth Balls,"['PARTYNEXTDOOR', 'Drake']",2,29.0,29.0,86.0,0,-57.0,1
PARTYNEXTDOOR & Drake,Something About You,"['PARTYNEXTDOOR', 'Drake']",3,26.0,26.0,89.0,0,-31.5,2
PARTYNEXTDOOR & Drake,Spider-Man Superman,"['PARTYNEXTDOOR', 'Drake']",2,35.0,35.0,91.0,0,-56.0,1
PARTYNEXTDOOR & Rihanna,Believe It,"['PARTYNEXTDOOR', 'Rihanna']",14,23.0,23.0,85.0,0,-4.769230769230769,13
PARTYNEXTDOOR Featuring Drake,Come And See Me,"['PARTYNEXTDOOR', 'Drake']",24,55.0,97.0,63.0,32,-2.0,4
PARTYNEXTDOOR Featuring Drake,Loyal,"['PARTYNEXTDOOR', 'Drake']",3,60.0,63.0,60.0,18,0.0,0
"PARTYNEXTDOOR, Drake & Cash Cobain",Somebody Loves Me,"['PARTYNEXTDOOR', 'Drake', 'Cash Cobain']",22,27.0,30.0,40.0,29,-13.0,1
"PARTYNEXTDOOR, Drake & Yebba",Die Trying,"['PARTYNEXTDOOR', 'Drake', 'Yebba']",12,21.0,21.0,100.0,0,-7.181818181818182,11
PIKOTARO,PPAP (Pen-Pineapple-Apple-Pen),['PIKOTARO'],4,77.0,77.0,90.0,0,-2.1666666666666665,6
PLUTO & YKNIECE,Whim Whamiee,"['PLUTO', 'YKNIECE']",16,51.0,92.0,93.0,6,-4.666666666666667,9
Panic! At The Disco,Emperor's New Clothes,['Panic! At The Disco'],2,72.0,72.0,96.0,0,-24.0,1
Panic! At The Disco,"Hey Look Ma, I Made It",['Panic! At The Disco'],22,16.0,96.0,50.0,13,-4.25,8
Panic! At The Disco,High Hopes,['Panic! At The Disco'],52,4.0,98.0,32.0,33,-1.0,28
Panic! At The Disco,Into The Unknown,['Panic! At The Disco'],2,98.0,98.0,99.0,0,-1.0,1
Panic! At The Disco,Say Amen (Saturday Night),['Panic! At The Disco'],3,60.0,60.0,61.0,0,-0.07692307692307693,13
Panic! At The Disco,Victorious,['Panic! At The Disco'],4,89.0,89.0,96.0,0,-0.5833333333333334,12
Pardison Fontaine Featuring Cardi B,Backin' It Up,"['Pardison Fontaine', 'Cardi B']",20,40.0,92.0,48.0,17,-1.6,5
Parker McCollum,Burn It Down,['Parker McCollum'],25,42.0,77.0,42.0,21,0.0,3
Parker McCollum,Handle On You,['Parker McCollum'],20,30.0,69.0,53.0,17,-11.5,2
Parker McCollum,Pretty Heart,['Parker McCollum'],22,36.0,96.0,37.0,21,-0.14285714285714285,7
Parker McCollum,To Be Loved By You,['Parker McCollum'],20,41.0,96.0,83.0,19,-8.4,5
Parker McCollum,What Kinda Man,['Parker McCollum'],12,66.0,98.0,89.0,14,-23.0,1
Parmalee,Cowgirl,['Parmalee'],3,84.0,85.0,84.0,2,0.0,0
Parmalee,Girl In Mine,['Parmalee'],9,81.0,97.0,81.0,14,0.0,0
Parmalee,Take My Name,['Parmalee'],20,22.0,88.0,52.0,9,-3.0,10
Parmalee x Blanco Brown,Just The Way,"['Parmalee', 'Blanco Brown']",20,31.0,97.0,62.0,10,-3.4444444444444446,9
Paul McCartney,Wonderful Christmastime,['Paul McCartney'],19,26.0,47.0,32.0,262,-0.05825242718446602,103
Paul Russell,Lil Boo Thang,['Paul Russell'],21,14.0,99.0,43.0,15,-5.8,5
Pedro Capo X Farruko,Calma,"['Pedro Capo', 'Farruko']",20,71.0,92.0,96.0,6,-1.7857142857142858,14
Pentatonix,Hallelujah,['Pentatonix'],11,23.0,32.0,84.0,8,-30.5,2
Pentatonix Featuring Meghan Trainor,Kid On Christmas,"['Pentatonix', 'Meghan Trainor']",2,93.0,93.0,94.0,0,-1.0,1
Perry Como And The Fontane Sisters With Mitchell Ayres And His Orchestra,It's Beginning To Look A Lot Like Christmas,"['Perry Como', 'The Fontane Sisters', 'Mitchell Ayres And His Orchestra']",31,12.0,42.0,23.0,104,-0.0421455938697318,261
Perry Como With Mitchell Ayers And His Orchestra,(There's No Place Like) Home For The Holidays (1959),"['Perry Como', 'Mitchell Ayers And His Orchestra']",15,22.0,41.0,46.0,105,-0.09230769230769231,260
Peso Pluma,Bye,['Peso Pluma'],9,48.0,53.0,75.0,4,-6.75,4
Peso Pluma,Por Las Noches,['Peso Pluma'],20,28.0,92.0,76.0,6,-3.6923076923076925,13
Peso Pluma,Rubicon,['Peso Pluma'],12,63.0,63.0,98.0,0,-2.5,14
Peso Pluma & Anitta,Bellakeo,"['Peso Pluma', 'Anitta']",14,53.0,71.0,90.0,5,-4.625,8
Peso Pluma & Grupo Frontera,Tulum,"['Peso Pluma', 'Grupo Frontera']",14,43.0,43.0,79.0,0,-2.769230769230769,13
Peso Pluma & Jasiel Nunez,Lagunas,"['Peso Pluma', 'Jasiel Nunez']",9,77.0,90.0,96.0,4,-2.7142857142857144,7
Peso Pluma & Junior H,Luna,"['Peso Pluma', 'Junior H']",5,30.0,30.0,82.0,0,-13.0,4
Peso Pluma & Neton Vega,La Patrulla,"['Peso Pluma', 'Neton Vega']",18,47.0,99.0,90.0,15,-7.166666666666667,6
Peso Pluma X Natanael Cano,PRC,"['Peso Pluma', 'Natanael Cano']",20,33.0,78.0,72.0,11,-4.333333333333333,9
Peso Pluma x Jasiel Nunez x Junior H,Bipolar,"['Peso Pluma', 'Jasiel Nunez', 'Junior H']",4,60.0,60.0,85.0,0,-8.333333333333334,3
"Peso Pluma, Gabito Ballesteros & Junior H",Lady Gaga,"['Peso Pluma', 'Gabito Ballesteros', 'Junior H']",20,35.0,35.0,68.0,0,-1.736842105263158,19
"Peso Pluma, Junior H & Oscar Maydon",Rompe La Dompe,"['Peso Pluma', 'Junior H', 'Oscar Maydon']",2,81.0,81.0,94.0,0,-13.0,1
"Peso Pluma, Tito Double P & Joel de La P",La People II,"['Peso Pluma', 'Tito Double P', 'Joel de La P']",2,69.0,69.0,98.0,0,-29.0,1
"Pharrell Williams Featuring 21 Savage & Tyler, The Creator",Cash In Cash Out,"['Pharrell Williams', '21 Savage', 'Tyler, The Creator']",7,26.0,26.0,95.0,0,-11.5,6
Phil Wickham,What An Awesome God,['Phil Wickham'],3,96.0,100.0,98.0,2,-2.0,1
Pierce the Veil,So Far So Fake,['Pierce the Veil'],6,64.0,88.0,100.0,2,-12.0,3
"Pimmie, PARTYNEXTDOOR & Drake",Pimmie's Dilemma,"['Pimmie', 'PARTYNEXTDOOR', 'Drake']",2,45.0,45.0,94.0,0,-49.0,1
PinkPantheress & Ice Spice,"Boy's A Liar, Pt. 2","['PinkPantheress', 'Ice Spice']",22,3.0,14.0,44.0,2,-2.1578947368421053,19
Pinkfong,Baby Shark,['Pinkfong'],20,32.0,32.0,57.0,0,-1.3157894736842106,19
Pitbull Featuring Enrique Iglesias,Messin' Around,"['Pitbull', 'Enrique Iglesias']",8,64.0,70.0,88.0,8,-6.0,4
Pitbull Featuring Flo Rida & LunchMoney Lewis,Greenlight,"['Pitbull', 'Flo Rida', 'LunchMoney Lewis']",4,95.0,95.0,96.0,0,-0.25,4
Pitbull x El Chombo x Karol G Featuring Cutty Ranks,Dame Tu Cosita,"['Pitbull', 'El Chombo', 'Karol G', 'Cutty Ranks']",9,36.0,81.0,89.0,2,-8.833333333333334,6
Playboi Carti,All Red,['Playboi Carti'],4,15.0,15.0,99.0,0,-28.0,3
Playboi Carti,Evil J0rdan,['Playboi Carti'],5,2.0,2.0,87.0,0,-21.25,4
Playboi Carti,Fine Shit,['Playboi Carti'],2,33.0,33.0,98.0,0,-65.0,1
Playboi Carti,Like Weezy,['Playboi Carti'],2,56.0,56.0,87.0,0,-31.0,1
Playboi Carti,Magnolia,['Playboi Carti'],20,29.0,91.0,63.0,7,-2.8333333333333335,12
Playboi Carti & Kendrick Lamar,Good Credit,"['Playboi Carti', 'Kendrick Lamar']",2,17.0,17.0,60.0,0,-43.0,1
Playboi Carti & Skepta,Toxic,"['Playboi Carti', 'Skepta']",2,34.0,34.0,91.0,0,-57.0,1
Playboi Carti & The Weeknd,Rather Lie,"['Playboi Carti', 'The Weeknd']",23,4.0,4.0,76.0,0,-3.272727272727273,22
Playboi Carti & Travis Scott,Crush,"['Playboi Carti', 'Travis Scott']",2,20.0,20.0,77.0,0,-57.0,1
Playboi Carti & Travis Scott,Philly,"['Playboi Carti', 'Travis Scott']",2,28.0,28.0,94.0,0,-66.0,1
Playboi Carti Featuring Kendrick Lamar & Jhene Aiko,Backd00r,"['Playboi Carti', 'Kendrick Lamar', 'Jhene Aiko']",2,25.0,25.0,76.0,0,-51.0,1
Playboi Carti Featuring Lil Uzi Vert,Shoota,"['Playboi Carti', 'Lil Uzi Vert']",4,46.0,46.0,90.0,0,-14.666666666666666,3
Playboi Carti Featuring Lil Uzi Vert,Wokeuplikethis*,"['Playboi Carti', 'Lil Uzi Vert']",10,76.0,100.0,100.0,2,-1.8461538461538463,13
Plies,Rock,['Plies'],5,95.0,99.0,100.0,3,-2.5,2
PnB Rock,Selfish,['PnB Rock'],19,51.0,87.0,90.0,7,-3.5454545454545454,11
Polo G,21,['Polo G'],8,62.0,62.0,100.0,0,-2.7142857142857144,14
Polo G,Bad Man (Smooth Criminal),['Polo G'],6,49.0,49.0,98.0,0,-7.0,7
Polo G,Distraction,['Polo G'],2,39.0,39.0,79.0,0,-40.0,1
Polo G,Epidemic,['Polo G'],4,47.0,47.0,88.0,0,-1.1081081081081081,37
Polo G,Martin & Gina,['Polo G'],19,61.0,61.0,94.0,0,-1.1379310344827587,29
Polo G,Rapstar,['Polo G'],20,1.0,1.0,40.0,0,-2.0526315789473686,19
Polo G & Lil Wayne,Gang Gang,"['Polo G', 'Lil Wayne']",5,33.0,33.0,80.0,0,-11.75,4
Polo G Featuring Juice WRLD,Flex,"['Polo G', 'Juice WRLD']",9,30.0,30.0,94.0,0,-7.111111111111111,9
Polo G Featuring Lil Baby,Be Something,"['Polo G', 'Lil Baby']",2,57.0,57.0,93.0,0,-36.0,1
Polo G Featuring Lil Tjay,Pop Out,"['Polo G', 'Lil Tjay']",27,11.0,95.0,42.0,11,-2.066666666666667,15
Polo G Featuring NLE Choppa & Stunna 4 Vegas,Go Stupid,"['Polo G', 'NLE Choppa', 'Stunna 4 Vegas']",9,60.0,60.0,91.0,0,-2.2142857142857144,14
Polo G Featuring The Kid Laroi & Lil Durk,No Return,"['Polo G', 'The Kid Laroi', 'Lil Durk']",2,26.0,26.0,72.0,0,-46.0,1
Pooh Shiesty Featuring BIG30,Neighbors,"['Pooh Shiesty', 'BIG30']",7,51.0,51.0,97.0,0,-7.666666666666667,6
Pooh Shiesty Featuring Lil Durk,Back In Blood,"['Pooh Shiesty', 'Lil Durk']",23,13.0,93.0,48.0,7,-2.3333333333333335,15
Pop Smoke,44 Bulldog,['Pop Smoke'],2,39.0,39.0,99.0,0,-60.0,1
Pop Smoke,AP,['Pop Smoke'],2,64.0,64.0,99.0,0,-35.0,1
Pop Smoke,Dior,['Pop Smoke'],21,22.0,49.0,22.0,20,0.0,0
Pop Smoke,Gangstas,['Pop Smoke'],2,37.0,37.0,83.0,0,-46.0,1
Pop Smoke,Got It On Me,['Pop Smoke'],10,31.0,31.0,100.0,0,-6.9,10
Pop Smoke,Something Special,['Pop Smoke'],7,41.0,41.0,98.0,0,-9.5,6
Pop Smoke,What You Know Bout Love,['Pop Smoke'],42,9.0,52.0,38.0,34,-1.8125,16
Pop Smoke Featuring 50 Cent & Roddy Ricch,The Woo,"['Pop Smoke', '50 Cent', 'Roddy Ricch']",20,11.0,11.0,53.0,0,-2.210526315789474,19
Pop Smoke Featuring A Boogie wit da Hoodie,Hello,"['Pop Smoke', 'A Boogie wit da Hoodie']",11,83.0,97.0,88.0,12,-2.5,2
Pop Smoke Featuring Chris Brown,Woo Baby,"['Pop Smoke', 'Chris Brown']",3,64.0,64.0,97.0,0,-2.5384615384615383,13
Pop Smoke Featuring Karol G,Enjoy Yourself,"['Pop Smoke', 'Karol G']",2,56.0,56.0,98.0,0,-21.0,2
Pop Smoke Featuring Lil Baby & DaBaby,For The Night,"['Pop Smoke', 'Lil Baby', 'DaBaby']",43,6.0,6.0,45.0,0,-0.9285714285714286,42
Pop Smoke Featuring Lil Tjay,Mood Swings,"['Pop Smoke', 'Lil Tjay']",20,17.0,44.0,61.0,5,-3.142857142857143,14
Pop Smoke Featuring Quavo,Aim For The Moon,"['Pop Smoke', 'Quavo']",2,34.0,34.0,89.0,0,-55.0,1
Pop Smoke Featuring Rowdy Rebel,Make It Rain,"['Pop Smoke', 'Rowdy Rebel']",2,49.0,51.0,49.0,3,0.0,0
Popp Hunna,Adderall (Corvette Corvette),['Popp Hunna'],6,74.0,84.0,99.0,1,-6.25,4
Portugal. The Man,Feel It Still,['Portugal. The Man'],44,4.0,89.0,50.0,17,-1.7692307692307692,26
Post Malone,92 Explorer,['Post Malone'],3,40.0,40.0,98.0,0,-29.0,2
Post Malone,A Thousand Bad Times,['Post Malone'],3,29.0,29.0,88.0,0,-29.5,2
Post Malone,Allergic,['Post Malone'],2,37.0,37.0,78.0,0,-41.0,1
Post Malone,Better Now,['Post Malone'],52,3.0,7.0,42.0,21,-1.3,30
Post Malone,Blame It On Me,['Post Malone'],2,47.0,47.0,93.0,0,-46.0,1
Post Malone,Candy Paint,['Post Malone'],20,34.0,84.0,34.0,26,0.0,0
Post Malone,Chemical,['Post Malone'],20,13.0,13.0,61.0,0,-2.526315789473684,19
Post Malone,Circles,['Post Malone'],61,1.0,7.0,18.0,11,-0.3469387755102041,49
Post Malone,Go Flex,['Post Malone'],11,76.0,94.0,95.0,77,-3.1666666666666665,6
Post Malone,Hollywood's Bleeding,['Post Malone'],6,15.0,15.0,96.0,0,-16.2,5
Post Malone,I Fall Apart,['Post Malone'],29,16.0,65.0,46.0,12,-1.875,16
Post Malone,I'm Gonna Be,['Post Malone'],2,33.0,33.0,71.0,0,-38.0,1
Post Malone,Motley Crew,['Post Malone'],9,13.0,13.0,98.0,0,-10.625,8
Post Malone,Mourning,['Post Malone'],13,36.0,36.0,84.0,0,-4.0,12
Post Malone,Otherside,['Post Malone'],2,46.0,46.0,89.0,0,-43.0,1
Post Malone,Over Now,['Post Malone'],3,24.0,24.0,89.0,0,-32.5,2
Post Malone,Overdrive,['Post Malone'],3,47.0,47.0,97.0,0,-16.666666666666668,3
Post Malone,Paranoid,['Post Malone'],6,11.0,11.0,94.0,0,-16.6,5
Post Malone,Rich & Sad,['Post Malone'],6,14.0,14.0,88.0,0,-14.8,5
Post Malone,Saint-Tropez,['Post Malone'],6,18.0,18.0,88.0,0,-14.0,5
Post Malone,Stay,['Post Malone'],4,17.0,17.0,88.0,0,-23.666666666666668,3
Post Malone,Takin' Shots,['Post Malone'],3,29.0,29.0,97.0,0,-34.0,2
Post Malone,What Don't Belong To Me,['Post Malone'],2,40.0,40.0,92.0,0,-52.0,1
Post Malone,White Iverson,['Post Malone'],16,14.0,22.0,49.0,3,-2.9166666666666665,12
Post Malone,Wow.,['Post Malone'],44,2.0,47.0,46.0,13,-1.4666666666666666,30
Post Malone,Wrapped Around Your Finger,['Post Malone'],2,47.0,47.0,100.0,0,-53.0,1
Post Malone,Zack And Codeine,['Post Malone'],3,23.0,23.0,90.0,0,-33.5,2
Post Malone & Swae Lee,Sunflower (Spider-Man: Into The Spider-Verse),"['Post Malone', 'Swae Lee']",53,1.0,9.0,21.0,11,-0.4878048780487805,41
Post Malone & The Weeknd,One Right Now,"['Post Malone', 'The Weeknd']",27,6.0,6.0,34.0,0,-0.9333333333333333,30
Post Malone Featuring 21 Savage,Rockstar,"['Post Malone', '21 Savage']",40,1.0,2.0,33.0,3,-0.8888888888888888,36
Post Malone Featuring Blake Shelton,Pour Me A Drink,"['Post Malone', 'Blake Shelton']",20,12.0,12.0,50.0,0,-2.0,19
Post Malone Featuring Chris Stapleton,California Sober,"['Post Malone', 'Chris Stapleton']",3,34.0,34.0,100.0,0,-33.0,2
Post Malone Featuring DaBaby,Enemies,"['Post Malone', 'DaBaby']",18,16.0,16.0,89.0,0,-4.294117647058823,17
Post Malone Featuring Doja Cat,I Like You (A Happier Song),"['Post Malone', 'Doja Cat']",36,3.0,9.0,37.0,15,-1.4782608695652173,23
Post Malone Featuring Future & Halsey,Die For Me,"['Post Malone', 'Future', 'Halsey']",5,20.0,20.0,94.0,0,-18.5,4
Post Malone Featuring G-Eazy & YG,Same Bitches,"['Post Malone', 'G-Eazy', 'YG']",3,20.0,20.0,93.0,0,-36.5,2
Post Malone Featuring Jelly Roll,Losers,"['Post Malone', 'Jelly Roll']",5,25.0,25.0,80.0,0,-13.75,4
Post Malone Featuring Justin Bieber,Deja Vu,"['Post Malone', 'Justin Bieber']",2,75.0,75.0,77.0,0,-0.15384615384615385,13
Post Malone Featuring Lainey Wilson,Nosedive,"['Post Malone', 'Lainey Wilson']",2,50.0,50.0,91.0,0,-41.0,1
Post Malone Featuring Luke Combs,Guy For That,"['Post Malone', 'Luke Combs']",27,17.0,17.0,82.0,0,-2.2413793103448274,29
Post Malone Featuring Meek Mill & Lil Baby,On The Road,"['Post Malone', 'Meek Mill', 'Lil Baby']",4,22.0,22.0,87.0,0,-21.666666666666668,3
Post Malone Featuring Morgan Wallen,I Had Some Help,"['Post Malone', 'Morgan Wallen']",67,1.0,1.0,24.0,0,-0.3484848484848485,66
Post Malone Featuring Nicki Minaj,Ball For Me,"['Post Malone', 'Nicki Minaj']",14,16.0,16.0,89.0,0,-5.615384615384615,13
Post Malone Featuring Ozzy Osbourne & Travis Scott,Take What You Want,"['Post Malone', 'Ozzy Osbourne', 'Travis Scott']",20,8.0,8.0,94.0,0,-4.526315789473684,19
Post Malone Featuring Quavo,Congratulations,"['Post Malone', 'Quavo']",50,8.0,83.0,49.0,27,-1.7083333333333333,24
Post Malone Featuring Roddy Ricch,Cooped Up,"['Post Malone', 'Roddy Ricch']",15,12.0,29.0,83.0,3,-6.454545454545454,11
Post Malone Featuring SZA,Staring At The Sun,"['Post Malone', 'SZA']",2,34.0,34.0,70.0,0,-36.0,1
Post Malone Featuring Swae Lee,Spoil My Night,"['Post Malone', 'Swae Lee']",5,15.0,15.0,97.0,0,-20.5,4
Post Malone Featuring Tim McGraw,Wrong Ones,"['Post Malone', 'Tim McGraw']",3,23.0,23.0,92.0,0,-34.5,2
Post Malone Featuring Ty Dolla $ign,Psycho,"['Post Malone', 'Ty Dolla $ign']",39,1.0,2.0,45.0,14,-1.8333333333333333,24
Post Malone Featuring Young Thug,Goodbyes,"['Post Malone', 'Young Thug']",21,3.0,3.0,41.0,0,-1.9,20
Powfu Featuring beabadoobee,Death Bed,"['Powfu', 'beabadoobee']",26,23.0,71.0,39.0,12,-1.2307692307692308,13
Prince,1999,['Prince'],2,27.0,41.0,27.0,1,0.0,0
Prince,Little Red Corvette,['Prince'],2,20.0,29.0,20.0,1,0.0,0
Prince,When Doves Cry,['Prince'],2,8.0,20.0,8.0,1,0.0,0
Prince And The Revolution,Kiss,"['Prince', 'The Revolution']",2,23.0,28.0,23.0,1,0.0,0
Prince And The Revolution,Let's Go Crazy,"['Prince', 'The Revolution']",2,25.0,39.0,25.0,1,0.0,0
Prince And The Revolution,Purple Rain,"['Prince', 'The Revolution']",2,4.0,17.0,4.0,1,0.0,0
Priscilla Block,Just About Over You,['Priscilla Block'],7,81.0,97.0,100.0,7,-3.8,5
Pusha T Featuring Jay-Z & Pharrell Williams,Neck & Wrist,"['Pusha T', 'Jay-Z', 'Pharrell Williams']",2,76.0,97.0,76.0,2,0.0,0
Quavo,W O R K I N  M E,['Quavo'],15,52.0,72.0,86.0,2,-2.8333333333333335,12
Quavo & Future,Turn Yo Clic Up,"['Quavo', 'Future']",2,83.0,86.0,83.0,5,0.0,0
Quavo & Lana Del Rey,Tough,"['Quavo', 'Lana Del Rey']",5,33.0,33.0,93.0,0,-15.0,4
Quavo & Lil Yachty,Ice Tray,"['Quavo', 'Lil Yachty']",5,74.0,80.0,90.0,1,-5.333333333333333,3
Quavo & TakeOff,Hotel Lobby (Unc And Phew),"['Quavo', 'TakeOff']",22,55.0,59.0,55.0,32,0.0,1
"Quavo, Takeoff & Offset",Too Hotty,"['Quavo', 'Takeoff', 'Offset']",4,91.0,97.0,96.0,1,-2.5,2
Queen,Bohemian Rhapsody,['Queen'],3,33.0,33.0,50.0,0,-8.5,2
Queen Naija,Karma,['Queen Naija'],2,63.0,63.0,98.0,0,-8.75,4
Queen Naija,Medicine,['Queen Naija'],20,45.0,45.0,83.0,0,-1.3571428571428572,28
Queen Naija & Big Sean,Hate Our Love,"['Queen Naija', 'Big Sean']",5,88.0,88.0,100.0,0,-0.8,15
R. City Featuring Adam Levine,Locked Away,"['R. City', 'Adam Levine']",6,37.0,37.0,48.0,0,-2.2,5
RAYE,Where Is My Husband!,['RAYE'],12,37.0,90.0,53.0,8,-5.333333333333333,3
RAYE Featuring 070 Shake,Escapism,"['RAYE', '070 Shake']",23,22.0,100.0,49.0,6,-1.6875,16
ROSALIA,Despecha,['ROSALIA'],12,63.0,98.0,100.0,4,-5.285714285714286,7
ROSALIA & Rauw Alejandro,Beso,"['ROSALIA', 'Rauw Alejandro']",12,52.0,52.0,98.0,0,-4.181818181818182,11
ROSE & Bruno Mars,APT.,"['ROSE', 'Bruno Mars']",45,3.0,8.0,43.0,13,-1.2903225806451613,31
Rachel Platten,Stand By You,['Rachel Platten'],16,37.0,77.0,75.0,6,-4.222222222222222,9
Radiohead,Let Down,['Radiohead'],12,91.0,91.0,94.0,0,-0.25,12
Rae Sremmurd,Come Get Her,['Rae Sremmurd'],6,71.0,84.0,97.0,2,-8.666666666666666,3
Rae Sremmurd,Look Alive,['Rae Sremmurd'],6,72.0,76.0,94.0,13,-11.0,2
Rae Sremmurd,Perplexing Pegasus,['Rae Sremmurd'],3,84.0,84.0,91.0,0,-3.5,2
Rae Sremmurd,Swang,['Rae Sremmurd'],26,26.0,99.0,50.0,18,-3.4285714285714284,7
Rae Sremmurd & Juicy J,Powerglide,"['Rae Sremmurd', 'Juicy J']",17,28.0,76.0,86.0,9,-8.285714285714286,7
Rae Sremmurd Featuring Gucci Mane,Black Beatles,"['Rae Sremmurd', 'Gucci Mane']",27,1.0,96.0,40.0,8,-2.1666666666666665,18
Rag'n'Bone Man,Human,"[""Rag'n'Bone Man""]",7,74.0,100.0,100.0,5,-6.5,4
Randy Houser,We Went,['Randy Houser'],12,60.0,98.0,91.0,9,-15.5,2
Rascal Flatts,How They Remember You,['Rascal Flatts'],2,89.0,100.0,89.0,10,0.0,0
Rascal Flatts,I Like The Sound Of That,['Rascal Flatts'],16,52.0,87.0,95.0,9,-7.166666666666667,6
Rascal Flatts,Yours If You Want It,['Rascal Flatts'],10,71.0,76.0,87.0,8,-16.0,1
Rauw Alejandro,Todo de Ti,['Rauw Alejandro'],20,32.0,66.0,70.0,4,-2.533333333333333,15
Rauw Alejandro & Bad Bunny,Que Pasaria...,"['Rauw Alejandro', 'Bad Bunny']",20,34.0,34.0,88.0,0,-2.5714285714285716,21
Rauw Alejandro & Chencho Corleone,Desesperados,"['Rauw Alejandro', 'Chencho Corleone']",8,91.0,99.0,92.0,2,-0.09090909090909091,11
Rauw Alejandro & Romeo Santos,Khe?,"['Rauw Alejandro', 'Romeo Santos']",10,60.0,60.0,100.0,0,-2.0,20
Ravyn Lenae,Love Me Not,['Ravyn Lenae'],34,5.0,81.0,23.0,19,-1.2857142857142858,14
Ray Parker Jr.,Ghostbusters,['Ray Parker Jr.'],5,22.0,40.0,22.0,209,0.0,0
Real Boston Richey,Help Me,['Real Boston Richey'],29,47.0,93.0,89.0,16,-3.5,12
RealestK,WFM,['RealestK'],4,67.0,75.0,95.0,1,-14.0,2
Red Hot Chili Peppers,Dark Necessities,['Red Hot Chili Peppers'],2,67.0,67.0,100.0,0,-33.0,1
Regard,Ride It.,['Regard'],10,62.0,96.0,82.0,4,-4.0,5
Regard x Troye Sivan x Tate McRae,You,"['Regard', 'Troye Sivan', 'Tate McRae']",11,58.0,100.0,82.0,6,-6.0,4
Reik Featuring Ozuna & Wisin,Me Niego,"['Reik', 'Ozuna', 'Wisin']",3,77.0,77.0,97.0,0,-2.857142857142857,7
Rema & Selena Gomez,Calm Down,"['Rema', 'Selena Gomez']",57,3.0,91.0,10.0,39,-0.4117647058823529,17
Rich Amiri,One Call,['Rich Amiri'],10,60.0,79.0,96.0,3,-5.142857142857143,7
Rich The Kid,Plug Walk,['Rich The Kid'],20,13.0,62.0,15.0,7,-0.16666666666666666,12
Rich The Kid,Splashin,['Rich The Kid'],5,80.0,99.0,80.0,10,0.0,0
Rich The Kid Featuring Kendrick Lamar,New Freezer,"['Rich The Kid', 'Kendrick Lamar']",19,41.0,75.0,98.0,9,-6.333333333333333,9
Richy Mitch And The Coal Miners,Evergreen,['Richy Mitch And The Coal Miners'],2,83.0,83.0,99.0,0,-16.0,1
Rick Ross Featuring Drake,Gold Roses,"['Rick Ross', 'Drake']",3,39.0,39.0,59.0,0,-10.0,2
Rihanna,Breakin' Dishes,['Rihanna'],8,82.0,86.0,96.0,2,-2.8,5
Rihanna,Kiss It Better,['Rihanna'],12,62.0,80.0,99.0,5,-6.166666666666667,6
Rihanna,Lift Me Up,['Rihanna'],20,2.0,2.0,72.0,0,-3.6842105263157894,19
Rihanna,Love On The Brain,['Rihanna'],31,5.0,83.0,43.0,41,-3.8,10
Rihanna,Needed Me,['Rihanna'],45,7.0,91.0,46.0,19,-1.56,25
Rihanna,Sex With Me,['Rihanna'],15,83.0,97.0,95.0,24,-2.0,6
Rihanna Featuring Drake,Work,"['Rihanna', 'Drake']",36,1.0,9.0,45.0,3,-1.375,32
Riley Green,I Wish Grandpas Never Died,['Riley Green'],12,66.0,90.0,69.0,6,-0.6,5
Riley Green,There Was This Girl,['Riley Green'],8,70.0,91.0,98.0,7,-28.0,1
Riley Green,Worst Way,['Riley Green'],38,20.0,100.0,47.0,38,-1.6875,16
Riley Green Featuring Ella Langley,Don't Mind If I Do,"['Riley Green', 'Ella Langley']",20,32.0,74.0,55.0,16,-7.666666666666667,3
Riley Green Featuring Luke Combs,Different 'Round Here,"['Riley Green', 'Luke Combs']",11,60.0,97.0,90.0,8,-6.0,5
Ritt Momney,Put Your Records On,['Ritt Momney'],25,30.0,96.0,43.0,22,-2.6,5
Rob $tone Featuring J. Davi$ & Spooks,Chill Bill,"['Rob $tone', 'J. Davi$', 'Spooks']",26,29.0,97.0,43.0,14,-1.2727272727272727,11
Robin Schulz Featuring Francesco Yates,Sugar,"['Robin Schulz', 'Francesco Yates']",15,44.0,87.0,88.0,9,-8.8,5
Rockwell,Somebody's Watching Me,['Rockwell'],3,24.0,42.0,24.0,209,0.0,0
Rod Wave,25,['Rod Wave'],14,16.0,16.0,96.0,0,-5.714285714285714,14
Rod Wave,Alone,['Rod Wave'],5,21.0,21.0,96.0,0,-18.75,4
Rod Wave,Angel With An Attitude,['Rod Wave'],2,46.0,46.0,100.0,0,-54.0,1
Rod Wave,Boyz Don't Cry,['Rod Wave'],5,25.0,25.0,87.0,0,-12.4,5
Rod Wave,Break My Heart,['Rod Wave'],2,76.0,91.0,76.0,1,0.0,0
Rod Wave,By Your Side,['Rod Wave'],19,58.0,58.0,95.0,0,-2.0555555555555554,18
Rod Wave,Call Your Friends,['Rod Wave'],9,18.0,26.0,96.0,4,-15.6,5
Rod Wave,Checkmate,['Rod Wave'],2,55.0,55.0,97.0,0,-42.0,1
Rod Wave,Cold December,['Rod Wave'],6,38.0,58.0,97.0,1,-14.75,4
Rod Wave,Come See Me,['Rod Wave'],6,19.0,56.0,93.0,2,-24.666666666666668,3
Rod Wave,Crazy,['Rod Wave'],2,48.0,48.0,91.0,0,-43.0,1
Rod Wave,Fall Fast In Love,['Rod Wave'],4,49.0,68.0,86.0,2,-37.0,1
Rod Wave,Federal Nightmares,['Rod Wave'],2,44.0,44.0,93.0,0,-49.0,1
Rod Wave,Fight The Feeling,['Rod Wave'],20,16.0,16.0,28.0,0,-0.5,24
Rod Wave,Girl Of My Dreams,['Rod Wave'],16,65.0,98.0,100.0,17,-11.666666666666666,3
Rod Wave,Great Gatsby,['Rod Wave'],17,30.0,30.0,100.0,0,-4.117647058823529,17
Rod Wave,HG4,['Rod Wave'],3,51.0,51.0,87.0,0,-18.0,2
Rod Wave,Heart On Ice,['Rod Wave'],27,25.0,56.0,40.0,21,-3.0,5
Rod Wave,Last Lap,['Rod Wave'],2,35.0,35.0,88.0,0,-53.0,1
Rod Wave,Leavin,['Rod Wave'],2,63.0,68.0,63.0,1,0.0,0
Rod Wave,Long Journey,['Rod Wave'],3,39.0,39.0,96.0,0,-28.5,2
Rod Wave,Passport Junkie,['Rod Wave'],6,51.0,61.0,82.0,4,-31.0,1
Rod Wave,Street Runner,['Rod Wave'],10,16.0,36.0,84.0,2,-9.714285714285714,7
Rod Wave,Sweet Little Lies,['Rod Wave'],2,51.0,51.0,94.0,0,-43.0,1
Rod Wave,Tombstone,['Rod Wave'],22,11.0,82.0,72.0,1,-2.9047619047619047,21
Rod Wave & Kevin Gates,Cuban Links,"['Rod Wave', 'Kevin Gates']",3,92.0,95.0,99.0,1,-7.0,1
Rod Wave & Wet,Nostalgia,"['Rod Wave', 'Wet']",2,40.0,40.0,86.0,0,-46.0,1
Rod Wave Featuring 21 Savage,Turks & Caicos,"['Rod Wave', '21 Savage']",13,24.0,24.0,95.0,0,-4.733333333333333,15
Rod Wave Featuring ATR Son Son,Rags2Riches,"['Rod Wave', 'ATR Son Son']",20,12.0,96.0,42.0,6,-2.3076923076923075,13
Rod Wave Featuring Jack Harlow,Yungen,"['Rod Wave', 'Jack Harlow']",2,35.0,35.0,78.0,0,-43.0,1
Rod Wave Featuring Polo G,Richer,"['Rod Wave', 'Polo G']",7,22.0,22.0,97.0,0,-12.5,6
Roddy Ricch,Die Young,['Roddy Ricch'],2,99.0,99.0,99.0,0,0.0,1
Roddy Ricch,Late At Night,['Roddy Ricch'],20,20.0,20.0,60.0,0,-2.1052631578947367,19
Roddy Ricch,The Box,['Roddy Ricch'],38,1.0,47.0,48.0,4,-1.4242424242424243,33
Roddy Ricch & Gunna,Start Wit Me,"['Roddy Ricch', 'Gunna']",13,56.0,75.0,94.0,10,-7.6,5
Roddy Ricch Featuring A Boogie wit da Hoodie,Tip Toe,"['Roddy Ricch', 'A Boogie wit da Hoodie']",7,73.0,83.0,82.0,1,-1.8,5
Roddy Ricch Featuring Meek Mill,Peta,"['Roddy Ricch', 'Meek Mill']",4,72.0,72.0,97.0,0,-5.0,5
Roddy Ricch Featuring Mustard,High Fashion,"['Roddy Ricch', 'Mustard']",28,20.0,70.0,40.0,3,-0.8333333333333334,24
Rosa Linn,Snap,['Rosa Linn'],15,67.0,97.0,92.0,21,-8.333333333333334,3
Rudimental Featuring Ed Sheeran,Lay It All On Me,"['Rudimental', 'Ed Sheeran']",6,75.0,75.0,93.0,0,-3.6,5
Rumi & JINU: EJAE & Andrew Choi,Free,"['Rumi', 'JINU', 'EJAE', 'Andrew Choi']",20,23.0,58.0,44.0,7,-1.75,12
Runaway June,Buy My Own Drinks,['Runaway June'],5,88.0,90.0,88.0,1,0.0,3
Russ,Losin Control,['Russ'],19,62.0,89.0,95.0,10,-4.125,8
Russ,Nasty,['Russ'],3,75.0,96.0,81.0,2,-6.0,1
Russ,What They Want,['Russ'],8,83.0,99.0,98.0,3,-1.875,8
Russ & Bia,BEST ON EARTH,"['Russ', 'Bia']",20,46.0,100.0,62.0,14,-3.2,5
Russ Featuring Ktlyn,Handsomer,"['Russ', 'Ktlyn']",10,40.0,60.0,92.0,1,-4.7272727272727275,11
Russell Dickerson,Blue Tacoma,['Russell Dickerson'],19,52.0,77.0,99.0,5,-2.611111111111111,18
Russell Dickerson,Every Little Thing,['Russell Dickerson'],12,50.0,99.0,73.0,11,-11.5,2
Russell Dickerson,God Gave Me A Girl,['Russell Dickerson'],5,81.0,90.0,85.0,4,-4.0,1
Russell Dickerson,Happen To Me,['Russell Dickerson'],35,28.0,71.0,63.0,21,-2.6923076923076925,13
Russell Dickerson,Home Sweet,['Russell Dickerson'],7,88.0,90.0,93.0,4,-1.25,4
Russell Dickerson,Love You Like I Used To,['Russell Dickerson'],20,31.0,91.0,56.0,9,-2.5,10
Russell Dickerson,Yours,['Russell Dickerson'],19,49.0,84.0,72.0,12,-3.8333333333333335,6
Russell Dickerson & Jake Scott,She Likes It,"['Russell Dickerson', 'Jake Scott']",30,63.0,98.0,94.0,12,-1.631578947368421,19
Ruth B,Lost Boy,['Ruth B'],22,24.0,75.0,43.0,16,-3.8,5
Ryan Gosling,I'm Just Ken,['Ryan Gosling'],3,87.0,87.0,90.0,0,-1.5,2
Ryan Hurd With Maren Morris,Chasing After You,"['Ryan Hurd', 'Maren Morris']",30,23.0,91.0,50.0,25,-2.25,12
Rylo Rodriguez Featuring NoCap,Thang For You,"['Rylo Rodriguez', 'NoCap']",2,91.0,96.0,91.0,1,0.0,0
SHAED,Trampoline,['SHAED'],39,13.0,99.0,41.0,24,-2.0,14
SOB X RBE,Paramedic!,"['SOB', 'RBE']",4,65.0,67.0,92.0,1,-13.5,2
SZA,Another Life,['SZA'],2,64.0,73.0,64.0,1,0.0,0
SZA,BMF,['SZA'],20,29.0,55.0,96.0,1,-3.7222222222222223,18
SZA,Blind,['SZA'],11,12.0,12.0,93.0,0,-8.1,10
SZA,Broken Clocks,['SZA'],4,82.0,100.0,97.0,4,-7.5,2
SZA,Chill Baby,['SZA'],2,80.0,80.0,95.0,0,-15.0,1
SZA,Conceited,['SZA'],2,58.0,58.0,95.0,0,-37.0,1
SZA,Crybaby,['SZA'],2,70.0,70.0,71.0,0,-1.0,1
SZA,Diamond Boy (DTM),['SZA'],2,60.0,62.0,60.0,1,0.0,0
SZA,Drive,['SZA'],4,51.0,59.0,93.0,1,-21.0,2
SZA,F2F,['SZA'],2,55.0,55.0,91.0,0,-36.0,1
SZA,Far,['SZA'],2,61.0,61.0,99.0,0,-38.0,1
SZA,Gone Girl,['SZA'],5,43.0,43.0,98.0,0,-13.75,4
SZA,Good Days,['SZA'],20,9.0,38.0,54.0,4,-3.0,15
SZA,I Hate U,['SZA'],21,7.0,7.0,39.0,0,-1.6,20
SZA,Kill Bill,['SZA'],52,1.0,3.0,33.0,18,-0.8421052631578947,38
SZA,Kitchen,['SZA'],2,71.0,71.0,77.0,0,-6.0,1
SZA,Love Language,['SZA'],10,21.0,21.0,91.0,0,-7.777777777777778,9
SZA,Low,['SZA'],16,17.0,17.0,91.0,0,-4.933333333333334,15
SZA,Nobody Gets Me,['SZA'],17,10.0,10.0,92.0,0,-5.125,16
SZA,Notice Me,['SZA'],3,44.0,44.0,100.0,0,-18.666666666666668,3
SZA,SOS,['SZA'],5,32.0,32.0,99.0,0,-16.75,4
SZA,Saturn,['SZA'],35,6.0,6.0,39.0,0,-0.9705882352941176,34
SZA,Scorsese Baby Daddy,['SZA'],5,41.0,63.0,89.0,1,-16.0,3
SZA,Seek & Destroy,['SZA'],7,24.0,24.0,87.0,0,-10.5,6
SZA,Shirt,['SZA'],23,11.0,11.0,49.0,0,-1.7272727272727273,22
SZA,Smoking On My Ex Pack,['SZA'],2,52.0,52.0,88.0,0,-36.0,1
SZA,Snooze,['SZA'],70,2.0,29.0,19.0,41,-0.5862068965517241,29
SZA,Special,['SZA'],6,37.0,37.0,95.0,0,-11.6,5
SZA,The Weekend,['SZA'],24,33.0,89.0,46.0,20,-4.333333333333333,3
SZA,What Do I Do,['SZA'],2,62.0,64.0,62.0,1,0.0,0
SZA Featuring Don Toliver,Used,"['SZA', 'Don Toliver']",6,30.0,30.0,93.0,0,-12.6,5
SZA Featuring Phoebe Bridgers,Ghost In The Machine,"['SZA', 'Phoebe Bridgers']",9,40.0,40.0,89.0,0,-5.444444444444445,9
SZA Featuring Travis Scott,Love Galore,"['SZA', 'Travis Scott']",20,32.0,70.0,48.0,15,-4.0,4
SZA Featuring Travis Scott,Open Arms,"['SZA', 'Travis Scott']",7,54.0,54.0,100.0,0,-5.75,8
SZA Featuring Ty Dolla $ign,Hit Different,"['SZA', 'Ty Dolla $ign']",20,29.0,29.0,83.0,0,-2.7,20
SZA With Kendrick Lamar,30 For 30,"['SZA', 'Kendrick Lamar']",36,10.0,45.0,41.0,7,-1.1071428571428572,28
SZA X Justin Timberlake,The Other Side,"['SZA', 'Justin Timberlake']",7,61.0,61.0,76.0,0,-2.5,6
"SZA, The Weeknd & Travis Scott",Power Is Power,"['SZA', 'The Weeknd', 'Travis Scott']",2,90.0,92.0,90.0,1,0.0,0
Sabrina Carpenter,Bed Chem,['Sabrina Carpenter'],32,14.0,14.0,43.0,0,-0.9354838709677419,31
Sabrina Carpenter,Busy Woman,['Sabrina Carpenter'],16,27.0,27.0,98.0,0,-4.4375,16
Sabrina Carpenter,Coincidence,['Sabrina Carpenter'],7,26.0,26.0,89.0,0,-10.5,6
Sabrina Carpenter,Don't Smile,['Sabrina Carpenter'],3,35.0,35.0,83.0,0,-24.0,2
Sabrina Carpenter,Don't Worry I'll Make You Worry,['Sabrina Carpenter'],2,39.0,39.0,73.0,0,-34.0,1
Sabrina Carpenter,Dumb & Poetic,['Sabrina Carpenter'],3,32.0,32.0,87.0,0,-27.5,2
Sabrina Carpenter,Espresso,['Sabrina Carpenter'],65,3.0,7.0,19.0,8,-0.2857142857142857,56
Sabrina Carpenter,Feather,['Sabrina Carpenter'],37,21.0,100.0,45.0,19,-1.411764705882353,17
Sabrina Carpenter,Go Go Juice,['Sabrina Carpenter'],4,24.0,24.0,88.0,0,-21.333333333333332,3
Sabrina Carpenter,Good Graces,['Sabrina Carpenter'],13,15.0,15.0,87.0,0,-6.0,12
Sabrina Carpenter,Goodbye,['Sabrina Carpenter'],4,33.0,33.0,97.0,0,-21.333333333333332,3
Sabrina Carpenter,House Tour,['Sabrina Carpenter'],5,27.0,27.0,83.0,0,-14.0,4
Sabrina Carpenter,Juno,['Sabrina Carpenter'],17,22.0,22.0,100.0,0,-3.12,25
Sabrina Carpenter,Lie To Girls,['Sabrina Carpenter'],2,41.0,41.0,77.0,0,-36.0,1
Sabrina Carpenter,Manchild,['Sabrina Carpenter'],25,1.0,1.0,30.0,0,-1.2083333333333333,24
Sabrina Carpenter,My Man On Willpower,['Sabrina Carpenter'],4,15.0,15.0,95.0,0,-26.666666666666668,3
Sabrina Carpenter,Never Getting Laid,['Sabrina Carpenter'],3,30.0,30.0,84.0,0,-27.0,2
Sabrina Carpenter,Nobody's Son,['Sabrina Carpenter'],11,12.0,12.0,98.0,0,-8.6,10
Sabrina Carpenter,Nonsense,['Sabrina Carpenter'],19,56.0,75.0,78.0,1,-1.2941176470588236,17
Sabrina Carpenter,Please Please Please,['Sabrina Carpenter'],38,1.0,2.0,50.0,1,-1.2894736842105263,38
Sabrina Carpenter,Sharpest Tool,['Sabrina Carpenter'],7,21.0,21.0,91.0,0,-11.666666666666666,6
Sabrina Carpenter,Skin,['Sabrina Carpenter'],3,48.0,48.0,99.0,0,-25.5,2
Sabrina Carpenter,Slim Pickins,['Sabrina Carpenter'],5,27.0,27.0,100.0,0,-14.6,5
Sabrina Carpenter,Sugar Talking,['Sabrina Carpenter'],4,20.0,20.0,94.0,0,-24.666666666666668,3
Sabrina Carpenter,Taste,['Sabrina Carpenter'],38,2.0,2.0,40.0,0,-1.027027027027027,37
Sabrina Carpenter,Tears,['Sabrina Carpenter'],16,3.0,3.0,67.0,0,-4.266666666666667,15
Sabrina Carpenter,We Almost Broke Up Again Last Night,['Sabrina Carpenter'],3,31.0,31.0,91.0,0,-30.0,2
Sabrina Carpenter,When Did You Get Hot?,['Sabrina Carpenter'],15,17.0,17.0,100.0,0,-5.928571428571429,14
Sada Baby Featuring Nicki Minaj,Whole Lotta Choppas,"['Sada Baby', 'Nicki Minaj']",3,35.0,93.0,88.0,4,-53.0,1
Saint Jhn,Roses,['Saint Jhn'],34,4.0,55.0,46.0,13,-2.1,20
"Saja Boys: Andrew Choi, Neckwav, Danny Chung, Kevin Woo & samUIL Lee",Soda Pop,"['Saja Boys', 'Andrew Choi', 'Neckwav', 'Danny Chung', 'Kevin Woo', 'samUIL Lee']",22,3.0,49.0,35.0,12,-3.5555555555555554,9
"Saja Boys: Andrew Choi, Neckwav, Danny Chung, Kevin Woo & samUIL Lee",Your Idol,"['Saja Boys', 'Andrew Choi', 'Neckwav', 'Danny Chung', 'Kevin Woo', 'samUIL Lee']",23,4.0,77.0,40.0,7,-2.4,15
Sam Barber Featuring Avery Anna,Indigo,"['Sam Barber', 'Avery Anna']",32,40.0,98.0,73.0,18,-2.5384615384615383,13
Sam Hunt,23,['Sam Hunt'],20,50.0,99.0,98.0,13,-8.0,6
Sam Hunt,Body Like A Back Road,['Sam Hunt'],41,6.0,38.0,49.0,9,-1.3870967741935485,31
Sam Hunt,Break Up In A Small Town,['Sam Hunt'],10,29.0,34.0,47.0,2,-2.5714285714285716,7
Sam Hunt,Breaking Up Was Easy In The 90's,['Sam Hunt'],20,32.0,92.0,74.0,10,-4.666666666666667,9
Sam Hunt,Downtown's Dead,['Sam Hunt'],2,94.0,98.0,94.0,6,0.0,0
Sam Hunt,Hard To Forget,['Sam Hunt'],20,26.0,91.0,43.0,12,-2.4285714285714284,7
Sam Hunt,Kinfolks,['Sam Hunt'],21,34.0,64.0,46.0,16,-3.0,4
Sam Hunt,Make You Miss Me,['Sam Hunt'],19,45.0,93.0,86.0,12,-6.833333333333333,6
Sam Hunt,Outskirts,['Sam Hunt'],14,66.0,98.0,97.0,5,-2.2142857142857144,14
Sam Smith,Diamonds,['Sam Smith'],20,39.0,51.0,59.0,15,-5.0,4
Sam Smith,How Do You Sleep?,['Sam Smith'],20,24.0,29.0,54.0,10,-3.3333333333333335,9
Sam Smith,I'm Not Here To Make Friends,['Sam Smith'],2,71.0,71.0,94.0,0,-23.0,1
Sam Smith,Love Me More,['Sam Smith'],10,73.0,94.0,99.0,11,-8.666666666666666,3
Sam Smith,To Die For,['Sam Smith'],6,46.0,46.0,84.0,0,-7.6,5
Sam Smith,Too Good At Goodbyes,['Sam Smith'],23,4.0,5.0,45.0,8,-2.9285714285714284,14
Sam Smith & Demi Lovato,I'm Ready,"['Sam Smith', 'Demi Lovato']",4,36.0,36.0,71.0,0,-11.666666666666666,3
Sam Smith & Kim Petras,Unholy,"['Sam Smith', 'Kim Petras']",35,1.0,3.0,47.0,3,-1.4838709677419355,31
Sam Smith & Normani,Dancing With A Stranger,"['Sam Smith', 'Normani']",45,7.0,33.0,48.0,13,-1.3225806451612903,31
Sam Smith Featuring Logic,Pray,"['Sam Smith', 'Logic']",2,55.0,55.0,82.0,0,-6.75,4
Sarah Jeffery,Queen Of Mean,['Sarah Jeffery'],8,49.0,67.0,98.0,1,-8.166666666666666,6
Saweetie,My Type,['Saweetie'],20,21.0,81.0,50.0,8,-2.6363636363636362,11
Saweetie,Tap In,['Saweetie'],19,20.0,91.0,96.0,8,-7.6,10
Saweetie Featuring Doja Cat,Best Friend,"['Saweetie', 'Doja Cat']",30,14.0,39.0,38.0,12,-1.411764705882353,17
Saweetie Featuring H.E.R.,Closer,"['Saweetie', 'H.E.R.']",7,89.0,89.0,96.0,0,-1.1666666666666667,6
Saweetie Featuring Jhene Aiko,Back To The Streets,"['Saweetie', 'Jhene Aiko']",13,58.0,76.0,97.0,12,-9.75,4
ScHoolboy Q,Numb Numb Juice,['ScHoolboy Q'],2,55.0,55.0,95.0,0,-6.666666666666667,6
ScHoolboy Q Featuring Kanye West,THat Part,"['ScHoolboy Q', 'Kanye West']",20,40.0,92.0,86.0,10,-3.8333333333333335,12
"ScHoolboy Q, 2 Chainz & Saudi",X,"['ScHoolboy Q', '2 Chainz', 'Saudi']",5,49.0,49.0,93.0,0,-11.0,4
Scotty McCreery,Damn Strait,['Scotty McCreery'],20,32.0,82.0,56.0,16,-8.0,3
Scotty McCreery,Five More Minutes,['Scotty McCreery'],19,44.0,98.0,98.0,10,-6.75,8
Scotty McCreery,In Between,['Scotty McCreery'],13,53.0,93.0,96.0,9,-14.333333333333334,3
Scotty McCreery,It Matters To Her,['Scotty McCreery'],10,49.0,100.0,63.0,7,-7.0,2
Scotty McCreery,This Is It,['Scotty McCreery'],20,42.0,96.0,94.0,8,-4.7272727272727275,11
Scotty McCreery,You Time,['Scotty McCreery'],12,50.0,96.0,93.0,7,-10.75,4
Scotty McCreery & Hootie & The Blowfish,Bottle Rockets,"['Scotty McCreery', 'Hootie', 'The Blowfish']",20,32.0,80.0,72.0,14,-8.0,5
Sebastian Yatra,Dos Oruguitas,['Sebastian Yatra'],16,36.0,83.0,95.0,3,-4.916666666666667,12
"Sech, Daddy Yankee & J Balvin Featuring Rosalia & Farruko",Relacion,"['Sech', 'Daddy Yankee', 'J Balvin', 'Rosalia', 'Farruko']",11,64.0,64.0,92.0,0,-2.8,10
"Sech, Darell, Nicky Jam, Ozuna & Anuel AA",Otro Trago,"['Sech', 'Darell', 'Nicky Jam', 'Ozuna', 'Anuel AA']",20,34.0,100.0,82.0,7,-4.0,12
Selena Gomez,Back To You,['Selena Gomez'],26,18.0,50.0,47.0,18,-4.142857142857143,7
Selena Gomez,Bad Liar,['Selena Gomez'],14,20.0,80.0,83.0,5,-7.875,8
Selena Gomez,Hands To Myself,['Selena Gomez'],19,7.0,62.0,35.0,6,-2.3333333333333335,12
Selena Gomez,Kill Em With Kindness,['Selena Gomez'],15,39.0,74.0,89.0,3,-4.545454545454546,11
Selena Gomez,Look At Her Now.,['Selena Gomez'],4,27.0,27.0,92.0,0,-5.909090909090909,11
Selena Gomez,Lose You To Love Me,['Selena Gomez'],23,1.0,15.0,47.0,1,-2.1904761904761907,21
Selena Gomez,Rare,['Selena Gomez'],7,30.0,30.0,94.0,0,-10.666666666666666,6
Selena Gomez,Same Old Love,['Selena Gomez'],15,5.0,6.0,48.0,4,-4.3,10
Selena Gomez,Single Soon,['Selena Gomez'],12,19.0,19.0,77.0,0,-5.2727272727272725,11
Selena Gomez Featuring Gucci Mane,Fetish,"['Selena Gomez', 'Gucci Mane']",12,27.0,92.0,96.0,1,-6.9,10
Selena Gomez With Rauw Alejandro,Baila Conmigo,"['Selena Gomez', 'Rauw Alejandro']",2,74.0,74.0,84.0,0,-1.6666666666666667,6
Selena Gomez X Marshmello,Wolves,"['Selena Gomez', 'Marshmello']",22,20.0,88.0,44.0,4,-1.411764705882353,17
"Selena Gomez, Benny Blanco & Gracie Abrams",Call Me When You Break Up,"['Selena Gomez', 'Benny Blanco', 'Gracie Abrams']",8,46.0,58.0,90.0,4,-11.0,4
"Selena Gomez, Benny Blanco & The Marias",Ojos Tristes,"['Selena Gomez', 'Benny Blanco', 'The Marias']",5,56.0,59.0,76.0,1,-6.666666666666667,3
"Sevdaliza, Pabllo Vittar & Yseult",Alibi,"['Sevdaliza', 'Pabllo Vittar', 'Yseult']",4,95.0,95.0,96.0,0,-0.3333333333333333,3
Sexyy Red,Get It Sexyy,['Sexyy Red'],20,20.0,23.0,70.0,2,-2.9411764705882355,17
Sexyy Red,SkeeYee,['Sexyy Red'],12,62.0,67.0,88.0,4,-3.7142857142857144,7
Sexyy Red & Bruno Mars,Fat Juicy & Wet,"['Sexyy Red', 'Bruno Mars']",7,17.0,17.0,78.0,0,-10.166666666666666,6
Sexyy Red & Drake,U My Everything,"['Sexyy Red', 'Drake']",17,44.0,44.0,96.0,0,-3.25,16
Sexyy Red & Tay Keith & Nicki Minaj,Pound Town 2,"['Sexyy Red', 'Tay Keith', 'Nicki Minaj']",10,66.0,66.0,95.0,0,-2.9,10
Shaboozey,A Bar Song (Tipsy),['Shaboozey'],77,1.0,36.0,16.0,11,-0.23076923076923078,65
Shaboozey,Good News,['Shaboozey'],46,12.0,71.0,34.0,39,-3.142857142857143,7
Shaboozey & Jelly Roll,Amen,"['Shaboozey', 'Jelly Roll']",32,56.0,77.0,73.0,9,-0.7083333333333334,24
Shakira,Me Enamore,['Shakira'],2,83.0,100.0,83.0,2,0.0,0
Shakira,Try Everything,['Shakira'],9,63.0,66.0,92.0,1,-1.9333333333333333,15
Shakira & Rauw Alejandro,Te Felicito,"['Shakira', 'Rauw Alejandro']",8,67.0,88.0,96.0,1,-4.833333333333333,6
Shakira + Ozuna,Monotonia,"['Shakira', 'Ozuna']",3,65.0,65.0,83.0,0,-1.5,12
Shakira Featuring Maluma,Chantaje,"['Shakira', 'Maluma']",18,51.0,96.0,97.0,9,-4.6,10
Shawn Mendes,If I Can't Have You,['Shawn Mendes'],23,2.0,2.0,48.0,0,-2.090909090909091,22
Shawn Mendes,In My Blood,['Shawn Mendes'],23,11.0,72.0,42.0,10,-2.5833333333333335,12
Shawn Mendes,Mercy,['Shawn Mendes'],32,15.0,95.0,48.0,28,-4.714285714285714,7
Shawn Mendes,Stitches,['Shawn Mendes'],23,6.0,9.0,41.0,2,-1.75,20
Shawn Mendes,There's Nothing Holdin' Me Back,['Shawn Mendes'],34,6.0,44.0,48.0,15,-2.3333333333333335,18
Shawn Mendes,Treat You Better,['Shawn Mendes'],39,6.0,34.0,45.0,15,-1.6956521739130435,23
Shawn Mendes,When You're Gone,['Shawn Mendes'],15,38.0,38.0,70.0,0,-2.2857142857142856,14
Shawn Mendes,Wonder,['Shawn Mendes'],11,18.0,18.0,91.0,0,-5.615384615384615,13
Shawn Mendes & Camila Cabello,I Know What You Did Last Summer,"['Shawn Mendes', 'Camila Cabello']",16,20.0,46.0,86.0,4,-6.0,11
Shawn Mendes & Camila Cabello,Senorita,"['Shawn Mendes', 'Camila Cabello']",37,1.0,2.0,43.0,8,-1.5,28
Shawn Mendes & Justin Bieber,Monster,"['Shawn Mendes', 'Justin Bieber']",14,8.0,8.0,98.0,0,-6.923076923076923,13
Shawn Mendes & Tainy,Summer Of Love,"['Shawn Mendes', 'Tainy']",8,48.0,48.0,84.0,0,-5.142857142857143,7
Shawn Mendes Featuring Khalid,Youth,"['Shawn Mendes', 'Khalid']",2,65.0,65.0,76.0,0,-3.6666666666666665,3
Shawn Mendes X Zedd,Lost In Japan,"['Shawn Mendes', 'Zedd']",16,48.0,64.0,84.0,31,-3.6,10
She & Him,I Thought I Saw Your Face Today,['She & Him'],2,74.0,99.0,74.0,1,0.0,0
Sheck Wes,Mo Bamba,['Sheck Wes'],28,6.0,82.0,47.0,13,-2.9285714285714284,14
Shoreline Mafia Presents OhGeesy & Fenix Flexin,Heat Stick,"['Shoreline Mafia', 'OhGeesy', 'Fenix Flexin']",3,97.0,98.0,97.0,1,0.0,1
Sia,Unstoppable,['Sia'],29,28.0,98.0,49.0,14,-1.05,20
Sia Featuring Kendrick Lamar,The Greatest,"['Sia', 'Kendrick Lamar']",23,18.0,52.0,49.0,11,-2.8181818181818183,11
Sia Featuring Sean Paul,Cheap Thrills,"['Sia', 'Sean Paul']",52,1.0,81.0,32.0,22,-1.0689655172413792,29
Silento,Watch Me,['Silento'],9,19.0,27.0,47.0,1,-4.0,7
Silk City x Dua Lipa,Electricity,"['Silk City', 'Dua Lipa']",10,62.0,96.0,90.0,16,-9.333333333333334,3
Silk Sonic (Bruno Mars & Anderson .Paak),Leave The Door Open,"['Silk Sonic Bruno Mars', 'Anderson .Paak']",39,1.0,4.0,49.0,4,-1.2307692307692308,39
Silk Sonic (Bruno Mars & Anderson .Paak),Skate,"['Silk Sonic Bruno Mars', 'Anderson .Paak']",9,14.0,14.0,75.0,0,-4.066666666666666,15
Silk Sonic (Bruno Mars & Anderson .Paak),Smokin Out The Window,"['Silk Sonic Bruno Mars', 'Anderson .Paak']",20,5.0,8.0,78.0,1,-4.055555555555555,18
Ski Mask The Slump God,Faucet Failure,['Ski Mask The Slump God'],11,87.0,100.0,100.0,1,-1.4444444444444444,9
Ski Mask The Slump God Featuring Juice WRLD,Nuketown,"['Ski Mask The Slump God', 'Juice WRLD']",6,63.0,63.0,84.0,0,-3.5,6
Skrillex & Diplo With Justin Bieber,Where Are U Now,"['Skrillex', 'Diplo', 'Justin Bieber']",4,39.0,39.0,49.0,0,-3.3333333333333335,3
Skrillex & Rick Ross,Purple Lamborghini,"['Skrillex', 'Rick Ross']",10,33.0,67.0,96.0,2,-9.0,7
SleazyWorld Go Featuring Lil Baby,Sleazy Flow,"['SleazyWorld Go', 'Lil Baby']",20,47.0,47.0,68.0,0,-1.105263157894737,19
Sleep Token,Caramel,['Sleep Token'],5,34.0,34.0,57.0,0,-4.6,5
Sleep Token,Damocles,['Sleep Token'],2,47.0,47.0,72.0,0,-12.5,2
Sleep Token,Emergence,['Sleep Token'],4,57.0,57.0,58.0,0,-0.125,8
Sleepy Hallow,2055,['Sleepy Hallow'],17,51.0,87.0,100.0,4,-4.083333333333333,12
Sleepy Hallow,Deep End Freestyle,['Sleepy Hallow'],2,80.0,80.0,94.0,0,-14.0,1
Sleepy Hallow Featuring 347aidan,Die Young,"['Sleepy Hallow', '347aidan']",5,60.0,60.0,99.0,0,-9.75,4
Sleepy Hallow Featuring Doechii,A N X I E T Y,"['Sleepy Hallow', 'Doechii']",2,45.0,45.0,59.0,0,-14.0,1
Smiley Featuring Drake,Over The Top,"['Smiley', 'Drake']",4,57.0,57.0,88.0,0,-10.333333333333334,3
"Sofi Tukker Featuring NERVO, The Knocks & Alisa Ueno",Best Friend,"['Sofi Tukker', 'NERVO', 'The Knocks', 'Alisa Ueno']",5,81.0,100.0,97.0,2,-8.0,2
Solange,Cranes In The Sky,['Solange'],2,74.0,74.0,99.0,0,-25.0,1
Sophie Ellis-Bextor,Murder On The Dancefloor,['Sophie Ellis-Bextor'],12,51.0,98.0,86.0,3,-4.375,8
SpotemGottem Featuring Pooh Shiesty Or DaBaby,Beat Box,"['SpotemGottem', 'Pooh Shiesty', 'DaBaby']",23,12.0,84.0,46.0,12,-3.4,10
Starley,Call On Me,['Starley'],18,65.0,99.0,97.0,21,-10.666666666666666,3
StaySolidRocky,Party Girl,['StaySolidRocky'],20,21.0,84.0,61.0,6,-3.076923076923077,13
Stephanie Beatriz,Waiting On A Miracle,['Stephanie Beatriz'],12,48.0,82.0,100.0,3,-6.5,8
"Stephanie Beatriz, Olga Merediz & Encanto Cast",The Family Madrigal,"['Stephanie Beatriz', 'Olga Merediz', 'Encanto Cast']",16,20.0,62.0,93.0,3,-6.083333333333333,12
"Stephanie Beatriz, Olga Merediz, John Leguizamo, Adassa, Maluma & Encanto Cast",All Of You,"['Stephanie Beatriz', 'Olga Merediz', 'John Leguizamo', 'Adassa', 'Maluma', 'Encanto Cast']",7,71.0,94.0,89.0,3,-6.0,3
Stephen Sanchez,Until I Found You,['Stephen Sanchez'],41,23.0,100.0,43.0,32,-1.5384615384615385,13
Steve Aoki & Louis Tomlinson,Just Hold On,"['Steve Aoki', 'Louis Tomlinson']",6,52.0,52.0,96.0,0,-8.8,5
Steve Lacy,Bad Habit,['Steve Lacy'],35,1.0,100.0,35.0,12,-1.5454545454545454,22
Steve Lacy,Dark Red,['Steve Lacy'],5,78.0,95.0,96.0,3,-9.0,2
Steve Lacy,Static,['Steve Lacy'],7,78.0,98.0,96.0,3,-6.0,3
Stromae & Pomme,Ma Meilleure Ennemie,"['Stromae', 'Pomme']",2,69.0,95.0,69.0,1,0.0,0
Sueco,Paralyzed,['Sueco'],2,65.0,65.0,87.0,0,-22.0,1
Sugarland Featuring Taylor Swift,Babe,"['Sugarland', 'Taylor Swift']",2,72.0,72.0,95.0,0,-3.2857142857142856,7
Summer Walker,Heart Of A Woman,['Summer Walker'],24,57.0,57.0,73.0,0,-0.6956521739130435,23
Summer Walker,Playing Games,['Summer Walker'],20,16.0,87.0,54.0,6,-2.7142857142857144,14
Summer Walker & JT,Ex For A Reason,"['Summer Walker', 'JT']",5,33.0,56.0,100.0,3,-22.333333333333332,3
Summer Walker & SZA,No Love,"['Summer Walker', 'SZA']",20,13.0,13.0,91.0,0,-2.7857142857142856,28
Summer Walker & Usher,Come Thru,"['Summer Walker', 'Usher']",19,42.0,42.0,97.0,0,-1.8333333333333333,30
Summer Walker Featuring Jhene Aiko,I'll Kill You,"['Summer Walker', 'Jhene Aiko']",3,61.0,61.0,95.0,0,-17.0,2
Summer Walker X Drake,Girls Need Love,"['Summer Walker', 'Drake']",20,37.0,87.0,90.0,1,-2.9444444444444446,18
Superstar Pride,Painting Pictures,['Superstar Pride'],15,25.0,99.0,93.0,2,-5.666666666666667,12
Surf Mesa Featuring Emilee,ily,"['Surf Mesa', 'Emilee']",28,23.0,100.0,43.0,24,-6.666666666666667,3
Surfaces,Sunday Best,['Surfaces'],21,19.0,98.0,40.0,14,-3.5,6
Swedish House Mafia & The Weeknd,Moth To A Flame,"['Swedish House Mafia', 'The Weeknd']",8,27.0,27.0,100.0,0,-4.866666666666666,15
THE ANXIETY: WILLOW & Tyler Cole,Meet Me At Our Spot,"['THE ANXIETY', 'WILLOW', 'Tyler Cole']",26,21.0,64.0,50.0,7,-1.6111111111111112,18
"THE SCOTTS, Travis Scott & Kid Cudi",The Scotts,"['THE SCOTTS', 'Travis Scott', 'Kid Cudi']",13,1.0,1.0,74.0,0,-6.083333333333333,12
TK Kravitz Featuring Jacqueez,Ocean,"['TK Kravitz', 'Jacqueez']",3,76.0,87.0,76.0,2,0.0,0
Tai Verdes,A-O-K,['Tai Verdes'],19,34.0,83.0,72.0,13,-7.6,5
Tainy & Bad Bunny,Mojabi Ghost,"['Tainy', 'Bad Bunny']",3,57.0,57.0,94.0,0,-18.5,2
"Tainy, Anuel AA & Ozuna",Adicto,"['Tainy', 'Anuel AA', 'Ozuna']",2,86.0,86.0,98.0,0,-12.0,1
"Tainy, Bad Bunny & Julieta Venegas",Lo Siento BB:/,"['Tainy', 'Bad Bunny', 'Julieta Venegas']",4,51.0,51.0,90.0,0,-13.0,3
TakeOff,Last Memory,['TakeOff'],2,54.0,54.0,68.0,0,-14.0,1
Tame Impala & JENNIE,Dracula,"['Tame Impala', 'JENNIE']",12,30.0,55.0,78.0,5,-8.0,6
Tank,When We,['Tank'],19,78.0,92.0,94.0,16,-2.0,8
Tate McRae,2 Hands,['Tate McRae'],3,41.0,41.0,76.0,0,-2.5,14
Tate McRae,Anything But Love,['Tate McRae'],2,44.0,44.0,88.0,0,-44.0,1
Tate McRae,Dear God,['Tate McRae'],2,44.0,44.0,71.0,0,-27.0,1
Tate McRae,Exes,['Tate McRae'],20,34.0,34.0,67.0,0,-1.736842105263158,19
Tate McRae,Greedy,['Tate McRae'],42,3.0,33.0,49.0,15,-1.7692307692307692,26
Tate McRae,It's Ok I'm Ok,['Tate McRae'],20,20.0,20.0,74.0,0,-2.8421052631578947,19
Tate McRae,Just Keep Watching,['Tate McRae'],20,33.0,33.0,77.0,0,-2.3157894736842106,19
Tate McRae,Miss Possessive,['Tate McRae'],2,54.0,54.0,76.0,0,-22.0,1
Tate McRae,Nobody's Girl,['Tate McRae'],3,29.0,29.0,90.0,0,-30.5,2
Tate McRae,Purple Lace Bra,['Tate McRae'],2,53.0,53.0,75.0,0,-22.0,1
Tate McRae,Revolving Door,['Tate McRae'],27,22.0,22.0,38.0,0,-0.48484848484848486,33
Tate McRae,Run For The Hills,['Tate McRae'],4,69.0,69.0,92.0,0,-5.75,4
Tate McRae,She's All I Wanna Be,['Tate McRae'],20,44.0,52.0,99.0,7,-4.583333333333333,12
Tate McRae,Sports Car,['Tate McRae'],23,16.0,21.0,48.0,4,-1.7777777777777777,18
Tate McRae,Tit For Tat,['Tate McRae'],12,3.0,3.0,56.0,0,-4.818181818181818,11
Tate McRae,You Broke Me First.,['Tate McRae'],38,17.0,95.0,39.0,27,-2.2,10
Tate McRae Featauring The Kid Laroi,I Know Love,['Tate McRae Featauring The Kid Laroi'],2,43.0,43.0,73.0,0,-30.0,1
Tate McRae X Khalid,Working,"['Tate McRae', 'Khalid']",6,88.0,94.0,100.0,3,-4.0,3
Tay-K,The Race,['Tay-K'],19,44.0,70.0,64.0,4,-1.3333333333333333,15
Taylor Swift,'Tis The Damn Season,['Taylor Swift'],2,39.0,39.0,91.0,0,-52.0,1
Taylor Swift,...Ready For It?,['Taylor Swift'],19,4.0,4.0,96.0,0,-5.111111111111111,18
Taylor Swift,Actually Romantic,['Taylor Swift'],7,7.0,7.0,78.0,0,-11.833333333333334,6
Taylor Swift,All Of The Girls You Loved Before,['Taylor Swift'],6,12.0,12.0,98.0,0,-17.2,5
Taylor Swift,All Too Well (Taylor's Version),['Taylor Swift'],15,1.0,1.0,99.0,0,-7.0,14
Taylor Swift,All You Had To Do Was Stay (Taylor's Version),['Taylor Swift'],2,20.0,20.0,89.0,0,-69.0,1
Taylor Swift,Anti-Hero,['Taylor Swift'],53,1.0,1.0,20.0,0,-0.36538461538461536,52
Taylor Swift,August,['Taylor Swift'],2,23.0,23.0,73.0,0,-50.0,1
Taylor Swift,Back To December (Taylor's Version),['Taylor Swift'],2,16.0,16.0,76.0,0,-60.0,1
Taylor Swift,Bad Blood (Taylor's Version),['Taylor Swift'],3,7.0,7.0,80.0,0,-36.5,2
Taylor Swift,Bejeweled,['Taylor Swift'],9,6.0,6.0,91.0,0,-7.7272727272727275,11
Taylor Swift,Betty,['Taylor Swift'],2,42.0,42.0,91.0,0,-49.0,1
Taylor Swift,Bigger Than The Whole Sky,['Taylor Swift'],4,21.0,21.0,100.0,0,-26.333333333333332,3
Taylor Swift,Blank Space,['Taylor Swift'],2,46.0,49.0,46.0,1,0.0,0
Taylor Swift,Blank Space (Taylor's Version),['Taylor Swift'],3,12.0,12.0,93.0,0,-40.5,2
Taylor Swift,But Daddy I Love Him,['Taylor Swift'],8,7.0,7.0,85.0,0,-11.142857142857142,7
Taylor Swift,Call It What You Want,['Taylor Swift'],2,27.0,27.0,73.0,0,-46.0,1
Taylor Swift,Cancelled!,['Taylor Swift'],7,10.0,10.0,89.0,0,-13.166666666666666,6
Taylor Swift,Cardigan,['Taylor Swift'],14,1.0,1.0,96.0,0,-7.3076923076923075,13
Taylor Swift,Cassandra,['Taylor Swift'],2,44.0,44.0,82.0,0,-38.0,1
Taylor Swift,Champagne Problems,['Taylor Swift'],2,21.0,21.0,77.0,0,-56.0,1
Taylor Swift,Chloe Or Sam Or Sophia Or Marcus,['Taylor Swift'],3,36.0,36.0,100.0,0,-32.0,2
Taylor Swift,Christmas Tree Farm (Old Timey Version),['Taylor Swift'],5,62.0,82.0,69.0,3,-7.0,1
Taylor Swift,Clara Bow,['Taylor Swift'],4,21.0,21.0,83.0,0,-20.666666666666668,3
Taylor Swift,Clean (Taylor's Version),['Taylor Swift'],2,30.0,30.0,96.0,0,-66.0,1
Taylor Swift,Cruel Summer,['Taylor Swift'],54,1.0,29.0,20.0,216,-0.6333333333333333,30
Taylor Swift,Dear Reader,['Taylor Swift'],2,45.0,45.0,97.0,0,-52.0,1
Taylor Swift,Delicate,['Taylor Swift'],35,12.0,84.0,49.0,18,-2.3125,16
Taylor Swift,Down Bad,['Taylor Swift'],12,2.0,2.0,92.0,0,-8.181818181818182,11
Taylor Swift,Eldest Daughter,['Taylor Swift'],7,9.0,9.0,81.0,0,-12.0,6
Taylor Swift,Elizabeth Taylor,['Taylor Swift'],11,3.0,3.0,85.0,0,-8.2,10
Taylor Swift,Enchanted (Taylor's Version),['Taylor Swift'],3,19.0,19.0,89.0,0,-35.0,2
Taylor Swift,Father Figure,['Taylor Swift'],11,4.0,4.0,97.0,0,-9.3,10
Taylor Swift,Fresh Out The Slammer,['Taylor Swift'],5,11.0,11.0,84.0,0,-18.25,4
Taylor Swift,Glitch,['Taylor Swift'],2,41.0,41.0,86.0,0,-45.0,1
Taylor Swift,Gorgeous,['Taylor Swift'],4,13.0,13.0,89.0,0,-25.333333333333332,3
Taylor Swift,Guilty As Sin?,['Taylor Swift'],10,10.0,10.0,98.0,0,-9.777777777777779,9
Taylor Swift,High Infidelity,['Taylor Swift'],3,33.0,33.0,98.0,0,-32.5,2
Taylor Swift,Hits Different,['Taylor Swift'],3,27.0,27.0,84.0,0,-28.5,2
Taylor Swift,Honey,['Taylor Swift'],6,12.0,12.0,71.0,0,-11.8,5
Taylor Swift,How Did It End?,['Taylor Swift'],4,35.0,35.0,98.0,0,-21.0,3
Taylor Swift,I Can Do It With A Broken Heart,['Taylor Swift'],31,3.0,3.0,49.0,0,-1.5333333333333334,30
Taylor Swift,I Can Fix Him (No Really I Can),['Taylor Swift'],5,20.0,20.0,100.0,0,-20.0,4
Taylor Swift,I Can See You (Taylor's Version) (From The Vault),['Taylor Swift'],7,5.0,5.0,74.0,0,-11.5,6
Taylor Swift,I Forgot That You Existed,['Taylor Swift'],2,28.0,28.0,74.0,0,-46.0,1
Taylor Swift,I Hate It Here,['Taylor Swift'],3,34.0,34.0,94.0,0,-30.0,2
Taylor Swift,I Look In People's Windows,['Taylor Swift'],2,39.0,39.0,71.0,0,-32.0,1
Taylor Swift,Invisible String,['Taylor Swift'],2,37.0,37.0,85.0,0,-48.0,1
Taylor Swift,Is It Over Now? (Taylor's Version) [From The Vault],['Taylor Swift'],22,1.0,1.0,47.0,0,-2.1904761904761907,21
Taylor Swift,Labyrinth,['Taylor Swift'],5,14.0,14.0,89.0,0,-18.75,4
Taylor Swift,Lavender Haze,['Taylor Swift'],29,2.0,2.0,50.0,0,-1.7142857142857142,28
Taylor Swift,Look What You Made Me Do,['Taylor Swift'],19,1.0,77.0,55.0,1,-3.176470588235294,17
Taylor Swift,Love Story (Taylor's Version),['Taylor Swift'],2,11.0,11.0,52.0,0,-5.125,8
Taylor Swift,Lover,['Taylor Swift'],22,10.0,19.0,50.0,1,-2.0,20
Taylor Swift,Maroon,['Taylor Swift'],7,3.0,3.0,93.0,0,-15.0,6
Taylor Swift,Mastermind,['Taylor Swift'],5,13.0,13.0,84.0,0,-17.75,4
Taylor Swift,Message In A Bottle (Taylor's Version) (From The Vault),['Taylor Swift'],13,45.0,45.0,68.0,0,-1.9166666666666667,12
Taylor Swift,Midnight Rain,['Taylor Swift'],8,5.0,5.0,97.0,0,-9.2,10
Taylor Swift,Mine (Taylor's Version),['Taylor Swift'],2,15.0,15.0,81.0,0,-66.0,1
Taylor Swift,Mirrorball,['Taylor Swift'],2,26.0,26.0,93.0,0,-67.0,1
Taylor Swift,Mr. Perfectly Fine (Taylor's Version) (From The Vault),['Taylor Swift'],3,30.0,90.0,90.0,1,-60.0,1
Taylor Swift,My Boy Only Breaks His Favorite Toys,['Taylor Swift'],8,6.0,6.0,86.0,0,-11.428571428571429,7
Taylor Swift,My Tears Ricochet,['Taylor Swift'],2,16.0,16.0,69.0,0,-53.0,1
Taylor Swift,New Romantics,['Taylor Swift'],7,46.0,73.0,78.0,5,-32.0,1
Taylor Swift,New Romantics (Taylor's Version),['Taylor Swift'],2,29.0,29.0,92.0,0,-63.0,1
Taylor Swift,Now That We Don't Talk (Taylor's Version) [From The Vault],['Taylor Swift'],8,2.0,2.0,87.0,0,-8.5,10
Taylor Swift,Opalite,['Taylor Swift'],11,2.0,2.0,37.0,0,-3.5,10
Taylor Swift,Out Of The Woods,['Taylor Swift'],8,44.0,46.0,77.0,3,-8.25,4
Taylor Swift,Out Of The Woods (Taylor's Version),['Taylor Swift'],3,16.0,16.0,85.0,0,-34.5,2
Taylor Swift,Paris,['Taylor Swift'],3,32.0,32.0,90.0,0,-29.0,2
Taylor Swift,Peter,['Taylor Swift'],2,46.0,46.0,78.0,0,-32.0,1
Taylor Swift,Question...?,['Taylor Swift'],5,7.0,7.0,78.0,0,-17.75,4
Taylor Swift,Red (Taylor's Version),['Taylor Swift'],2,25.0,25.0,86.0,0,-61.0,1
Taylor Swift,Ruin The Friendship,['Taylor Swift'],8,11.0,11.0,98.0,0,-12.428571428571429,7
Taylor Swift,Say Don't Go (Taylor's Version) [From The Vault],['Taylor Swift'],5,5.0,5.0,100.0,0,-23.75,4
Taylor Swift,Seven,['Taylor Swift'],2,35.0,35.0,98.0,0,-63.0,1
Taylor Swift,Shake It Off (Taylor's Version),['Taylor Swift'],2,28.0,28.0,83.0,0,-55.0,1
Taylor Swift,Slut! (Taylor's Version) [From The Vault],['Taylor Swift'],5,3.0,3.0,98.0,0,-23.75,4
Taylor Swift,So High School,['Taylor Swift'],5,24.0,24.0,83.0,0,-14.75,4
Taylor Swift,"So Long, London",['Taylor Swift'],8,5.0,5.0,89.0,0,-12.0,7
Taylor Swift,Sparks Fly (Taylor's Version),['Taylor Swift'],2,22.0,22.0,95.0,0,-73.0,1
Taylor Swift,State Of Grace (Taylor's Version),['Taylor Swift'],2,18.0,18.0,88.0,0,-70.0,1
Taylor Swift,Style (Taylor's Version),['Taylor Swift'],4,9.0,9.0,91.0,0,-27.333333333333332,3
Taylor Swift,Suburban Legends (Taylor's Version) [From The Vault],['Taylor Swift'],3,10.0,10.0,92.0,0,-41.0,2
Taylor Swift,Sweet Nothing,['Taylor Swift'],5,15.0,15.0,92.0,0,-19.25,4
Taylor Swift,The 1,['Taylor Swift'],6,4.0,4.0,92.0,0,-17.6,5
Taylor Swift,The Albatross,['Taylor Swift'],3,30.0,30.0,89.0,0,-29.5,2
Taylor Swift,The Alchemy,['Taylor Swift'],6,13.0,13.0,98.0,0,-17.0,5
Taylor Swift,The Archer,['Taylor Swift'],3,38.0,69.0,38.0,5,0.0,0
Taylor Swift,The Black Dog,['Taylor Swift'],4,25.0,25.0,80.0,0,-18.333333333333332,3
Taylor Swift,The Bolter,['Taylor Swift'],2,47.0,47.0,75.0,0,-28.0,1
Taylor Swift,The Fate Of Ophelia,['Taylor Swift'],11,1.0,1.0,10.0,0,-0.9,10
Taylor Swift,The Great War,['Taylor Swift'],4,26.0,26.0,96.0,0,-23.333333333333332,3
Taylor Swift,The Last Great American Dynasty,['Taylor Swift'],2,13.0,13.0,66.0,0,-53.0,1
Taylor Swift,The Man,['Taylor Swift'],8,23.0,23.0,88.0,0,-1.9696969696969697,33
Taylor Swift,The Manuscript,['Taylor Swift'],2,51.0,51.0,99.0,0,-48.0,1
Taylor Swift,The Prophecy,['Taylor Swift'],4,32.0,32.0,93.0,0,-20.333333333333332,3
Taylor Swift,The Smallest Man Who Ever Lived,['Taylor Swift'],7,14.0,14.0,83.0,0,-11.5,6
Taylor Swift,The Tortured Poets Department,['Taylor Swift'],7,4.0,4.0,86.0,0,-13.666666666666666,6
Taylor Swift,This Love (Taylor's Version),['Taylor Swift'],2,42.0,50.0,42.0,77,0.0,0
Taylor Swift,Vigilante Shit,['Taylor Swift'],6,10.0,10.0,97.0,0,-17.4,5
Taylor Swift,Welcome To New York (Taylor's Version),['Taylor Swift'],2,14.0,14.0,77.0,0,-63.0,1
Taylor Swift,Who's Afraid Of Little Old Me?,['Taylor Swift'],11,9.0,9.0,97.0,0,-8.8,10
Taylor Swift,Wi$h Li$t,['Taylor Swift'],10,6.0,6.0,93.0,0,-9.666666666666666,9
Taylor Swift,Wildest Dreams,['Taylor Swift'],11,18.0,23.0,46.0,2,-3.5,8
Taylor Swift,Wildest Dreams (Taylor's Version),['Taylor Swift'],4,19.0,37.0,86.0,110,-33.5,2
Taylor Swift,Willow,['Taylor Swift'],20,1.0,1.0,61.0,0,-3.1578947368421053,19
Taylor Swift,Wood,['Taylor Swift'],7,5.0,5.0,77.0,0,-12.0,6
Taylor Swift,"Would've, Could've, Should've",['Taylor Swift'],4,20.0,20.0,80.0,0,-20.0,3
Taylor Swift,You Need To Calm Down,['Taylor Swift'],21,2.0,2.0,46.0,0,-2.2,20
Taylor Swift,You're Losing Me (From The Vault),['Taylor Swift'],7,27.0,46.0,84.0,1,-11.4,5
Taylor Swift,"You're On Your Own, Kid",['Taylor Swift'],6,8.0,8.0,80.0,0,-14.4,5
Taylor Swift,imgonnagetyouback,['Taylor Swift'],5,26.0,26.0,94.0,0,-17.0,4
Taylor Swift,loml,['Taylor Swift'],7,12.0,12.0,100.0,0,-14.666666666666666,6
Taylor Swift,thanK you aIMee,['Taylor Swift'],3,23.0,23.0,88.0,0,-32.5,2
Taylor Swift Featuring Bon Iver,Exile,"['Taylor Swift', 'Bon Iver']",5,6.0,6.0,98.0,0,-23.0,4
Taylor Swift Featuring Brendon Urie,ME!,"['Taylor Swift', 'Brendon Urie']",20,2.0,100.0,54.0,1,-2.888888888888889,18
Taylor Swift Featuring Chris Stapleton,I Bet You Think About Me (Taylor's Version) (From The Vault),"['Taylor Swift', 'Chris Stapleton']",2,22.0,22.0,70.0,0,-48.0,1
Taylor Swift Featuring Ed Sheeran & Future,End Game,"['Taylor Swift', 'Ed Sheeran', 'Future']",13,18.0,86.0,91.0,7,-14.6,5
Taylor Swift Featuring Florence + The Machine,Florida!!!,"['Taylor Swift', 'Florence + The Machine']",7,8.0,8.0,84.0,0,-12.666666666666666,6
Taylor Swift Featuring Haim,"No Body, No Crime","['Taylor Swift', 'Haim']",2,34.0,34.0,97.0,0,-63.0,1
Taylor Swift Featuring Ice Spice,Karma,"['Taylor Swift', 'Ice Spice']",30,2.0,9.0,31.0,31,-1.6111111111111112,18
Taylor Swift Featuring Lana Del Rey,Snow On The Beach,"['Taylor Swift', 'Lana Del Rey']",8,4.0,4.0,87.0,0,-2.59375,32
Taylor Swift Featuring Maren Morris,You All Over Me (Taylor's Version) (From The Vault),"['Taylor Swift', 'Maren Morris']",2,51.0,51.0,72.0,0,-10.5,2
Taylor Swift Featuring Post Malone,Fortnight,"['Taylor Swift', 'Post Malone']",21,1.0,1.0,33.0,0,-0.6274509803921569,51
Taylor Swift Featuring Sabrina Carpenter,The Life Of A Showgirl,"['Taylor Swift', 'Sabrina Carpenter']",9,8.0,8.0,99.0,0,-11.375,8
Teddy Swims,Bad Dreams,['Teddy Swims'],24,30.0,75.0,41.0,31,-3.6666666666666665,3
Teddy Swims,Lose Control,['Teddy Swims'],112,1.0,99.0,17.0,31,-0.19753086419753085,81
Teddy Swims,The Door,['Teddy Swims'],25,24.0,94.0,33.0,17,-1.2857142857142858,7
Teddy Swims & GIVEON,Are You Even Real,"['Teddy Swims', 'GIVEON']",14,59.0,59.0,96.0,0,-2.176470588235294,17
Tee Grizzley,First Day Out,['Tee Grizzley'],20,48.0,88.0,84.0,12,-5.142857142857143,7
"Tee Grizzley, Mariah The Scientist & Chris Brown",IDGAF,"['Tee Grizzley', 'Mariah The Scientist', 'Chris Brown']",2,98.0,100.0,98.0,2,0.0,0
Tems,Free Mind,['Tems'],21,46.0,90.0,78.0,11,-3.5555555555555554,9
Tenille Arts,Somebody Like That,['Tenille Arts'],16,50.0,97.0,78.0,13,-14.0,2
That Mexican OT,02.02.99,['That Mexican OT'],3,74.0,88.0,93.0,1,-19.0,1
"That Mexican OT, Paul Wall & DRODi",Johnny Dang,"['That Mexican OT', 'Paul Wall', 'DRODi']",12,65.0,97.0,78.0,5,-2.1666666666666665,6
The Beach Boys,Little Saint Nick,['The Beach Boys'],14,25.0,47.0,41.0,157,-0.1553398058252427,103
The Beatles,Now And Then,['The Beatles'],2,7.0,7.0,76.0,0,-69.0,1
The Carters,Apes**t,['The Carters'],15,13.0,13.0,97.0,0,-6.0,14
The Carters,Boss,['The Carters'],2,77.0,77.0,99.0,0,-22.0,1
The Chainsmokers,High,['The Chainsmokers'],9,57.0,57.0,85.0,0,-3.5,8
The Chainsmokers,Honest,['The Chainsmokers'],4,77.0,88.0,81.0,1,-2.0,2
The Chainsmokers,Paris,['The Chainsmokers'],20,6.0,7.0,46.0,5,-2.857142857142857,14
The Chainsmokers,Sick Boy,['The Chainsmokers'],3,65.0,65.0,97.0,0,-16.0,2
The Chainsmokers,The One,['The Chainsmokers'],2,78.0,91.0,78.0,1,0.0,0
The Chainsmokers & Bebe Rexha,Call You Mine,"['The Chainsmokers', 'Bebe Rexha']",14,56.0,67.0,76.0,9,-5.0,4
The Chainsmokers & Coldplay,Something Just Like This,"['The Chainsmokers', 'Coldplay']",39,3.0,56.0,49.0,5,-1.393939393939394,33
The Chainsmokers & Illenium Featuring Lennon Stella,Takeaway,"['The Chainsmokers', 'Illenium', 'Lennon Stella']",2,69.0,69.0,98.0,0,-9.666666666666666,3
The Chainsmokers Featuring 5 Seconds of Summer,Who Do You Love,"['The Chainsmokers', '5 Seconds of Summer']",16,52.0,56.0,89.0,6,-4.111111111111111,9
The Chainsmokers Featuring Daya,Don't Let Me Down,"['The Chainsmokers', 'Daya']",52,3.0,85.0,44.0,20,-1.28125,32
The Chainsmokers Featuring Emily Warren,Side Effects,"['The Chainsmokers', 'Emily Warren']",6,66.0,87.0,88.0,4,-7.333333333333333,3
The Chainsmokers Featuring Halsey,Closer,"['The Chainsmokers', 'Halsey']",52,1.0,9.0,39.0,2,-0.7755102040816326,49
The Chainsmokers Featuring Kelsea Ballerini,This Feeling,"['The Chainsmokers', 'Kelsea Ballerini']",20,50.0,74.0,77.0,14,-3.375,8
The Chainsmokers Featuring Phoebe Ryan,All We Know,"['The Chainsmokers', 'Phoebe Ryan']",16,18.0,18.0,93.0,0,-5.0,15
The Chainsmokers Featuring ROZES,Roses,"['The Chainsmokers', 'ROZES']",23,6.0,26.0,48.0,6,-2.625,16
The Chainsmokers Featuring XYLO,Setting Fires,"['The Chainsmokers', 'XYLO']",2,71.0,71.0,86.0,0,-15.0,1
The Citizens of Halloween,This Is Halloween,['The Citizens of Halloween'],4,26.0,41.0,26.0,105,0.0,0
The Game & Kanye West,Eazy,"['The Game', 'Kanye West']",3,49.0,49.0,98.0,0,-24.5,2
The Game Featuring Jeremih,All Eyez,"['The Game', 'Jeremih']",5,79.0,100.0,93.0,2,-4.666666666666667,3
The Kid Laroi,Baby I'm Back,['The Kid Laroi'],2,89.0,95.0,89.0,3,0.0,0
The Kid Laroi,Girls,['The Kid Laroi'],7,51.0,51.0,100.0,0,-6.125,8
The Kid Laroi,Love Again,['The Kid Laroi'],12,40.0,40.0,97.0,0,-5.181818181818182,11
The Kid Laroi,Nights Like This,['The Kid Laroi'],20,47.0,76.0,78.0,1,-1.7222222222222223,18
The Kid Laroi,So Done,['The Kid Laroi'],15,59.0,77.0,77.0,2,-1.2857142857142858,14
The Kid Laroi,Thousand Miles,['The Kid Laroi'],15,15.0,15.0,90.0,0,-5.357142857142857,14
The Kid Laroi,Without You,['The Kid Laroi'],38,8.0,63.0,37.0,21,-1.8125,16
The Kid Laroi & Juice WRLD,Reminds Me Of You,"['The Kid Laroi', 'Juice WRLD']",2,89.0,89.0,99.0,0,-3.3333333333333335,3
The Kid Laroi & Justin Bieber,Stay,"['The Kid Laroi', 'Justin Bieber']",63,1.0,3.0,23.0,3,-0.3728813559322034,59
The Kid Laroi Featuring Polo G & Stunna Gambino,Not Sober,"['The Kid Laroi', 'Polo G', 'Stunna Gambino']",3,41.0,41.0,92.0,0,-25.5,2
"The Kid Laroi, Jung Kook & Central Cee",Too Much,"['The Kid Laroi', 'Jung Kook', 'Central Cee']",6,44.0,44.0,92.0,0,-9.6,5
The Lumineers,Ophelia,['The Lumineers'],12,66.0,78.0,94.0,9,-2.0,14
The Marias,No One Noticed,['The Marias'],41,22.0,90.0,50.0,7,-0.8484848484848485,33
The Marias,Sienna,['The Marias'],13,74.0,77.0,96.0,1,-1.8333333333333333,12
The Red Clay Strays,Wondering Why,['The Red Clay Strays'],20,71.0,93.0,98.0,3,-0.4909090909090909,55
The Revivalists,Wish I Knew You,['The Revivalists'],9,84.0,93.0,99.0,5,-5.0,3
The Ronettes,Sleigh Ride,['The Ronettes'],38,8.0,41.0,12.0,261,-0.0380952380952381,105
The Walters,I Love You So,['The Walters'],16,71.0,97.0,90.0,4,-1.4615384615384615,13
The Weeknd,Acquainted,['The Weeknd'],15,70.0,100.0,92.0,10,-5.5,4
The Weeknd,After Hours,['The Weeknd'],7,20.0,77.0,90.0,1,-11.666666666666666,6
The Weeknd,Attention,['The Weeknd'],2,67.0,67.0,96.0,0,-29.0,1
The Weeknd,Baptized In Fear,['The Weeknd'],2,46.0,46.0,86.0,0,-40.0,1
The Weeknd,Blinding Lights,['The Weeknd'],90,1.0,11.0,20.0,16,-0.25675675675675674,74
The Weeknd,Call Out My Name,['The Weeknd'],18,4.0,4.0,95.0,0,-5.352941176470588,17
The Weeknd,Can't Feel My Face,['The Weeknd'],14,15.0,15.0,50.0,0,-2.6923076923076925,13
The Weeknd,Cry For Me,['The Weeknd'],21,12.0,12.0,49.0,0,-1.85,20
The Weeknd,Dancing In The Flames,['The Weeknd'],18,14.0,14.0,96.0,0,-4.823529411764706,17
The Weeknd,False Alarm,['The Weeknd'],4,55.0,63.0,86.0,8,-31.0,1
The Weeknd,Gasoline,['The Weeknd'],2,29.0,29.0,87.0,0,-58.0,1
The Weeknd,Heartless,['The Weeknd'],23,1.0,32.0,37.0,1,-1.7142857142857142,21
The Weeknd,In The Night,['The Weeknd'],15,12.0,12.0,52.0,0,-2.857142857142857,14
The Weeknd,In Your Eyes,['The Weeknd'],15,16.0,16.0,89.0,0,-5.214285714285714,14
The Weeknd,Is There Someone Else?,['The Weeknd'],2,31.0,31.0,80.0,0,-49.0,1
The Weeknd,Less Than Zero,['The Weeknd'],2,53.0,53.0,91.0,0,-38.0,1
The Weeknd,Open Hearts,['The Weeknd'],2,48.0,48.0,94.0,0,-46.0,1
The Weeknd,Ordinary Life,['The Weeknd'],2,72.0,72.0,97.0,0,-25.0,1
The Weeknd,Out Of Time,['The Weeknd'],3,32.0,32.0,92.0,0,-4.0,15
The Weeknd,Party Monster,['The Weeknd'],19,16.0,39.0,98.0,1,-4.823529411764706,17
The Weeknd,Reminder,['The Weeknd'],17,31.0,31.0,99.0,0,-1.7,40
The Weeknd,Rockin',['The Weeknd'],2,44.0,44.0,82.0,0,-38.0,1
The Weeknd,Sacrifice,['The Weeknd'],10,11.0,11.0,79.0,0,-7.555555555555555,9
The Weeknd,Secrets,['The Weeknd'],2,47.0,47.0,66.0,0,-19.0,1
The Weeknd,Six Feet Under,['The Weeknd'],4,34.0,34.0,94.0,0,-20.0,3
The Weeknd,Take My Breath,['The Weeknd'],20,6.0,6.0,84.0,0,-3.12,25
The Weeknd,The Hills,['The Weeknd'],19,7.0,7.0,48.0,0,-2.2777777777777777,18
The Weeknd,True Colors,['The Weeknd'],2,48.0,48.0,78.0,0,-30.0,1
The Weeknd,Try Me,['The Weeknd'],2,26.0,26.0,74.0,0,-48.0,1
The Weeknd,Wasted Times,['The Weeknd'],3,27.0,27.0,76.0,0,-24.5,2
The Weeknd & Anitta,Sao Paulo,"['The Weeknd', 'Anitta']",3,43.0,77.0,74.0,13,-31.0,1
The Weeknd & Ariana Grande,Die For You,"['The Weeknd', 'Ariana Grande']",52,1.0,43.0,26.0,325,-1.1904761904761905,21
The Weeknd & Ariana Grande,Save Your Tears,"['The Weeknd', 'Ariana Grande']",69,1.0,41.0,16.0,57,-0.28846153846153844,52
The Weeknd & Kendrick Lamar,Pray For Me,"['The Weeknd', 'Kendrick Lamar']",20,7.0,7.0,61.0,0,-2.8421052631578947,19
The Weeknd & Playboi Carti,Timeless,"['The Weeknd', 'Playboi Carti']",41,3.0,3.0,45.0,0,-1.05,40
The Weeknd Featuring Daft Punk,I Feel It Coming,"['The Weeknd', 'Daft Punk']",26,4.0,48.0,46.0,18,-6.0,7
The Weeknd Featuring Daft Punk,Starboy,"['The Weeknd', 'Daft Punk']",30,1.0,40.0,39.0,13,-2.375,16
The Weeknd Featuring Future,All I Know,"['The Weeknd', 'Future']",2,46.0,46.0,83.0,0,-37.0,1
The Weeknd Featuring Future,Double Fantasy,"['The Weeknd', 'Future']",5,18.0,18.0,73.0,0,-13.75,4
The Weeknd Featuring Kendrick Lamar,Sidewalks,"['The Weeknd', 'Kendrick Lamar']",4,27.0,27.0,97.0,0,-23.333333333333332,3
"The Weeknd, JENNIE & Lily-Rose Depp",One Of The Girls,"['The Weeknd', 'JENNIE', 'Lily-Rose Depp']",20,51.0,100.0,97.0,10,-4.6,10
"The Weeknd, Playboi Carti & Madonna",Popular,"['The Weeknd', 'Playboi Carti', 'Madonna']",19,43.0,43.0,87.0,0,-2.4444444444444446,18
Thomas Rhett,After All The Bars Are Closed,['Thomas Rhett'],21,35.0,63.0,48.0,15,-2.6,5
Thomas Rhett,Angels Don't Always Have Wings,['Thomas Rhett'],9,69.0,93.0,97.0,8,-28.0,1
Thomas Rhett,Beautiful As You,['Thomas Rhett'],24,50.0,96.0,50.0,23,0.0,0
Thomas Rhett,Country Again,['Thomas Rhett'],20,42.0,73.0,47.0,16,-1.6666666666666667,3
Thomas Rhett,Die A Happy Man,['Thomas Rhett'],18,21.0,21.0,45.0,0,-1.411764705882353,17
Thomas Rhett,Life Changes,['Thomas Rhett'],14,36.0,92.0,78.0,9,-10.5,4
Thomas Rhett,Look What God Gave Her,['Thomas Rhett'],20,32.0,52.0,71.0,13,-6.5,6
Thomas Rhett,Marry Me,['Thomas Rhett'],19,30.0,97.0,56.0,13,-5.2,5
Thomas Rhett,Remember You Young,['Thomas Rhett'],18,53.0,100.0,80.0,8,-3.0,9
Thomas Rhett,Sixteen,['Thomas Rhett'],15,42.0,91.0,69.0,7,-3.857142857142857,7
Thomas Rhett,Slow Down Summer,['Thomas Rhett'],17,43.0,81.0,89.0,21,-4.6,10
Thomas Rhett,Star Of The Show,['Thomas Rhett'],19,45.0,88.0,99.0,12,-9.0,6
Thomas Rhett,T-Shirt,['Thomas Rhett'],20,41.0,92.0,68.0,13,-4.5,6
Thomas Rhett,Unforgettable,['Thomas Rhett'],20,47.0,68.0,71.0,6,-1.8461538461538463,13
Thomas Rhett,What's Your Country Song,['Thomas Rhett'],21,29.0,85.0,46.0,17,-2.125,8
Thomas Rhett Featuring Jon Pardi,Beer Can't Fix,"['Thomas Rhett', 'Jon Pardi']",18,36.0,91.0,95.0,8,-6.555555555555555,9
Thomas Rhett Featuring Maren Morris,Craving You,"['Thomas Rhett', 'Maren Morris']",20,39.0,53.0,60.0,13,-3.5,6
Thomas Rhett Featuring Morgan Wallen,Mamaw's House,"['Thomas Rhett', 'Morgan Wallen']",15,55.0,55.0,98.0,0,-1.5925925925925926,27
"Thomas Rhett Featuring Reba McEntire, Hillary Scott, Chris Tomlin & Keith Urban",Be A Light,"['Thomas Rhett', 'Reba McEntire', 'Hillary Scott', 'Chris Tomlin', 'Keith Urban']",22,42.0,71.0,42.0,21,0.0,0
Thomas Rhett Featuring Riley Green,Half Of Me,"['Thomas Rhett', 'Riley Green']",20,52.0,92.0,74.0,10,-1.8333333333333333,12
Thomas Rhett Featuring Teddy Swims,Somethin' 'Bout A Woman,"['Thomas Rhett', 'Teddy Swims']",6,65.0,80.0,98.0,3,-16.5,2
Thurl Ravenscroft,"You're A Mean One, Mr. Grinch",['Thurl Ravenscroft'],16,31.0,49.0,39.0,156,-0.05128205128205128,156
Tiesto,The Business,['Tiesto'],14,69.0,96.0,91.0,3,-2.0,11
Tiesto & Ava Max,The Motto,"['Tiesto', 'Ava Max']",16,42.0,95.0,96.0,8,-7.714285714285714,7
Tiesto & Dzeko Featuring Preme & Post Malone,Jackie Chan,"['Tiesto', 'Dzeko', 'Preme', 'Post Malone']",19,52.0,88.0,100.0,9,-5.333333333333333,9
Tiesto Featuring Tate McRae,10:35,"['Tiesto', 'Tate McRae']",9,69.0,72.0,85.0,2,-2.6666666666666665,6
Tim McGraw,7500 OBO,['Tim McGraw'],8,66.0,99.0,80.0,6,-14.0,1
Tim McGraw,How I'll Always Be,['Tim McGraw'],12,70.0,99.0,70.0,10,0.0,1
Tim McGraw,Humble And Kind,['Tim McGraw'],20,30.0,95.0,52.0,10,-2.0,11
Tim McGraw,I Called Mama,['Tim McGraw'],12,53.0,99.0,91.0,14,-19.0,2
Tim McGraw,Standing Room Only,['Tim McGraw'],10,60.0,61.0,60.0,12,0.0,0
Tim McGraw,Top Of The World,['Tim McGraw'],4,76.0,76.0,79.0,0,-1.0,3
Tim McGraw & Faith Hill,Speak To A Girl,"['Tim McGraw', 'Faith Hill']",2,61.0,61.0,70.0,0,-9.0,1
Tim McGraw & Tyler Hubbard,Undivided,"['Tim McGraw', 'Tyler Hubbard']",2,76.0,76.0,100.0,0,-3.0,8
Tinashe,Nasty,['Tinashe'],16,61.0,90.0,98.0,3,-3.0833333333333335,12
Tito Double P,El Lokeron,['Tito Double P'],8,73.0,92.0,91.0,3,-4.5,4
Tito Double P,Nadie,['Tito Double P'],6,78.0,87.0,91.0,3,-4.333333333333333,3
Tito Double P,Rosones,['Tito Double P'],8,76.0,87.0,97.0,6,-7.0,3
Tito Double P,Tattoo,['Tito Double P'],8,72.0,85.0,97.0,1,-4.166666666666667,6
Tito Double P & Peso Pluma,Dos Dias,"['Tito Double P', 'Peso Pluma']",20,51.0,84.0,81.0,4,-2.0,15
Tommy Richman,Devil Is A Lie,['Tommy Richman'],13,32.0,47.0,98.0,2,-6.6,10
Tommy Richman,Million Dollar Baby,['Tommy Richman'],33,2.0,2.0,40.0,0,-1.0555555555555556,36
Tones And I,Dance Monkey,['Tones And I'],36,4.0,96.0,50.0,19,-2.875,16
Toosii,Favorite Song,['Toosii'],27,5.0,51.0,33.0,13,-2.1538461538461537,13
Topic & A7S,Breaking Me,"['Topic', 'A7S']",13,53.0,97.0,87.0,9,-8.5,4
Tori Kelly,Hollow,['Tori Kelly'],11,68.0,98.0,84.0,9,-16.0,1
Tory Lanez,Broke In A Minute,['Tory Lanez'],2,64.0,64.0,90.0,0,-26.0,1
Tory Lanez,Luv,['Tory Lanez'],22,19.0,96.0,46.0,10,-2.4545454545454546,11
Tory Lanez,Say It,['Tory Lanez'],16,23.0,28.0,42.0,5,-1.9,10
Tory Lanez,The Color Violet,['Tory Lanez'],9,63.0,87.0,99.0,3,-7.2,5
Tory Lanez & Rich The Kid,Talk To Me,"['Tory Lanez', 'Rich The Kid']",16,43.0,76.0,96.0,9,-8.833333333333334,6
Tory Lanez & T-Pain,Jerry Sprunger,"['Tory Lanez', 'T-Pain']",10,44.0,83.0,98.0,1,-4.5,12
Tove Lo,Cool Girl,['Tove Lo'],5,84.0,84.0,100.0,0,-1.3333333333333333,12
Train,Play That Song,['Train'],20,41.0,91.0,70.0,10,-2.9,10
Travis Denning,After A Few,['Travis Denning'],15,31.0,78.0,90.0,9,-11.8,5
Travis Scott,4X4,['Travis Scott'],4,1.0,1.0,96.0,0,-31.666666666666668,3
Travis Scott,5% Tint,['Travis Scott'],2,36.0,36.0,89.0,0,-53.0,1
Travis Scott,Antidote,['Travis Scott'],12,16.0,16.0,47.0,0,-2.8181818181818183,11
Travis Scott,Beibs In The Trap,['Travis Scott'],3,90.0,93.0,97.0,1,-7.0,1
Travis Scott,Butterfly Effect,['Travis Scott'],23,50.0,99.0,50.0,61,0.0,0
Travis Scott,Can't Say,['Travis Scott'],2,38.0,38.0,69.0,0,-31.0,1
Travis Scott,Carousel,['Travis Scott'],2,24.0,24.0,81.0,0,-57.0,1
Travis Scott,Dumbo,['Travis Scott'],2,54.0,54.0,75.0,0,-21.0,1
Travis Scott,Escape Plan,['Travis Scott'],3,11.0,11.0,97.0,0,-43.0,2
Travis Scott,God's Country,['Travis Scott'],2,28.0,28.0,89.0,0,-61.0,1
Travis Scott,Goosebumps,['Travis Scott'],35,32.0,92.0,49.0,34,-0.10967741935483871,155
Travis Scott,HIGHEST IN THE ROOM,['Travis Scott'],22,1.0,1.0,38.0,0,-1.2758620689655173,29
Travis Scott,Hyaena,['Travis Scott'],2,14.0,14.0,70.0,0,-56.0,1
Travis Scott,I Know ?,['Travis Scott'],22,11.0,11.0,37.0,0,-1.1304347826086956,23
Travis Scott,Kick Out,['Travis Scott'],2,50.0,50.0,64.0,0,-14.0,1
Travis Scott,My Eyes,['Travis Scott'],13,19.0,19.0,95.0,0,-2.375,32
Travis Scott,No Bystanders,['Travis Scott'],2,31.0,31.0,79.0,0,-48.0,1
Travis Scott,R.I.P Screw,['Travis Scott'],2,26.0,26.0,75.0,0,-49.0,1
Travis Scott,Sicko Mode,['Travis Scott'],52,1.0,4.0,50.0,16,-1.4,35
Travis Scott,Sirens,['Travis Scott'],2,27.0,27.0,87.0,0,-60.0,1
Travis Scott,Stargazing,['Travis Scott'],8,8.0,8.0,87.0,0,-11.285714285714286,7
Travis Scott,Stop Trying To Be God,['Travis Scott'],2,27.0,27.0,66.0,0,-39.0,1
Travis Scott,Thank God,['Travis Scott'],3,16.0,16.0,97.0,0,-40.5,2
Travis Scott,Wake Up,['Travis Scott'],7,30.0,30.0,100.0,0,-1.4285714285714286,49
Travis Scott,Yosemite,['Travis Scott'],18,25.0,25.0,89.0,0,-2.2857142857142856,28
Travis Scott & Beyonce,Delresto (Echoes),"['Travis Scott', 'Beyonce']",2,25.0,25.0,93.0,0,-68.0,1
Travis Scott & Don Toliver,Champain & Vacay,"['Travis Scott', 'Don Toliver']",2,53.0,53.0,87.0,0,-34.0,1
Travis Scott & HVME,Goosebumps,"['Travis Scott', 'HVME']",20,47.0,85.0,83.0,11,-4.5,8
Travis Scott Featuring Drake,Meltdown,"['Travis Scott', 'Drake']",19,3.0,3.0,94.0,0,-5.055555555555555,18
Travis Scott Featuring James Blake & 21 Savage,Til Further Notice,"['Travis Scott', 'James Blake', '21 Savage']",2,38.0,38.0,85.0,0,-47.0,1
Travis Scott Featuring Lil Uzi Vert & Kanye West,Watch,"['Travis Scott', 'Lil Uzi Vert', 'Kanye West']",5,16.0,16.0,87.0,0,-17.75,4
Travis Scott Featuring Playboi Carti,FE!N,"['Travis Scott', 'Playboi Carti']",32,5.0,5.0,61.0,0,-1.2444444444444445,45
Travis Scott Featuring Rob49 & 21 Savage,Topia Twins,"['Travis Scott', 'Rob49', '21 Savage']",4,17.0,17.0,96.0,0,-26.333333333333332,3
Travis Scott Featuring SZA & Future,Telekinesis,"['Travis Scott', 'SZA', 'Future']",11,26.0,26.0,98.0,0,-7.2,10
Travis Scott Featuring Teezo Touchdown,Modern Jam,"['Travis Scott', 'Teezo Touchdown']",2,23.0,23.0,71.0,0,-48.0,1
Travis Scott Featuring Young Thug,Skitzo,"['Travis Scott', 'Young Thug']",2,34.0,34.0,92.0,0,-58.0,1
Travis Scott Featuring Young Thug & M.I.A.,Franchise,"['Travis Scott', 'Young Thug', 'M.I.A.']",9,1.0,1.0,78.0,0,-9.625,8
"Travis Scott, Bad Bunny & The Weeknd",K-POP,"['Travis Scott', 'Bad Bunny', 'The Weeknd']",8,7.0,7.0,94.0,0,-12.428571428571429,7
Trevor Daniel,Falling,['Trevor Daniel'],38,17.0,75.0,48.0,29,-3.875,8
Trevor Daniel x Selena Gomez,Past Life,"['Trevor Daniel', 'Selena Gomez']",5,77.0,77.0,97.0,0,-2.857142857142857,7
Trey Lewis,Dicked Down In Dallas,['Trey Lewis'],2,65.0,65.0,75.0,0,-10.0,1
Trey Songz,Nobody Else But You,['Trey Songz'],3,92.0,99.0,97.0,1,-5.0,1
Trippie Redd,Love Me More,['Trippie Redd'],2,79.0,79.0,81.0,0,-0.6666666666666666,3
Trippie Redd,Taking A Walk,['Trippie Redd'],3,46.0,46.0,92.0,0,-23.0,2
Trippie Redd,Topanga,['Trippie Redd'],5,52.0,80.0,66.0,2,-7.0,2
Trippie Redd,Who Needs Love,['Trippie Redd'],2,58.0,58.0,82.0,0,-24.0,1
Trippie Redd & Juice WRLD,Knight Crawler,"['Trippie Redd', 'Juice WRLD']",2,52.0,52.0,93.0,0,-41.0,1
Trippie Redd & Playboi Carti,Miss The Rage,"['Trippie Redd', 'Playboi Carti']",11,11.0,11.0,79.0,0,-4.533333333333333,15
Trippie Redd Featuring DaBaby,Death,"['Trippie Redd', 'DaBaby']",7,59.0,97.0,91.0,1,-6.4,5
Trippie Redd Featuring Juice WRLD,1400 / 999 Freestyle,"['Trippie Redd', 'Juice WRLD']",3,55.0,55.0,72.0,0,-8.5,2
Trippie Redd Featuring Juice WRLD,Matt Hardy 999,"['Trippie Redd', 'Juice WRLD']",2,49.0,49.0,100.0,0,-51.0,1
Trippie Redd Featuring Juice WRLD & YNW Melly,6 Kiss,"['Trippie Redd', 'Juice WRLD', 'YNW Melly']",4,60.0,60.0,100.0,0,-13.333333333333334,3
Trippie Redd Featuring Lil Baby & Lil Duke,Mac 10,"['Trippie Redd', 'Lil Baby', 'Lil Duke']",2,64.0,64.0,89.0,0,-25.0,1
Trippie Redd Featuring Lil Uzi Vert,Holy Smokes,"['Trippie Redd', 'Lil Uzi Vert']",3,50.0,50.0,78.0,0,-5.6,5
Trippie Redd Featuring Travis Scott,Dark Knight Dummo,"['Trippie Redd', 'Travis Scott']",6,72.0,72.0,98.0,0,-1.8571428571428572,14
Troye Sivan,Rush,['Troye Sivan'],2,77.0,77.0,88.0,0,-11.0,1
Troye Sivan,Youth,['Troye Sivan'],18,23.0,85.0,100.0,6,-6.416666666666667,12
Tucker Beathard,Rock On,['Tucker Beathard'],10,62.0,98.0,91.0,7,-14.5,2
Tucker Wetmore,"3,2,1",['Tucker Wetmore'],7,69.0,97.0,69.0,31,0.0,0
Tucker Wetmore,Wind Up Missin' You,['Tucker Wetmore'],43,31.0,89.0,47.0,39,-5.333333333333333,3
Tucker Wetmore,Wine Into Whiskey,['Tucker Wetmore'],20,68.0,77.0,98.0,16,-3.75,8
Twenty One Pilots,Heathens,['Twenty One Pilots'],39,2.0,14.0,45.0,11,-1.5925925925925926,27
Twenty One Pilots,Jumpsuit,['Twenty One Pilots'],4,50.0,60.0,79.0,1,-2.4166666666666665,12
Twenty One Pilots,Level Of Concern,['Twenty One Pilots'],11,23.0,23.0,90.0,0,-6.7,10
Twenty One Pilots,Nico And The Niners,['Twenty One Pilots'],2,79.0,79.0,95.0,0,-1.3333333333333333,12
Twenty One Pilots,Ride,['Twenty One Pilots'],39,5.0,96.0,40.0,23,-2.3333333333333335,15
Twenty One Pilots,Stressed Out,['Twenty One Pilots'],40,2.0,19.0,38.0,8,-1.1612903225806452,31
Twice,Strategy,['Twice'],17,51.0,92.0,87.0,5,-3.272727272727273,11
Ty Dolla $ign Featuring E-40,Saved,"['Ty Dolla $ign', 'E-40']",9,81.0,93.0,87.0,7,-6.0,1
Ty Dolla $ign Featuring Future & Rae Sremmurd,Blase,"['Ty Dolla $ign', 'Future', 'Rae Sremmurd']",5,83.0,83.0,99.0,0,-4.0,4
Ty Myers,Thought It Was Love,['Ty Myers'],8,79.0,79.0,90.0,0,-1.2222222222222223,9
Tyga & Nicki Minaj,Dip,"['Tyga', 'Nicki Minaj']",8,63.0,83.0,99.0,1,-4.0,9
Tyga Featuring Offset,Taste,"['Tyga', 'Offset']",29,8.0,82.0,46.0,11,-2.235294117647059,17
Tyga X Doja Cat,Freaky Deaky,"['Tyga', 'Doja Cat']",16,43.0,43.0,82.0,0,-2.6,15
Tyla,Push 2 Start,['Tyla'],7,88.0,88.0,96.0,0,-0.8888888888888888,9
Tyla,Water,['Tyla'],29,7.0,67.0,26.0,13,-1.2666666666666666,15
Tyla Yaweh & Post Malone,Tommy Lee,"['Tyla Yaweh', 'Post Malone']",2,65.0,65.0,88.0,0,-23.0,1
Tyler Childers,In Your Love,['Tyler Childers'],10,43.0,43.0,88.0,0,-5.0,9
Tyler Hubbard,5 Foot 9,['Tyler Hubbard'],22,22.0,84.0,54.0,14,-4.571428571428571,7
Tyler Hubbard,Back Then Right Now,['Tyler Hubbard'],13,62.0,96.0,99.0,5,-4.625,8
Tyler Hubbard,Dancin' In The Country,['Tyler Hubbard'],23,23.0,100.0,38.0,15,-1.5,10
Tyler Hubbard,Park,['Tyler Hubbard'],2,84.0,84.0,96.0,0,-12.0,1
"Tyler, The Creator",Dogtooth,"['Tyler, The Creator']",4,33.0,81.0,78.0,1,-22.5,2
"Tyler, The Creator",Don't Tap That Glass / Tweakin',"['Tyler, The Creator']",2,56.0,56.0,99.0,0,-43.0,1
"Tyler, The Creator",EARFQUAKE,"['Tyler, The Creator']",15,13.0,13.0,96.0,0,-5.928571428571429,14
"Tyler, The Creator",Hey Jane,"['Tyler, The Creator']",2,33.0,33.0,61.0,0,-28.0,1
"Tyler, The Creator",I Hope You Find Your Way Home,"['Tyler, The Creator']",2,65.0,65.0,93.0,0,-28.0,1
"Tyler, The Creator",I Killed You,"['Tyler, The Creator']",2,46.0,46.0,65.0,0,-19.0,1
"Tyler, The Creator",Judge Judy,"['Tyler, The Creator']",3,40.0,40.0,90.0,0,-25.0,2
"Tyler, The Creator",Lumberjack,"['Tyler, The Creator']",2,45.0,93.0,45.0,1,0.0,0
"Tyler, The Creator",Mommanem,"['Tyler, The Creator']",2,54.0,54.0,97.0,0,-43.0,1
"Tyler, The Creator",Noid,"['Tyler, The Creator']",5,10.0,43.0,84.0,1,-24.666666666666668,3
"Tyler, The Creator",Rah Tah Tah,"['Tyler, The Creator']",4,16.0,16.0,70.0,0,-18.0,3
"Tyler, The Creator",Ring Ring Ring,"['Tyler, The Creator']",6,44.0,44.0,96.0,0,-10.4,5
"Tyler, The Creator",Sorry Not Sorry,"['Tyler, The Creator']",2,48.0,48.0,82.0,0,-34.0,1
"Tyler, The Creator",Stop Playing With Me,"['Tyler, The Creator']",2,51.0,51.0,95.0,0,-44.0,1
"Tyler, The Creator",Sucka Free,"['Tyler, The Creator']",2,48.0,48.0,73.0,0,-25.0,1
"Tyler, The Creator",Sugar On My Tongue,"['Tyler, The Creator']",22,41.0,41.0,96.0,0,-2.619047619047619,21
"Tyler, The Creator",Tomorrow,"['Tyler, The Creator']",2,53.0,53.0,73.0,0,-20.0,1
"Tyler, The Creator Featuring Daniel Caesar",St. Chroma,"['Tyler, The Creator', 'Daniel Caesar']",9,7.0,7.0,99.0,0,-10.222222222222221,9
"Tyler, The Creator Featuring Daniel Caesar & Latoiya Williams",Take Your Mask Off,"['Tyler, The Creator', 'Daniel Caesar', 'Latoiya Williams']",3,42.0,42.0,94.0,0,-26.0,2
"Tyler, The Creator Featuring Doechii",Balloon,"['Tyler, The Creator', 'Doechii']",4,56.0,56.0,99.0,0,-14.333333333333334,3
"Tyler, The Creator Featuring GloRilla, Sexyy Red & Lil Wayne",Sticky,"['Tyler, The Creator', 'GloRilla', 'Sexyy Red', 'Lil Wayne']",20,10.0,14.0,58.0,1,-2.6666666666666665,18
"Tyler, The Creator Featuring Kali Uchis",See You Again,"['Tyler, The Creator', 'Kali Uchis']",20,44.0,65.0,90.0,2,-2.5555555555555554,18
"Tyler, The Creator Featuring Lil Uzi Vert & Pharrell Williams",Juggernaut,"['Tyler, The Creator', 'Lil Uzi Vert', 'Pharrell Williams']",2,40.0,40.0,99.0,0,-59.0,1
"Tyler, The Creator Featuring Lola Young",Like Him,"['Tyler, The Creator', 'Lola Young']",28,29.0,45.0,77.0,1,-1.8461538461538463,26
"Tyler, The Creator Featuring Madison McFerrin",Don't You Worry Baby,"['Tyler, The Creator', 'Madison McFerrin']",2,59.0,59.0,82.0,0,-23.0,1
"Tyler, The Creator Featuring ScHoolboy Q & Santigold",Thought I Was Dead,"['Tyler, The Creator', 'ScHoolboy Q', 'Santigold']",4,32.0,32.0,75.0,0,-14.333333333333334,3
"Tyler, The Creator Featuring Sk8brd",Big Poe,"['Tyler, The Creator', 'Sk8brd']",2,33.0,33.0,59.0,0,-26.0,1
"Tyler, The Creator Featuring Teezo Touchdown","Darling, I","['Tyler, The Creator', 'Teezo Touchdown']",5,15.0,15.0,83.0,0,-17.0,4
"Tyler, The Creator Featuring Yebba",I'll Take Care Of You,"['Tyler, The Creator', 'Yebba']",2,55.0,55.0,66.0,0,-11.0,1
"Tyler, The Creator Featuring YoungBoy Never Broke Again & Ty Dolla $ign",WUSYANAME,"['Tyler, The Creator', 'YoungBoy Never Broke Again', 'Ty Dolla $ign']",7,14.0,14.0,92.0,0,-11.142857142857142,7
Ugly God,Water,['Ugly God'],4,80.0,100.0,99.0,2,-19.0,1
Usher Featuring Lil Jon & Ludacris,Yeah!,"['Usher', 'Lil Jon', 'Ludacris']",2,20.0,20.0,47.0,0,-27.0,1
Usher Featuring Young Thug,No Limit,"['Usher', 'Young Thug']",20,32.0,80.0,69.0,12,-5.285714285714286,7
"Usher, Summer Walker & 21 Savage",Good Good,"['Usher', 'Summer Walker', '21 Savage']",28,25.0,68.0,49.0,11,-1.411764705882353,17
VEDO,You Got It,['VEDO'],16,75.0,95.0,95.0,25,-3.3333333333333335,6
Victoria Monet,On My Mama,['Victoria Monet'],25,33.0,98.0,41.0,23,-2.0,4
Vince Guaraldi Trio,Christmastime Is Here,['Vince Guaraldi Trio'],10,31.0,48.0,36.0,157,-0.09803921568627451,51
Vince Guaraldi Trio,Linus And Lucy (Peanuts Theme),['Vince Guaraldi Trio'],3,37.0,37.0,50.0,0,-0.06280193236714976,207
Wale,My PYT,['Wale'],15,54.0,94.0,92.0,7,-5.428571428571429,7
Wale Featuring J. Cole,Poke It Out,"['Wale', 'J. Cole']",8,73.0,79.0,73.0,10,0.0,0
Wale Featuring Jeremih,On Chill,"['Wale', 'Jeremih']",23,22.0,86.0,46.0,9,-1.8461538461538463,13
Walk the Moon,One Foot,['Walk the Moon'],8,65.0,80.0,98.0,5,-16.5,2
Walker Hayes,AA,['Walker Hayes'],24,28.0,87.0,48.0,16,-2.5,8
Walker Hayes,Fancy Like,['Walker Hayes'],45,3.0,51.0,45.0,15,-1.4482758620689655,29
Walker Hayes,You Broke Up With Me,['Walker Hayes'],18,62.0,96.0,74.0,15,-4.0,3
Warren Zeiders,Pretty Little Poison,['Warren Zeiders'],28,19.0,86.0,39.0,27,-5.0,4
Weezer,Africa,['Weezer'],15,51.0,89.0,96.0,14,-7.5,6
Wham!,Last Christmas,['Wham!'],51,2.0,50.0,4.0,466,-1.0,2
WhoHeem,Lets Link,['WhoHeem'],3,86.0,90.0,96.0,1,-10.0,1
William Michael Morgan,I Met A Girl,['William Michael Morgan'],9,60.0,99.0,94.0,5,-11.333333333333334,3
Willow Featuring Travis Barker,transparentsoul,"['Willow', 'Travis Barker']",6,76.0,87.0,92.0,1,-4.0,4
Wisin Featuring Ozuna,Escapate Conmigo,"['Wisin', 'Ozuna']",20,63.0,89.0,76.0,10,-1.4444444444444444,9
Wiz Khalifa Featuring Charlie Puth,See You Again,"['Wiz Khalifa', 'Charlie Puth']",12,30.0,42.0,49.0,2,-2.111111111111111,9
Wiz Khalifa Featuring Swae Lee,Hopeless Romantic,"['Wiz Khalifa', 'Swae Lee']",7,72.0,72.0,98.0,0,-2.6,10
Wiz Khalifa Featuring Travi$ Scott,Bake Sale,"['Wiz Khalifa', 'Travi$ Scott']",2,56.0,56.0,74.0,0,-9.0,2
Wizkid Featuring Justin Bieber & Tems,Essence,"['Wizkid', 'Justin Bieber', 'Tems']",35,9.0,82.0,39.0,14,-1.4285714285714286,21
X Ambassadors,Unsteady,['X Ambassadors'],34,20.0,99.0,39.0,27,-3.1666666666666665,6
XXXTENTACION,BAD!,['XXXTENTACION'],11,16.0,16.0,97.0,0,-7.363636363636363,11
XXXTENTACION,Changes,['XXXTENTACION'],20,18.0,47.0,78.0,15,-6.0,10
XXXTENTACION,Everybody Dies In Their Nightmares,['XXXTENTACION'],7,42.0,54.0,91.0,41,-24.5,2
XXXTENTACION,Hope,['XXXTENTACION'],2,70.0,80.0,70.0,1,0.0,0
XXXTENTACION,Jocelyn Flores,['XXXTENTACION'],20,19.0,31.0,62.0,41,-14.333333333333334,3
XXXTENTACION,Look At Me!,['XXXTENTACION'],20,34.0,95.0,60.0,8,-2.3636363636363638,11
XXXTENTACION,Moonlight,['XXXTENTACION'],20,13.0,35.0,47.0,14,-3.7777777777777777,9
XXXTENTACION,Numb,['XXXTENTACION'],3,80.0,82.0,80.0,14,0.0,0
XXXTENTACION,Revenge,['XXXTENTACION'],2,77.0,77.0,96.0,0,-19.0,1
XXXTENTACION,Sad!,['XXXTENTACION'],38,1.0,17.0,46.0,15,-2.0454545454545454,22
XXXTENTACION,The Remedy For A Broken Heart (Why Am I So In Love),['XXXTENTACION'],5,55.0,67.0,98.0,14,-43.0,1
XXXTENTACION,whoa (mind in awe),['XXXTENTACION'],3,37.0,37.0,96.0,0,-19.666666666666668,3
XXXTENTACION Featuring Trippie Redd,F**k Love,"['XXXTENTACION', 'Trippie Redd']",20,28.0,41.0,34.0,41,-6.0,1
XXXTENTACION x Lil Pump Featuring Maluma & Swae Lee,Arms Around You,"['XXXTENTACION', 'Lil Pump', 'Maluma', 'Swae Lee']",17,28.0,28.0,98.0,0,-4.375,16
Xavi,Corazon de Piedra,['Xavi'],4,73.0,73.0,87.0,0,-4.666666666666667,3
Xavi,La Diabla,['Xavi'],20,20.0,76.0,84.0,5,-4.571428571428571,14
Xavi,La Victima,['Xavi'],15,46.0,91.0,96.0,5,-5.555555555555555,9
Y2K & bbno$,Lalala,"['Y2K', 'bbno$']",21,55.0,84.0,83.0,9,-2.3333333333333335,12
YBN Nahmir,Rubbin Off The Paint,['YBN Nahmir'],16,46.0,79.0,96.0,3,-3.125,16
YBN Nahmir Featuring 21 Savage,Opp Stoppa,"['YBN Nahmir', '21 Savage']",6,78.0,97.0,95.0,4,-5.666666666666667,3
YG,Toxic,['YG'],2,81.0,81.0,94.0,0,-13.0,1
"YG Featuring 2 Chainz, Big Sean & Nicki Minaj",Big Bank,"['YG', '2 Chainz', 'Big Sean', 'Nicki Minaj']",24,16.0,66.0,49.0,10,-2.357142857142857,14
YG Featuring A$AP Rocky,Handgun,"['YG', 'A$AP Rocky']",2,98.0,99.0,98.0,1,0.0,0
YG Featuring Drake & Kamaiyah,Why You Always Hatin?,"['YG', 'Drake', 'Kamaiyah']",18,62.0,92.0,91.0,9,-3.2222222222222223,9
YG Marley,Praise Jah In The Moonlight,['YG Marley'],13,34.0,74.0,94.0,4,-7.5,8
"YG, Tyga & Jon Z",Go Loko,"['YG', 'Tyga', 'Jon Z']",19,49.0,71.0,98.0,6,-4.083333333333333,12
YK Osiris,Worth It,['YK Osiris'],25,48.0,87.0,48.0,24,0.0,0
YNW Melly,Murder On My Mind,['YNW Melly'],20,14.0,95.0,69.0,4,-3.6666666666666665,15
YNW Melly & 9lokknine,223's,"['YNW Melly', '9lokknine']",19,34.0,87.0,98.0,3,-4.266666666666667,15
YNW Melly & Juice WRLD,Suicidal,"['YNW Melly', 'Juice WRLD']",20,20.0,64.0,47.0,16,-6.75,4
YNW Melly Featuring Kanye West,Mixed Personalities,"['YNW Melly', 'Kanye West']",18,42.0,71.0,98.0,9,-6.222222222222222,9
Yahritza y Su Esencia,Soy El Unico,['Yahritza y Su Esencia'],5,20.0,20.0,90.0,0,-17.5,4
Yahritza y Su Esencia x Grupo Frontera,Fragil,"['Yahritza y Su Esencia', 'Grupo Frontera']",16,69.0,82.0,76.0,3,-0.5833333333333334,12
Yandel & Feid,Yandel 150,"['Yandel', 'Feid']",17,71.0,96.0,97.0,6,-2.1666666666666665,12
Yeat,Breathe,['Yeat'],6,42.0,42.0,85.0,0,-8.6,5
Yeat,Come N Go,['Yeat'],2,93.0,93.0,96.0,0,-3.0,1
Yeat,Money So Big,['Yeat'],4,95.0,95.0,97.0,0,-0.5,4
Yeat,Talk,['Yeat'],5,42.0,42.0,100.0,0,-14.5,4
Yella Beezy,That's On Me,['Yella Beezy'],20,56.0,92.0,92.0,16,-12.0,3
"Yella Beezy, Gucci Mane & Quavo",Bacc At It Again,"['Yella Beezy', 'Gucci Mane', 'Quavo']",6,78.0,94.0,98.0,4,-20.0,1
Yfn Lucci Featuring Migos & Trouble,Key To The Streets,"['Yfn Lucci', 'Migos', 'Trouble']",11,70.0,87.0,97.0,4,-2.4545454545454546,11
Yfn Lucci Featuring PnB Rock,Everyday We Lit,"['Yfn Lucci', 'PnB Rock']",20,33.0,79.0,43.0,14,-2.0,5
Yng Lvcas x Peso Pluma,La Bebe,"['Yng Lvcas', 'Peso Pluma']",23,11.0,77.0,39.0,5,-1.6470588235294117,17
Yo Gotti,Juice,['Yo Gotti'],5,90.0,93.0,100.0,3,-10.0,1
Yo Gotti Featuring E-40,Law,"['Yo Gotti', 'E-40']",9,79.0,85.0,94.0,4,-3.75,4
Yo Gotti Featuring Lil Baby,Put A Date On It,"['Yo Gotti', 'Lil Baby']",20,46.0,65.0,79.0,8,-3.0,11
Yo Gotti Featuring Nicki Minaj,Down In The DM,"['Yo Gotti', 'Nicki Minaj']",19,13.0,57.0,40.0,10,-3.375,8
Yo Gotti Featuring Nicki Minaj,Rake It Up,"['Yo Gotti', 'Nicki Minaj']",22,8.0,78.0,34.0,11,-2.6,10
Young Greatness,Moolah,['Young Greatness'],9,85.0,95.0,98.0,3,-1.8571428571428572,7
Young M.A,OOOUUU,['Young M.A'],20,19.0,85.0,39.0,9,-2.0,10
Young Nudy Featuring 21 Savage,Peaches & Eggplants,"['Young Nudy', '21 Savage']",20,33.0,92.0,72.0,14,-7.8,5
Young T & Bugsey Featuring Headie One,Don't Rush,"['Young T', 'Bugsey', 'Headie One']",14,56.0,100.0,85.0,6,-3.625,8
Young Thug,Best Friend,['Young Thug'],17,45.0,78.0,76.0,5,-2.8181818181818183,11
Young Thug & Gunna,Ski,"['Young Thug', 'Gunna']",15,18.0,18.0,91.0,0,-5.214285714285714,14
Young Thug & Gunna Featuring Drake,Solid,"['Young Thug', 'Gunna', 'Drake']",7,12.0,12.0,84.0,0,-12.0,6
Young Thug And Travis Scott Featuring Quavo,Pick Up The Phone,"['Young Thug', 'Travis Scott', 'Quavo']",20,43.0,90.0,65.0,3,-1.375,16
Young Thug Featuring Drake,Oh U Went,"['Young Thug', 'Drake']",15,19.0,19.0,74.0,0,-3.9285714285714284,14
Young Thug Featuring Future,Money On Money,"['Young Thug', 'Future']",3,39.0,39.0,98.0,0,-29.5,2
Young Thug Featuring Future,Relationship,"['Young Thug', 'Future']",14,65.0,83.0,81.0,17,-3.2,5
Young Thug Featuring Gunna,Hot,"['Young Thug', 'Gunna']",26,11.0,26.0,46.0,11,-2.5,14
Young Thug Featuring Gunna & Lil Baby,Chanel (Go Get It),"['Young Thug', 'Gunna', 'Lil Baby']",4,78.0,78.0,94.0,0,-2.0,8
Young Thug Featuring Lil Baby,Bad Bad Bad,"['Young Thug', 'Lil Baby']",9,32.0,32.0,99.0,0,-8.375,8
Young Thug With Drake & Travis Scott,Bubbly,"['Young Thug', 'Drake', 'Travis Scott']",12,20.0,20.0,78.0,0,-5.2727272727272725,11
"Young Thug, J. Cole & Travis Scott",The London,"['Young Thug', 'J. Cole', 'Travis Scott']",20,12.0,12.0,57.0,0,-2.3684210526315788,19
YoungBoy Never Broke Again,All In,['YoungBoy Never Broke Again'],3,67.0,90.0,67.0,3,0.0,0
YoungBoy Never Broke Again,Bad Morning,['YoungBoy Never Broke Again'],3,28.0,28.0,100.0,0,-36.0,2
YoungBoy Never Broke Again,Bring The Hook,['YoungBoy Never Broke Again'],2,61.0,61.0,64.0,0,-3.0,1
YoungBoy Never Broke Again,Carter Son,['YoungBoy Never Broke Again'],2,62.0,62.0,92.0,0,-30.0,1
YoungBoy Never Broke Again,Diamond Teeth Samurai,['YoungBoy Never Broke Again'],5,59.0,59.0,94.0,0,-8.75,4
YoungBoy Never Broke Again,Drug Addiction,['YoungBoy Never Broke Again'],2,44.0,44.0,97.0,0,-53.0,1
YoungBoy Never Broke Again,Fish Scale,['YoungBoy Never Broke Again'],3,68.0,82.0,99.0,1,-31.0,1
YoungBoy Never Broke Again,Hot Now,['YoungBoy Never Broke Again'],5,66.0,66.0,88.0,0,-5.5,4
YoungBoy Never Broke Again,I Hate YoungBoy,['YoungBoy Never Broke Again'],4,79.0,79.0,84.0,0,-1.0,5
YoungBoy Never Broke Again,In Control,['YoungBoy Never Broke Again'],2,73.0,73.0,86.0,0,-13.0,1
YoungBoy Never Broke Again,Kacey Talk,['YoungBoy Never Broke Again'],16,50.0,58.0,98.0,4,-2.526315789473684,19
YoungBoy Never Broke Again,Life Support,['YoungBoy Never Broke Again'],5,48.0,63.0,93.0,2,-22.5,2
YoungBoy Never Broke Again,Lil Top,['YoungBoy Never Broke Again'],2,28.0,28.0,73.0,0,-45.0,1
YoungBoy Never Broke Again,Lonely Child,['YoungBoy Never Broke Again'],7,44.0,44.0,97.0,0,-8.833333333333334,6
YoungBoy Never Broke Again,Make No Sense,['YoungBoy Never Broke Again'],20,57.0,57.0,83.0,0,-1.0833333333333333,24
YoungBoy Never Broke Again,Nevada,['YoungBoy Never Broke Again'],4,58.0,58.0,100.0,0,-10.5,4
YoungBoy Never Broke Again,No Smoke,['YoungBoy Never Broke Again'],17,61.0,96.0,87.0,8,-2.6,10
YoungBoy Never Broke Again,No Switch,['YoungBoy Never Broke Again'],2,58.0,58.0,83.0,0,-25.0,1
YoungBoy Never Broke Again,No Where,['YoungBoy Never Broke Again'],2,40.0,40.0,100.0,0,-60.0,1
YoungBoy Never Broke Again,On My Side,['YoungBoy Never Broke Again'],2,37.0,71.0,37.0,1,0.0,0
YoungBoy Never Broke Again,Outside Today,['YoungBoy Never Broke Again'],19,31.0,71.0,97.0,7,-6.0,11
YoungBoy Never Broke Again,Overdose,['YoungBoy Never Broke Again'],9,42.0,77.0,91.0,3,-9.8,5
YoungBoy Never Broke Again,Put It On Me,['YoungBoy Never Broke Again'],5,63.0,66.0,93.0,1,-10.0,3
YoungBoy Never Broke Again,Rich As Hell,['YoungBoy Never Broke Again'],2,79.0,100.0,79.0,1,0.0,0
YoungBoy Never Broke Again,Self Control,['YoungBoy Never Broke Again'],11,50.0,68.0,94.0,5,-8.8,5
YoungBoy Never Broke Again,Shot Callin,['YoungBoy Never Broke Again'],14,43.0,90.0,72.0,5,-3.625,8
YoungBoy Never Broke Again,Untouchable,['YoungBoy Never Broke Again'],2,95.0,95.0,96.0,0,-1.0,1
YoungBoy Never Broke Again,Valuable Pain,['YoungBoy Never Broke Again'],2,87.0,87.0,90.0,0,-3.0,1
YoungBoy Never Broke Again,Vette Motors,['YoungBoy Never Broke Again'],3,62.0,94.0,98.0,2,-18.0,2
YoungBoy Never Broke Again & Mellow Rackz,What You Is,"['YoungBoy Never Broke Again', 'Mellow Rackz']",7,75.0,92.0,99.0,2,-4.8,5
YoungBoy Never Broke Again Featuring Kevin Gates & Quando Rondo,I Am Who They Say I Am,"['YoungBoy Never Broke Again', 'Kevin Gates', 'Quando Rondo']",2,69.0,69.0,87.0,0,-18.0,1
YoungBoy Never Broke Again Featuring Lil Wayne,My Window,"['YoungBoy Never Broke Again', 'Lil Wayne']",2,35.0,35.0,89.0,0,-54.0,1
Yung Bleu & Kehlani,Beautiful Lies,"['Yung Bleu', 'Kehlani']",10,65.0,91.0,100.0,5,-8.75,4
Yung Bleu Featuring Drake,You're Mines Still,"['Yung Bleu', 'Drake']",23,18.0,52.0,44.0,21,-3.25,8
"Yung Bleu, Chris Brown & 2 Chainz",Baddest,"['Yung Bleu', 'Chris Brown', '2 Chainz']",20,56.0,87.0,93.0,9,-2.3125,16
Yung Gravy,Betty (Get Money),['Yung Gravy'],17,30.0,68.0,94.0,9,-9.142857142857142,7
ZAYN,Like I Would,['ZAYN'],3,55.0,55.0,73.0,0,-9.0,2
ZAYN,Pillowtalk,['ZAYN'],24,1.0,1.0,48.0,0,-2.0434782608695654,23
ZAYN / Taylor Swift,I Don't Wanna Live Forever (Fifty Shades Darker),"['ZAYN', 'Taylor Swift']",23,2.0,6.0,48.0,9,-3.5384615384615383,13
ZAYN Featuring PARTYNEXTDOOR,Still Got Time,"['ZAYN', 'PARTYNEXTDOOR']",3,66.0,66.0,81.0,0,-3.75,4
ZAYN Featuring Sia,Dusk Till Dawn,"['ZAYN', 'Sia']",16,44.0,44.0,94.0,0,-3.3333333333333335,15
Zac Brown Band,Beautiful Drug,['Zac Brown Band'],17,52.0,96.0,94.0,13,-14.0,3
Zac Brown Band,Castaway,['Zac Brown Band'],2,96.0,100.0,96.0,3,0.0,0
Zac Brown Band,My Old Man,['Zac Brown Band'],4,68.0,68.0,88.0,0,-1.0526315789473684,19
Zac Brown Band,Out In The Middle,['Zac Brown Band'],6,86.0,95.0,88.0,1,-0.13333333333333333,15
Zac Brown Band,Same Boat,['Zac Brown Band'],17,48.0,98.0,96.0,6,-4.363636363636363,11
Zac Efron & Zendaya,Rewrite The Stars,"['Zac Efron', 'Zendaya']",7,70.0,85.0,100.0,2,-7.5,4
Zach Bryan,28,['Zach Bryan'],20,14.0,14.0,92.0,0,-4.105263157894737,19
Zach Bryan,American Nights,['Zach Bryan'],9,21.0,21.0,100.0,0,-8.777777777777779,9
Zach Bryan,Bass Boat,['Zach Bryan'],2,61.0,61.0,96.0,0,-35.0,1
Zach Bryan,Blue Jean Baby,['Zach Bryan'],2,73.0,73.0,80.0,0,-7.0,1
Zach Bryan,"Burn, Burn, Burn",['Zach Bryan'],3,93.0,100.0,93.0,68,0.0,0
Zach Bryan,East Side Of Sorrow,['Zach Bryan'],6,18.0,18.0,99.0,0,-16.2,5
Zach Bryan,El Dorado,['Zach Bryan'],3,31.0,31.0,76.0,0,-22.5,2
Zach Bryan,Fear And Friday's,['Zach Bryan'],3,24.0,24.0,75.0,0,-25.5,2
Zach Bryan,High Road,['Zach Bryan'],5,29.0,29.0,97.0,0,-9.714285714285714,7
Zach Bryan,Jake's Piano - Long Island,['Zach Bryan'],2,41.0,41.0,78.0,0,-37.0,1
Zach Bryan,Oak Island,['Zach Bryan'],2,48.0,48.0,95.0,0,-47.0,1
Zach Bryan,Oklahoma Smokeshow,['Zach Bryan'],20,72.0,98.0,79.0,67,-0.7777777777777778,9
Zach Bryan,Oklahoman Son,['Zach Bryan'],2,47.0,47.0,88.0,0,-41.0,1
Zach Bryan,Overtime,['Zach Bryan'],3,22.0,22.0,86.0,0,-32.0,2
Zach Bryan,Pink Skies,['Zach Bryan'],25,6.0,6.0,33.0,0,-1.125,24
Zach Bryan,River Washed Hair,['Zach Bryan'],4,53.0,53.0,98.0,0,-15.0,3
Zach Bryan,Smaller Acts,['Zach Bryan'],3,38.0,38.0,92.0,0,-27.0,2
Zach Bryan,Something In The Orange,['Zach Bryan'],66,10.0,55.0,21.0,37,-0.39285714285714285,28
Zach Bryan,Summertime's Close,['Zach Bryan'],3,23.0,23.0,82.0,0,-29.5,2
Zach Bryan,Ticking,['Zach Bryan'],3,29.0,29.0,81.0,0,-26.0,2
Zach Bryan,Tourniquet,['Zach Bryan'],12,20.0,20.0,97.0,0,-2.6551724137931036,29
Zach Bryan,Tradesman,['Zach Bryan'],2,44.0,44.0,82.0,0,-38.0,1
Zach Bryan & Noeline Hofmann,Purple Gas,"['Zach Bryan', 'Noeline Hofmann']",2,69.0,70.0,69.0,4,0.0,0
Zach Bryan Featuring Bon Iver,Boys Of Faith,"['Zach Bryan', 'Bon Iver']",2,26.0,26.0,82.0,0,-56.0,1
Zach Bryan Featuring Bruce Springsteen,Sandpaper,"['Zach Bryan', 'Bruce Springsteen']",2,71.0,71.0,100.0,0,-29.0,1
Zach Bryan Featuring Gabriella Rose,Madeline,"['Zach Bryan', 'Gabriella Rose']",2,62.0,62.0,96.0,0,-34.0,1
Zach Bryan Featuring John Mayer,Better Days,"['Zach Bryan', 'John Mayer']",4,46.0,46.0,97.0,0,-17.0,3
Zach Bryan Featuring Kacey Musgraves,I Remember Everything,"['Zach Bryan', 'Kacey Musgraves']",52,1.0,1.0,21.0,0,-0.39215686274509803,51
Zach Bryan Featuring Maggie Rogers,Dawns,"['Zach Bryan', 'Maggie Rogers']",20,42.0,42.0,83.0,0,-1.28125,32
Zach Bryan Featuring Noah Kahan,Sarah's Place,"['Zach Bryan', 'Noah Kahan']",4,14.0,14.0,100.0,0,-14.333333333333334,6
Zach Bryan Featuring Sierra Ferrell,Holy Roller,"['Zach Bryan', 'Sierra Ferrell']",3,37.0,37.0,90.0,0,-26.5,2
Zach Bryan Featuring The Lumineers,Spotless,"['Zach Bryan', 'The Lumineers']",6,17.0,17.0,91.0,0,-14.8,5
Zach Bryan Featuring The War And Treaty,Hey Driver,"['Zach Bryan', 'The War And Treaty']",20,14.0,14.0,57.0,0,-2.263157894736842,19
Zach Top,Good Times & Tan Lines,['Zach Top'],2,75.0,75.0,94.0,0,-19.0,1
Zach Top,I Never Lie,['Zach Top'],34,24.0,95.0,31.0,33,-7.0,1
Zara Larsson,Ain't My Fault,['Zara Larsson'],7,76.0,85.0,76.0,6,0.0,0
Zara Larsson,Lush Life,['Zara Larsson'],3,75.0,97.0,75.0,3,0.0,0
Zara Larsson,Ruin My Life,['Zara Larsson'],7,76.0,86.0,86.0,1,-2.0,5
Zara Larsson & MNEK,Never Forget You,"['Zara Larsson', 'MNEK']",23,13.0,83.0,49.0,13,-4.0,9
Zay Hilfigerrr & Zayion McCall,Juju On That Beat (TZ Anthem),"['Zay Hilfigerrr', 'Zayion McCall']",21,5.0,57.0,48.0,9,-3.5833333333333335,12
Zedd & Alessia Cara,Stay,"['Zedd', 'Alessia Cara']",31,7.0,28.0,47.0,7,-1.7391304347826086,23
"Zedd, Maren Morris & Grey",The Middle,"['Zedd', 'Maren Morris', 'Grey']",40,5.0,23.0,46.0,11,-1.4642857142857142,28
Zendaya Featuring Chris Brown,Something New,"['Zendaya', 'Chris Brown']",3,93.0,96.0,97.0,1,-4.0,1
blink-182,Bored To Death,['blink-182'],2,85.0,85.0,92.0,0,-7.0,1
blink-182,One More Time,['blink-182'],2,62.0,62.0,92.0,0,-7.5,4
d4vd,Feel It,['d4vd'],11,75.0,94.0,100.0,54,-6.25,4
d4vd,Here With Me,['d4vd'],10,60.0,88.0,98.0,3,-4.75,8
d4vd,Romantic Homicide,['d4vd'],21,33.0,77.0,38.0,4,-0.03225806451612903,155
iLoveMemphis,Hit The Quan,['iLoveMemphis'],3,34.0,52.0,37.0,1,-3.0,1
lovelytheband,Broken,['lovelytheband'],22,29.0,84.0,45.0,15,-2.6666666666666665,6
sombr,12 To 12,['sombr'],18,41.0,95.0,79.0,6,-2.923076923076923,13
sombr,Back To Friends,['sombr'],38,10.0,90.0,30.0,32,-4.0,5
sombr,Undressed,['sombr'],27,16.0,96.0,37.0,24,-10.5,2
"¥$: Kanye West & Ty Dolla $ign Featuring Playboi Carti, Kodak Black & Don Toliver",Field Trip,"['¥$', 'Kanye West', 'Ty Dolla $ign', 'Playboi Carti', 'Kodak Black', 'Don Toliver']",2,48.0,48.0,68.0,0,-20.0,1
¥$: Ye & Ty Dolla $ign,Back To Me,"['¥$', 'Ye', 'Ty Dolla $ign']",3,26.0,26.0,97.0,0,-35.5,2
¥$: Ye & Ty Dolla $ign,Burn,"['¥$', 'Ye', 'Ty Dolla $ign']",5,33.0,33.0,91.0,0,-14.5,4
¥$: Ye & Ty Dolla $ign,Do It,"['¥$', 'Ye', 'Ty Dolla $ign']",2,52.0,52.0,94.0,0,-42.0,1
¥$: Ye & Ty Dolla $ign,Fuk Sumn,"['¥$', 'Ye', 'Ty Dolla $ign']",5,23.0,23.0,100.0,0,-19.25,4
¥$: Ye & Ty Dolla $ign Featuring Lil Durk & Bump J,Vultures,"['¥$', 'Ye', 'Ty Dolla $ign', 'Lil Durk', 'Bump J']",2,34.0,34.0,85.0,0,-51.0,1
¥$: Ye & Ty Dolla $ign Featuring North West,Talking,"['¥$', 'Ye', 'Ty Dolla $ign', 'North West']",2,30.0,30.0,96.0,0,-66.0,1
¥$: Ye & Ty Dolla $ign Featuring Rich The Kid & Playboi Carti,Carnival,"['¥$', 'Ye', 'Ty Dolla $ign', 'Rich The Kid', 'Playboi Carti']",19,1.0,3.0,99.0,3,-6.533333333333333,15
