chart_date,rank,title,artist,weeks_on_chart,peak_position,last_position,is_new
2018-06-23,1,Nice For What,Drake,10,1,2,False
2018-06-23,2,Psycho,Post Malone Featuring Ty Dolla $ign,16,1,1,False
2018-06-23,3,I Like It,"Cardi B, Bad Bunny & J Balvin",10,3,3,False
2018-06-23,4,God's Plan,Drake,21,1,5,False
2018-06-23,5,Girls Like You,Maroon 5 Featuring Cardi B,3,4,4,False
2018-06-23,6,Lucid Dreams,Juice WRLD,5,6,9,False
2018-06-23,7,Boo'd Up,Ella Mai,11,6,6,False
2018-06-23,8,The Middle,"Zedd, Maren Morris & Grey",20,5,10,False
2018-06-23,9,No Tears Left To Cry,Ariana Grande,8,3,13,False
2018-06-23,10,Meant To Be,Bebe Rexha & Florida Georgia Line,34,2,12,False
2018-06-23,11,Yes Indeed,Lil Baby & Drake,5,6,15,False
2018-06-23,12,This Is America,Childish Gambino,6,1,7,False
2018-06-23,13,Friends,Marshmello & Anne-Marie,18,11,14,False
2018-06-23,14,Walk It Talk It,Migos Featuring Drake,20,10,17,False
2018-06-23,15,Mine,Bazzi,21,11,23,False
2018-06-23,16,In My Blood,Shawn Mendes,13,11,20,False
2018-06-23,17,Perfect,Ed Sheeran,42,1,21,False
2018-06-23,18,Look Alive,BlocBoy JB Featuring Drake,18,5,19,False
2018-06-23,19,Never Be The Same,Camila Cabello,26,6,18,False
2018-06-23,20,Better Now,Post Malone,7,7,34,False
2018-06-23,21,Whatever It Takes,Imagine Dragons,20,12,22,False
2018-06-23,22,Back To You,Selena Gomez,5,22,31,False
2018-06-23,23,Be Careful,Cardi B,11,11,25,False
2018-06-23,24,Rockstar,Post Malone Featuring 21 Savage,39,1,29,False
2018-06-23,25,Delicate,Taylor Swift,14,25,37,False
2018-06-23,26,Heaven,Kane Brown,25,15,30,False
2018-06-23,27,Havana,Camila Cabello Featuring Young Thug,44,1,33,False
2018-06-23,28,I'm Upset,Drake,3,19,32,False
2018-06-23,29,Wait,Maroon 5,22,24,26,False
2018-06-23,30,One Kiss,Calvin Harris & Dua Lipa,10,30,38,False
2018-06-23,31,All Mine,Kanye West,2,11,11,False
2018-06-23,32,Tequila,Dan + Shay,14,32,41,False
2018-06-23,33,Plug Walk,Rich The Kid,18,13,35,False
2018-06-23,34,Love Lies,Khalid & Normani,17,34,42,False
2018-06-23,35,New Rules,Dua Lipa,46,6,40,False
2018-06-23,36,Te Bote,"Casper Magico, Nio Garcia, Darell, Nicky Jam, Ozuna & Bad Bunny",8,36,43,False
2018-06-23,37,Freaky Friday,Lil Dicky Featuring Chris Brown,13,8,39,False
2018-06-23,38,Taste,Tyga Featuring Offset,3,38,59,False
2018-06-23,39,Reborn,KIDS SEE GHOSTS,1,39,0,True
2018-06-23,40,Yikes,Kanye West,2,8,8,False
2018-06-23,41,All Girls Are The Same,Juice WRLD,5,41,49,False
2018-06-23,42,4th Dimension,KIDS SEE GHOSTS Featuring Louis Prima,1,42,0,True
2018-06-23,43,Chun-Li,Nicki Minaj,10,10,46,False
2018-06-23,44,Pray For Me,The Weeknd & Kendrick Lamar,19,7,44,False
2018-06-23,45,One Number Away,Luke Combs,13,34,45,False
2018-06-23,46,I Like Me Better,Lauv,18,46,53,False
2018-06-23,47,Feel The Love,KIDS SEE GHOSTS,1,47,0,True
2018-06-23,48,Get Along,Kenny Chesney,10,48,56,False
2018-06-23,49,Up Down,Morgan Wallen Featuring Florida Georgia Line,12,49,58,False
2018-06-23,50,TATI,6ix9ine Featuring DJ SPINKING,3,46,47,False
2018-06-23,51,IDGAF,Dua Lipa,22,49,54,False
2018-06-23,52,Sad!,XXXTENTACION,15,7,51,False
2018-06-23,53,"Woman, Amen",Dierks Bentley,10,53,69,False
2018-06-23,54,Call Out My Name,The Weeknd,11,4,52,False
2018-06-23,55,Done For Me,Charlie Puth Featuring Kehlani,6,53,61,False
2018-06-23,56,Sit Next To Me,Foster the People,13,56,64,False
2018-06-23,57,Simple,Florida Georgia Line,2,55,55,False
2018-06-23,58,X,Nicky Jam x J Balvin,15,41,57,False
2018-06-23,59,Ball For Me,Post Malone Featuring Nicki Minaj,7,16,63,False
2018-06-23,60,Ghost Town,Kanye West Featuring PARTYNEXTDOOR,2,16,16,False
2018-06-23,61,You Make It Easy,Jason Aldean,20,28,62,False
2018-06-23,62,"Freeee (Ghost Town, Pt. 2)",KIDS SEE GHOSTS,1,62,0,True
2018-06-23,63,Mercy,Brett Young,6,63,74,False
2018-06-23,64,Dura,Daddy Yankee,19,43,65,False
2018-06-23,65,KOD,J. Cole,8,10,60,False
2018-06-23,66,Everything's Gonna Be Alright,David Lee Murphy & Kenny Chesney,8,66,71,False
2018-06-23,67,Fire,KIDS SEE GHOSTS,1,67,0,True
2018-06-23,68,Esskeetit,Lil Pump,9,24,66,False
2018-06-23,69,Cudi Montage,KIDS SEE GHOSTS,1,69,0,True
2018-06-23,70,Praise The Lord (Da Shine),A$AP Rocky Featuring Skepta,3,45,70,False
2018-06-23,71,Fake Love,BTS,4,10,48,False
2018-06-23,72,Japan,Famous Dex,12,28,68,False
2018-06-23,73,KIDS SEE GHOSTS,KIDS SEE GHOSTS,1,73,0,True
2018-06-23,74,Alone,Halsey Featuring Big Sean & Stefflon Don,9,70,73,False
2018-06-23,75,Powerglide,Rae Sremmurd & Juicy J,15,28,67,False
2018-06-23,76,I Lived It,Blake Shelton,15,64,76,False
2018-06-23,77,Overdose,YoungBoy Never Broke Again,7,42,72,False
2018-06-23,78,Lovely,Billie Eilish & Khalid,3,78,79,False
2018-06-23,79,Youngblood,5 Seconds of Summer,2,79,96,False
2018-06-23,80,Dame Tu Cosita,Pitbull x El Chombo x Karol G Featuring Cutty Ranks,8,36,75,False
2018-06-23,81,OTW,"Khalid, Ty Dolla $ign & 6LACK",8,57,80,False
2018-06-23,82,Zombie,Bad Wolves,14,54,82,False
2018-06-23,83,Me Niego,Reik Featuring Ozuna & Wisin,2,77,0,False
2018-06-23,84,Lose It,Kane Brown,1,84,0,True
2018-06-23,85,Violent Crimes,Kanye West,2,27,27,False
2018-06-23,86,I Was Jack (You Were Diane),Jake Owen,3,86,86,False
2018-06-23,87,Sativa,Jhene Aiko Featuring Swae Lee Or Rae Sremmurd,14,74,83,False
2018-06-23,88,Rich Sex,Nicki Minaj Featuring Lil Wayne,1,88,0,True
2018-06-23,89,Life Goes On,Lil Baby Featuring Gunna & Lil Uzi Vert,4,74,92,False
2018-06-23,90,I Know You,Lil Skies Featuring Yung Pinch,1,90,0,True
2018-06-23,91,El Farsante,Ozuna & Romeo Santos,20,49,97,False
2018-06-23,92,Wouldn't Leave,Kanye West Featuring PARTYNEXTDOOR,2,24,24,False
2018-06-23,93,Beautiful Crazy,Luke Combs,4,58,77,False
2018-06-23,94,Sin Pijama,Becky G + Natti Natasha,2,94,99,False
2018-06-23,95,Babe,Sugarland Featuring Taylor Swift,2,72,0,False
2018-06-23,96,Drip,Cardi B Featuring Migos,10,21,84,False
2018-06-23,97,Big Bank,"YG Featuring 2 Chainz, Big Sean & Nicki Minaj",3,66,91,False
2018-06-23,98,Singles You Up,Jordan Davis,19,50,95,False
2018-06-23,99,Take Back Home Girl,Chris Lane Featuring Tori Kelly,3,92,100,False
2018-06-23,100,Welcome To The Party,"Diplo, French Montana & Lil Pump Featuring Zhavia Ward",3,78,78,False
2018-06-30,1,Sad!,XXXTENTACION,16,1,52,False
2018-06-30,2,I Like It,"Cardi B, Bad Bunny & J Balvin",11,2,3,False
2018-06-30,3,Nice For What,Drake,11,1,1,False
2018-06-30,4,Lucid Dreams,Juice WRLD,6,4,6,False
2018-06-30,5,Girls Like You,Maroon 5 Featuring Cardi B,4,4,5,False
2018-06-30,6,Psycho,Post Malone Featuring Ty Dolla $ign,17,1,2,False
2018-06-30,7,Boo'd Up,Ella Mai,12,6,7,False
2018-06-30,8,God's Plan,Drake,22,1,4,False
2018-06-30,9,No Tears Left To Cry,Ariana Grande,9,3,9,False
2018-06-30,10,The Middle,"Zedd, Maren Morris & Grey",21,5,8,False
2018-06-30,11,Meant To Be,Bebe Rexha & Florida Georgia Line,35,2,10,False
2018-06-30,12,Yes Indeed,Lil Baby & Drake,6,6,11,False
2018-06-30,13,Apes**t,The Carters,1,13,0,True
2018-06-30,14,Friends,Marshmello & Anne-Marie,19,11,13,False
2018-06-30,15,I'm Upset,Drake,4,15,28,False
2018-06-30,16,Moonlight,XXXTENTACION,10,16,0,False
2018-06-30,17,This Is America,Childish Gambino,7,1,12,False
2018-06-30,18,Changes,XXXTENTACION,10,18,0,False
2018-06-30,19,Jocelyn Flores,XXXTENTACION,17,19,0,False
2018-06-30,20,Mine,Bazzi,22,11,15,False
2018-06-30,21,Perfect,Ed Sheeran,43,1,17,False
2018-06-30,22,In My Blood,Shawn Mendes,14,11,16,False
2018-06-30,23,Better Now,Post Malone,8,7,20,False
2018-06-30,24,Walk It Talk It,Migos Featuring Drake,21,10,14,False
2018-06-30,25,Look Alive,BlocBoy JB Featuring Drake,19,5,18,False
2018-06-30,26,Never Be The Same,Camila Cabello,27,6,19,False
2018-06-30,27,Delicate,Taylor Swift,15,25,25,False
2018-06-30,28,F**k Love,XXXTENTACION Featuring Trippie Redd,20,28,0,False
2018-06-30,29,Be Careful,Cardi B,12,11,23,False
2018-06-30,30,Whatever It Takes,Imagine Dragons,21,12,21,False
2018-06-30,31,Rockstar,Post Malone Featuring 21 Savage,40,1,24,False
2018-06-30,32,Plug Walk,Rich The Kid,19,13,33,False
2018-06-30,33,Back To You,Selena Gomez,6,22,22,False
2018-06-30,34,Tequila,Dan + Shay,15,32,32,False
2018-06-30,35,Heaven,Kane Brown,26,15,26,False
2018-06-30,36,Love Lies,Khalid & Normani,18,34,34,False
2018-06-30,37,One Kiss,Calvin Harris & Dua Lipa,11,30,30,False
2018-06-30,38,Taste,Tyga Featuring Offset,4,38,38,False
2018-06-30,39,Havana,Camila Cabello Featuring Young Thug,45,1,27,False
2018-06-30,40,Te Bote,"Casper Magico, Nio Garcia, Darell, Nicky Jam, Ozuna & Bad Bunny",9,36,36,False
2018-06-30,41,New Rules,Dua Lipa,47,6,35,False
2018-06-30,42,Everybody Dies In Their Nightmares,XXXTENTACION,5,42,0,False
2018-06-30,43,Bed,Nicki Minaj Featuring Ariana Grande,1,43,0,True
2018-06-30,44,Wait,Maroon 5,23,24,29,False
2018-06-30,45,All Girls Are The Same,Juice WRLD,6,41,41,False
2018-06-30,46,Freaky Friday,Lil Dicky Featuring Chris Brown,14,8,37,False
2018-06-30,47,I Like Me Better,Lauv,19,46,46,False
2018-06-30,48,All Mine,Kanye West,3,11,31,False
2018-06-30,49,Youngblood,5 Seconds of Summer,3,49,79,False
2018-06-30,50,Get Along,Kenny Chesney,11,48,48,False
2018-06-30,51,Up Down,Morgan Wallen Featuring Florida Georgia Line,13,49,49,False
2018-06-30,52,Chun-Li,Nicki Minaj,11,10,43,False
2018-06-30,53,Bigger > You,"2 Chainz, Drake & Quavo",1,53,0,True
2018-06-30,54,Simple,Florida Georgia Line,3,54,57,False
2018-06-30,55,DDU-DU DDU-DU,BLACKPINK,1,55,0,True
2018-06-30,56,IDGAF,Dua Lipa,23,49,51,False
2018-06-30,57,One Number Away,Luke Combs,14,34,45,False
2018-06-30,58,The Remedy For A Broken Heart (Why Am I So In Love),XXXTENTACION,3,58,0,False
2018-06-30,59,Sit Next To Me,Foster the People,14,56,56,False
2018-06-30,60,Mercy,Brett Young,7,60,63,False
2018-06-30,61,Pray For Me,The Weeknd & Kendrick Lamar,20,7,44,False
2018-06-30,62,Ball For Me,Post Malone Featuring Nicki Minaj,8,16,59,False
2018-06-30,63,I Lived It,Blake Shelton,16,63,76,False
2018-06-30,64,Japan,Famous Dex,13,28,72,False
2018-06-30,65,Fake Love,BTS,5,10,71,False
2018-06-30,66,Done For Me,Charlie Puth Featuring Kehlani,7,53,55,False
2018-06-30,67,Yikes,Kanye West,3,8,40,False
2018-06-30,68,TATI,6ix9ine Featuring DJ SPINKING,4,46,50,False
2018-06-30,69,X,Nicky Jam x J Balvin,16,41,58,False
2018-06-30,70,Dura,Daddy Yankee,20,43,64,False
2018-06-30,71,KOD,J. Cole,9,10,65,False
2018-06-30,72,Everything's Gonna Be Alright,David Lee Murphy & Kenny Chesney,9,66,66,False
2018-06-30,73,Call Out My Name,The Weeknd,12,4,54,False
2018-06-30,74,Born To Be Yours,Kygo & Imagine Dragons,1,74,0,True
2018-06-30,75,Alone,Halsey Featuring Big Sean & Stefflon Don,10,70,74,False
2018-06-30,76,Esskeetit,Lil Pump,10,24,68,False
2018-06-30,77,Boss,The Carters,1,77,0,True
2018-06-30,78,Ocean,Martin Garrix Featuring Khalid,1,78,0,True
2018-06-30,79,Praise The Lord (Da Shine),A$AP Rocky Featuring Skepta,4,45,70,False
2018-06-30,80,Hope,XXXTENTACION,1,80,0,True
2018-06-30,81,Lovely,Billie Eilish & Khalid,4,78,78,False
2018-06-30,82,Numb,XXXTENTACION,2,82,0,False
2018-06-30,83,Powerglide,Rae Sremmurd & Juicy J,16,28,75,False
2018-06-30,84,Summer,The Carters,1,84,0,True
2018-06-30,85,Drowns The Whiskey,Jason Aldean Featuring Miranda Lambert,1,85,0,True
2018-06-30,86,Life Goes On,Lil Baby Featuring Gunna & Lil Uzi Vert,5,74,89,False
2018-06-30,87,Welcome To The Party,"Diplo, French Montana & Lil Pump Featuring Zhavia Ward",4,78,100,False
2018-06-30,88,"Woman, Amen",Dierks Bentley,11,53,53,False
2018-06-30,89,Dame Tu Cosita,Pitbull x El Chombo x Karol G Featuring Cutty Ranks,9,36,80,False
2018-06-30,90,Overdose,YoungBoy Never Broke Again,8,42,77,False
2018-06-30,91,Reborn,KIDS SEE GHOSTS,2,39,39,False
2018-06-30,92,I Know You,Lil Skies Featuring Yung Pinch,2,90,90,False
2018-06-30,93,Zombie,Bad Wolves,15,54,82,False
2018-06-30,94,I Was Jack (You Were Diane),Jake Owen,4,86,86,False
2018-06-30,95,Nice,The Carters,1,95,0,True
2018-06-30,96,Cop Shot The Kid,Nas Featuring Kanye West,1,96,0,True
2018-06-30,97,OTW,"Khalid, Ty Dolla $ign & 6LACK",9,57,81,False
2018-06-30,98,Sativa,Jhene Aiko Featuring Swae Lee Or Rae Sremmurd,15,74,87,False
2018-06-30,99,Friends,The Carters,1,99,0,True
2018-06-30,100,Medicine,Queen Naija,3,45,0,False
2018-07-07,1,I Like It,"Cardi B, Bad Bunny & J Balvin",12,1,2,False
2018-07-07,2,Sad!,XXXTENTACION,17,1,1,False
2018-07-07,3,Lucid Dreams,Juice WRLD,7,3,4,False
2018-07-07,4,Girls Like You,Maroon 5 Featuring Cardi B,5,4,5,False
2018-07-07,5,Psycho,Post Malone Featuring Ty Dolla $ign,18,1,6,False
2018-07-07,6,Nice For What,Drake,12,1,3,False
2018-07-07,7,Boo'd Up,Ella Mai,13,6,7,False
2018-07-07,8,No Tears Left To Cry,Ariana Grande,10,3,9,False
2018-07-07,9,God's Plan,Drake,23,1,8,False
2018-07-07,10,Meant To Be,Bebe Rexha & Florida Georgia Line,36,2,11,False
2018-07-07,11,Yes Indeed,Lil Baby & Drake,7,6,12,False
2018-07-07,12,The Middle,"Zedd, Maren Morris & Grey",22,5,10,False
2018-07-07,13,Moonlight,XXXTENTACION,11,13,16,False
2018-07-07,14,Better Now,Post Malone,9,7,23,False
2018-07-07,15,Plug Walk,Rich The Kid,20,13,32,False
2018-07-07,16,Mine,Bazzi,23,11,20,False
2018-07-07,17,Perfect,Ed Sheeran,44,1,21,False
2018-07-07,18,Changes,XXXTENTACION,11,18,18,False
2018-07-07,19,Apes**t,The Carters,2,13,13,False
2018-07-07,20,Delicate,Taylor Swift,16,20,27,False
2018-07-07,21,Tequila,Dan + Shay,16,21,34,False
2018-07-07,22,Friends,Marshmello & Anne-Marie,20,11,14,False
2018-07-07,23,In My Blood,Shawn Mendes,15,11,22,False
2018-07-07,24,This Is America,Childish Gambino,8,1,17,False
2018-07-07,25,Jocelyn Flores,XXXTENTACION,18,19,19,False
2018-07-07,26,I'm Upset,Drake,5,15,15,False
2018-07-07,27,Look Alive,BlocBoy JB Featuring Drake,20,5,25,False
2018-07-07,28,Never Be The Same,Camila Cabello,28,6,26,False
2018-07-07,29,Walk It Talk It,Migos Featuring Drake,22,10,24,False
2018-07-07,30,Taste,Tyga Featuring Offset,5,30,38,False
2018-07-07,31,Whatever It Takes,Imagine Dragons,22,12,30,False
2018-07-07,32,Be Careful,Cardi B,13,11,29,False
2018-07-07,33,Rockstar,Post Malone Featuring 21 Savage,41,1,31,False
2018-07-07,34,F**k Love,XXXTENTACION Featuring Trippie Redd,21,28,28,False
2018-07-07,35,Back To You,Selena Gomez,7,22,33,False
2018-07-07,36,One Kiss,Calvin Harris & Dua Lipa,12,30,37,False
2018-07-07,37,Love Lies,Khalid & Normani,19,34,36,False
2018-07-07,38,Heaven,Kane Brown,27,15,35,False
2018-07-07,39,Havana,Camila Cabello Featuring Young Thug,46,1,39,False
2018-07-07,40,New Rules,Dua Lipa,48,6,41,False
2018-07-07,41,I Like Me Better,Lauv,20,41,47,False
2018-07-07,42,All Girls Are The Same,Juice WRLD,7,41,45,False
2018-07-07,43,Te Bote,"Casper Magico, Nio Garcia, Darell, Nicky Jam, Ozuna & Bad Bunny",10,36,40,False
2018-07-07,44,Get Along,Kenny Chesney,12,44,50,False
2018-07-07,45,Simple,Florida Georgia Line,4,45,54,False
2018-07-07,46,Everybody Dies In Their Nightmares,XXXTENTACION,6,42,42,False
2018-07-07,47,Freaky Friday,Lil Dicky Featuring Chris Brown,15,8,46,False
2018-07-07,48,Mercy,Brett Young,8,48,60,False
2018-07-07,49,One Number Away,Luke Combs,15,34,57,False
2018-07-07,50,Wait,Maroon 5,24,24,44,False
2018-07-07,51,Sit Next To Me,Foster the People,15,51,59,False
2018-07-07,52,Youngblood,5 Seconds of Summer,4,49,49,False
2018-07-07,53,Up Down,Morgan Wallen Featuring Florida Georgia Line,14,49,51,False
2018-07-07,54,All Mine,Kanye West,4,11,48,False
2018-07-07,55,The Remedy For A Broken Heart (Why Am I So In Love),XXXTENTACION,4,55,58,False
2018-07-07,56,Big Bank,"YG Featuring 2 Chainz, Big Sean & Nicki Minaj",4,56,0,False
2018-07-07,57,Dura,Daddy Yankee,21,43,70,False
2018-07-07,58,Sober,Demi Lovato,1,58,0,True
2018-07-07,59,Ball For Me,Post Malone Featuring Nicki Minaj,9,16,62,False
2018-07-07,60,Bigger > You,"2 Chainz, Drake & Quavo",2,53,53,False
2018-07-07,61,Say Amen (Saturday Night),Panic! At The Disco,3,60,0,False
2018-07-07,62,Chun-Li,Nicki Minaj,12,10,52,False
2018-07-07,63,Japan,Famous Dex,14,28,64,False
2018-07-07,64,X,Nicky Jam x J Balvin,17,41,69,False
2018-07-07,65,Legends,Juice WRLD,1,65,0,True
2018-07-07,66,Everything's Gonna Be Alright,David Lee Murphy & Kenny Chesney,10,66,72,False
2018-07-07,67,Bed,Nicki Minaj Featuring Ariana Grande,2,43,43,False
2018-07-07,68,KOD,J. Cole,10,10,71,False
2018-07-07,69,Alone,Halsey Featuring Big Sean & Stefflon Don,11,69,75,False
2018-07-07,70,Hope,XXXTENTACION,2,70,80,False
2018-07-07,71,Esskeetit,Lil Pump,11,24,76,False
2018-07-07,72,TATI,6ix9ine Featuring DJ SPINKING,5,46,68,False
2018-07-07,73,Drowns The Whiskey,Jason Aldean Featuring Miranda Lambert,2,73,85,False
2018-07-07,74,Done For Me,Charlie Puth Featuring Kehlani,8,53,66,False
2018-07-07,75,I Was Jack (You Were Diane),Jake Owen,5,75,94,False
2018-07-07,76,Fake Love,BTS,6,10,65,False
2018-07-07,77,Yikes,Kanye West,4,8,67,False
2018-07-07,78,Call Out My Name,The Weeknd,13,4,73,False
2018-07-07,79,I Know You,Lil Skies Featuring Yung Pinch,3,79,92,False
2018-07-07,80,Numb,XXXTENTACION,3,80,82,False
2018-07-07,81,Medicine,Queen Naija,4,45,100,False
2018-07-07,82,Praise The Lord (Da Shine),A$AP Rocky Featuring Skepta,5,45,79,False
2018-07-07,83,Sin Pijama,Becky G + Natti Natasha,3,83,0,False
2018-07-07,84,High Hopes,Panic! At The Disco,2,84,0,False
2018-07-07,85,I Lived It,Blake Shelton,17,63,63,False
2018-07-07,86,Powerglide,Rae Sremmurd & Juicy J,17,28,83,False
2018-07-07,87,Lovely,Billie Eilish & Khalid,5,78,81,False
2018-07-07,88,Coming Home,Keith Urban Featuring Julia Michaels,1,88,0,True
2018-07-07,89,Life Goes On,Lil Baby Featuring Gunna & Lil Uzi Vert,6,74,86,False
2018-07-07,90,Zombie,Bad Wolves,16,54,93,False
2018-07-07,91,Overdose,YoungBoy Never Broke Again,9,42,90,False
2018-07-07,92,Life Changes,Thomas Rhett,1,92,0,True
2018-07-07,93,"Woman, Amen",Dierks Bentley,12,53,88,False
2018-07-07,94,Born To Be Yours,Kygo & Imagine Dragons,2,74,74,False
2018-07-07,95,The Light Is Coming,Ariana Grande Featuring Nicki Minaj,1,95,0,True
2018-07-07,96,OTW,"Khalid, Ty Dolla $ign & 6LACK",10,57,97,False
2018-07-07,97,Solo,Clean Bandit Featuring Demi Lovato,1,97,0,True
2018-07-07,98,Take Back Home Girl,Chris Lane Featuring Tori Kelly,4,92,0,False
2018-07-07,99,Boss,The Carters,2,77,77,False
2018-07-07,100,Sativa,Jhene Aiko Featuring Swae Lee Or Rae Sremmurd,16,74,98,False
2018-07-14,1,Nice For What,Drake,13,1,6,False
2018-07-14,2,Nonstop,Drake,1,2,0,True
2018-07-14,3,I Like It,"Cardi B, Bad Bunny & J Balvin",13,1,1,False
2018-07-14,4,God's Plan,Drake,24,1,9,False
2018-07-14,5,Girls Like You,Maroon 5 Featuring Cardi B,6,4,4,False
2018-07-14,6,In My Feelings,Drake,1,6,0,True
2018-07-14,7,I'm Upset,Drake,6,7,26,False
2018-07-14,8,Emotionless,Drake,1,8,0,True
2018-07-14,9,Don't Matter To Me,Drake Featuring Michael Jackson,1,9,0,True
2018-07-14,10,Sad!,XXXTENTACION,18,1,2,False
2018-07-14,11,Boo'd Up,Ella Mai,14,6,7,False
2018-07-14,12,Psycho,Post Malone Featuring Ty Dolla $ign,19,1,5,False
2018-07-14,13,Mob Ties,Drake,1,13,0,True
2018-07-14,14,Elevate,Drake,1,14,0,True
2018-07-14,15,No Tears Left To Cry,Ariana Grande,11,3,8,False
2018-07-14,16,Lucid Dreams,Juice WRLD,8,3,3,False
2018-07-14,17,Survival,Drake,1,17,0,True
2018-07-14,18,Can't Take A Joke,Drake,1,18,0,True
2018-07-14,19,The Middle,"Zedd, Maren Morris & Grey",23,5,12,False
2018-07-14,20,Talk Up,Drake Featuring Jay-Z,1,20,0,True
2018-07-14,21,8 Out Of 10,Drake,1,21,0,True
2018-07-14,22,Meant To Be,Bebe Rexha & Florida Georgia Line,37,2,10,False
2018-07-14,23,Delicate,Taylor Swift,17,20,20,False
2018-07-14,24,Better Now,Post Malone,10,7,14,False
2018-07-14,25,Mine,Bazzi,24,11,16,False
2018-07-14,26,Yes Indeed,Lil Baby & Drake,8,6,11,False
2018-07-14,27,Sandra's Rose,Drake,1,27,0,True
2018-07-14,28,Summer Games,Drake,1,28,0,True
2018-07-14,29,Perfect,Ed Sheeran,45,1,17,False
2018-07-14,30,Blue Tint,Drake,1,30,0,True
2018-07-14,31,In My Blood,Shawn Mendes,16,11,23,False
2018-07-14,32,Jaded,Drake,1,32,0,True
2018-07-14,33,Friends,Marshmello & Anne-Marie,21,11,22,False
2018-07-14,34,Tequila,Dan + Shay,17,21,21,False
2018-07-14,35,Never Be The Same,Camila Cabello,29,6,28,False
2018-07-14,36,Is There More,Drake,1,36,0,True
2018-07-14,37,That's How You Feel,Drake,1,37,0,True
2018-07-14,38,Peak,Drake,1,38,0,True
2018-07-14,39,Taste,Tyga Featuring Offset,6,30,30,False
2018-07-14,40,Whatever It Takes,Imagine Dragons,23,12,31,False
2018-07-14,41,After Dark,Drake Featuring Static Major & Ty Dolla $ign,1,41,0,True
2018-07-14,42,Finesse,Drake,1,42,0,True
2018-07-14,43,Apes**t,The Carters,3,13,19,False
2018-07-14,44,Look Alive,BlocBoy JB Featuring Drake,21,5,27,False
2018-07-14,45,One Kiss,Calvin Harris & Dua Lipa,13,30,36,False
2018-07-14,46,Love Lies,Khalid & Normani,20,34,37,False
2018-07-14,47,Moonlight,XXXTENTACION,12,13,13,False
2018-07-14,48,Be Careful,Cardi B,14,11,32,False
2018-07-14,49,Back To You,Selena Gomez,8,22,35,False
2018-07-14,50,This Is America,Childish Gambino,9,1,24,False
2018-07-14,51,Ratchet Happy Birthday,Drake,1,51,0,True
2018-07-14,52,I Like Me Better,Lauv,21,41,41,False
2018-07-14,53,Get Along,Kenny Chesney,13,44,44,False
2018-07-14,54,Simple,Florida Georgia Line,5,45,45,False
2018-07-14,55,Changes,XXXTENTACION,12,18,18,False
2018-07-14,56,Final Fantasy,Drake,1,56,0,True
2018-07-14,57,March 14,Drake,1,57,0,True
2018-07-14,58,X,Nicky Jam x J Balvin,18,41,64,False
2018-07-14,59,Sit Next To Me,Foster the People,16,51,51,False
2018-07-14,60,All Girls Are The Same,Juice WRLD,8,41,42,False
2018-07-14,61,Te Bote,"Casper Magico, Nio Garcia, Darell, Nicky Jam, Ozuna & Bad Bunny",11,36,43,False
2018-07-14,62,Up Down,Morgan Wallen Featuring Florida Georgia Line,15,49,53,False
2018-07-14,63,Karma,Queen Naija,1,63,0,True
2018-07-14,64,Mercy,Brett Young,9,48,48,False
2018-07-14,65,One Number Away,Luke Combs,16,34,49,False
2018-07-14,66,Youngblood,5 Seconds of Summer,5,49,52,False
2018-07-14,67,Big Bank,"YG Featuring 2 Chainz, Big Sean & Nicki Minaj",5,56,56,False
2018-07-14,68,Jocelyn Flores,XXXTENTACION,19,19,25,False
2018-07-14,69,I Was Jack (You Were Diane),Jake Owen,6,69,75,False
2018-07-14,70,Drowns The Whiskey,Jason Aldean Featuring Miranda Lambert,3,70,73,False
2018-07-14,71,Alone,Halsey Featuring Big Sean & Stefflon Don,12,69,69,False
2018-07-14,72,Freaky Friday,Lil Dicky Featuring Chris Brown,16,8,47,False
2018-07-14,73,Everything's Gonna Be Alright,David Lee Murphy & Kenny Chesney,11,66,66,False
2018-07-14,74,Ball For Me,Post Malone Featuring Nicki Minaj,10,16,59,False
2018-07-14,75,Life Changes,Thomas Rhett,2,75,92,False
2018-07-14,76,Kiss Somebody,Morgan Evans,1,76,0,True
2018-07-14,77,KOD,J. Cole,11,10,68,False
2018-07-14,78,Done For Me,Charlie Puth Featuring Kehlani,9,53,74,False
2018-07-14,79,Take Back Home Girl,Chris Lane Featuring Tori Kelly,5,79,98,False
2018-07-14,80,Coming Home,Keith Urban Featuring Julia Michaels,2,80,88,False
2018-07-14,81,Bed,Nicki Minaj Featuring Ariana Grande,3,43,67,False
2018-07-14,82,Chun-Li,Nicki Minaj,13,10,62,False
2018-07-14,83,All Mine,Kanye West,5,11,54,False
2018-07-14,84,Don't Go Breaking My Heart,Backstreet Boys,2,84,0,False
2018-07-14,85,Medicine,Queen Naija,5,45,81,False
2018-07-14,86,"Sunrise, Sunburn, Sunset",Luke Bryan,1,86,0,True
2018-07-14,87,Cry Pretty,Carrie Underwood,4,48,0,False
2018-07-14,88,Esskeetit,Lil Pump,12,24,71,False
2018-07-14,89,Sin Pijama,Becky G + Natti Natasha,4,83,83,False
2018-07-14,90,Call Out My Name,The Weeknd,14,4,78,False
2018-07-14,91,Everybody Dies In Their Nightmares,XXXTENTACION,7,42,46,False
2018-07-14,92,Yikes,Kanye West,5,8,77,False
2018-07-14,93,Hotel Key,Old Dominion,1,93,0,True
2018-07-14,94,Downtown's Dead,Sam Hunt,2,94,0,False
2018-07-14,95,Zombie,Bad Wolves,17,54,90,False
2018-07-14,96,Japan,Famous Dex,15,28,63,False
2018-07-14,97,Me Niego,Reik Featuring Ozuna & Wisin,3,77,0,False
2018-07-14,98,The Remedy For A Broken Heart (Why Am I So In Love),XXXTENTACION,5,55,55,False
2018-07-14,99,Growing Pains,Alessia Cara,1,99,0,True
2018-07-14,100,I Lived It,Blake Shelton,18,63,85,False
2018-07-21,1,In My Feelings,Drake,2,1,6,False
2018-07-21,2,I Like It,"Cardi B, Bad Bunny & J Balvin",14,1,3,False
2018-07-21,3,Girls Like You,Maroon 5 Featuring Cardi B,7,3,5,False
2018-07-21,4,Nice For What,Drake,14,1,1,False
2018-07-21,5,Boo'd Up,Ella Mai,15,5,11,False
2018-07-21,6,God's Plan,Drake,25,1,4,False
2018-07-21,7,Lucid Dreams,Juice WRLD,9,3,16,False
2018-07-21,8,No Tears Left To Cry,Ariana Grande,12,3,15,False
2018-07-21,9,Psycho,Post Malone Featuring Ty Dolla $ign,20,1,12,False
2018-07-21,10,Sad!,XXXTENTACION,19,1,10,False
2018-07-21,11,Nonstop,Drake,2,2,2,False
2018-07-21,12,Better Now,Post Malone,11,7,24,False
2018-07-21,13,The Middle,"Zedd, Maren Morris & Grey",24,5,19,False
2018-07-21,14,Meant To Be,Bebe Rexha & Florida Georgia Line,38,2,22,False
2018-07-21,15,Delicate,Taylor Swift,18,15,23,False
2018-07-21,16,I'm Upset,Drake,7,7,7,False
2018-07-21,17,Yes Indeed,Lil Baby & Drake,9,6,26,False
2018-07-21,18,Taste,Tyga Featuring Offset,7,18,39,False
2018-07-21,19,Mine,Bazzi,25,11,25,False
2018-07-21,20,Friends,Marshmello & Anne-Marie,22,11,33,False
2018-07-21,21,Don't Matter To Me,Drake Featuring Michael Jackson,2,9,9,False
2018-07-21,22,Perfect,Ed Sheeran,46,1,29,False
2018-07-21,23,In My Blood,Shawn Mendes,17,11,31,False
2018-07-21,24,Tequila,Dan + Shay,18,21,34,False
2018-07-21,25,Love Lies,Khalid & Normani,21,25,46,False
2018-07-21,26,Never Be The Same,Camila Cabello,30,6,35,False
2018-07-21,27,Whatever It Takes,Imagine Dragons,24,12,40,False
2018-07-21,28,Mob Ties,Drake,2,13,13,False
2018-07-21,29,One Kiss,Calvin Harris & Dua Lipa,14,29,45,False
2018-07-21,30,Apes**t,The Carters,4,13,43,False
2018-07-21,31,Back To You,Selena Gomez,9,22,49,False
2018-07-21,32,Look Alive,BlocBoy JB Featuring Drake,22,5,44,False
2018-07-21,33,I Like Me Better,Lauv,22,33,52,False
2018-07-21,34,Moonlight,XXXTENTACION,13,13,47,False
2018-07-21,35,Get Along,Kenny Chesney,14,35,53,False
2018-07-21,36,Be Careful,Cardi B,15,11,48,False
2018-07-21,37,Simple,Florida Georgia Line,6,37,54,False
2018-07-21,38,Emotionless,Drake,2,8,8,False
2018-07-21,39,This Is America,Childish Gambino,10,1,50,False
2018-07-21,40,Youngblood,5 Seconds of Summer,6,40,66,False
2018-07-21,41,Mercy,Brett Young,10,41,64,False
2018-07-21,42,Sit Next To Me,Foster the People,17,42,59,False
2018-07-21,43,Te Bote,"Casper Magico, Nio Garcia, Darell, Nicky Jam, Ozuna & Bad Bunny",12,36,61,False
2018-07-21,44,Elevate,Drake,2,14,14,False
2018-07-21,45,Can't Take A Joke,Drake,2,18,18,False
2018-07-21,46,Big Bank,"YG Featuring 2 Chainz, Big Sean & Nicki Minaj",6,46,67,False
2018-07-21,47,Changes,XXXTENTACION,13,18,55,False
2018-07-21,48,Bed,Nicki Minaj Featuring Ariana Grande,4,43,81,False
2018-07-21,49,One Number Away,Luke Combs,17,34,65,False
2018-07-21,50,I Was Jack (You Were Diane),Jake Owen,7,50,69,False
2018-07-21,51,X,Nicky Jam x J Balvin,19,41,58,False
2018-07-21,52,Drowns The Whiskey,Jason Aldean Featuring Miranda Lambert,4,52,70,False
2018-07-21,53,Wifi Lit,Future,1,53,0,True
2018-07-21,54,Up Down,Morgan Wallen Featuring Florida Georgia Line,16,49,62,False
2018-07-21,55,Blue Tint,Drake,2,30,30,False
2018-07-21,56,After Dark,Drake Featuring Static Major & Ty Dolla $ign,2,41,41,False
2018-07-21,57,All Girls Are The Same,Juice WRLD,9,41,60,False
2018-07-21,58,Talk Up,Drake Featuring Jay-Z,2,20,20,False
2018-07-21,59,8 Out Of 10,Drake,2,21,21,False
2018-07-21,60,Jumpsuit,Twenty One Pilots,1,60,0,True
2018-07-21,61,Life Changes,Thomas Rhett,3,61,75,False
2018-07-21,62,Jocelyn Flores,XXXTENTACION,20,19,68,False
2018-07-21,63,Sandra's Rose,Drake,2,27,27,False
2018-07-21,64,Summer Games,Drake,2,28,28,False
2018-07-21,65,31 Days,Future,1,65,0,True
2018-07-21,66,Alone,Halsey Featuring Big Sean & Stefflon Don,13,66,71,False
2018-07-21,67,Jaded,Drake,2,32,32,False
2018-07-21,68,That's How You Feel,Drake,2,37,37,False
2018-07-21,69,Survival,Drake,2,17,17,False
2018-07-21,70,Take Back Home Girl,Chris Lane Featuring Tori Kelly,6,70,79,False
2018-07-21,71,Cuddle My Wrist,Future,1,71,0,True
2018-07-21,72,Freaky Friday,Lil Dicky Featuring Chris Brown,17,8,72,False
2018-07-21,73,Millidelphia,Meek Mill Featuring Swizz Beatz,1,73,0,True
2018-07-21,74,Kiss Somebody,Morgan Evans,2,74,76,False
2018-07-21,75,Ball For Me,Post Malone Featuring Nicki Minaj,11,16,74,False
2018-07-21,76,Racks Blue,Future,1,76,0,True
2018-07-21,77,Coming Home,Keith Urban Featuring Julia Michaels,3,77,80,False
2018-07-21,78,Finesse,Drake,2,42,42,False
2018-07-21,79,Dangerous,Meek Mill Featuring Jeremih & PnB Rock,1,79,0,True
2018-07-21,80,Everything's Gonna Be Alright,David Lee Murphy & Kenny Chesney,12,66,73,False
2018-07-21,81,"Sunrise, Sunburn, Sunset",Luke Bryan,2,81,86,False
2018-07-21,82,Don't Go Breaking My Heart,Backstreet Boys,3,82,84,False
2018-07-21,83,Drug Addicts,Lil Pump,1,83,0,True
2018-07-21,84,KOD,J. Cole,12,10,77,False
2018-07-21,85,All Mine,Kanye West,6,11,83,False
2018-07-21,86,Growing Pains,Alessia Cara,2,86,99,False
2018-07-21,87,Hotel Key,Old Dominion,2,87,93,False
2018-07-21,88,Jackie Chan,Tiesto & Dzeko Featuring Preme & Post Malone,1,88,0,True
2018-07-21,89,Chun-Li,Nicki Minaj,14,10,82,False
2018-07-21,90,Medicine,Queen Naija,6,45,85,False
2018-07-21,91,Cry Pretty,Carrie Underwood,5,48,87,False
2018-07-21,92,Ocean,Martin Garrix Featuring Khalid,2,78,0,False
2018-07-21,93,Peak,Drake,2,38,38,False
2018-07-21,94,Legends,Juice WRLD,2,65,0,False
2018-07-21,95,Call Out My Name,The Weeknd,15,4,90,False
2018-07-21,96,Kream,Iggy Azalea Feauring Tyga,1,96,0,True
2018-07-21,97,OTW,"Khalid, Ty Dolla $ign & 6LACK",11,57,0,False
2018-07-21,98,Solo,Clean Bandit Featuring Demi Lovato,2,97,0,False
2018-07-21,99,Sin Pijama,Becky G + Natti Natasha,5,83,89,False
2018-07-21,100,Is There More,Drake,2,36,36,False
2018-07-28,1,In My Feelings,Drake,3,1,1,False
2018-07-28,2,I Like It,"Cardi B, Bad Bunny & J Balvin",15,1,2,False
2018-07-28,3,Girls Like You,Maroon 5 Featuring Cardi B,8,3,3,False
2018-07-28,4,Nice For What,Drake,15,1,4,False
2018-07-28,5,Boo'd Up,Ella Mai,16,5,5,False
2018-07-28,6,Lucid Dreams,Juice WRLD,10,3,7,False
2018-07-28,7,Better Now,Post Malone,12,7,12,False
2018-07-28,8,No Tears Left To Cry,Ariana Grande,13,3,8,False
2018-07-28,9,Psycho,Post Malone Featuring Ty Dolla $ign,21,1,9,False
2018-07-28,10,God's Plan,Drake,26,1,6,False
2018-07-28,11,God Is A Woman,Ariana Grande,1,11,0,True
2018-07-28,12,Delicate,Taylor Swift,19,12,15,False
2018-07-28,13,Taste,Tyga Featuring Offset,8,13,18,False
2018-07-28,14,The Middle,"Zedd, Maren Morris & Grey",25,5,13,False
2018-07-28,15,Sad!,XXXTENTACION,20,1,10,False
2018-07-28,16,Yes Indeed,Lil Baby & Drake,10,6,17,False
2018-07-28,17,Meant To Be,Bebe Rexha & Florida Georgia Line,39,2,14,False
2018-07-28,18,Friends,Marshmello & Anne-Marie,23,11,20,False
2018-07-28,19,Perfect,Ed Sheeran,47,1,22,False
2018-07-28,20,Nonstop,Drake,3,2,11,False
2018-07-28,21,Love Lies,Khalid & Normani,22,21,25,False
2018-07-28,22,Mine,Bazzi,26,11,19,False
2018-07-28,23,In My Blood,Shawn Mendes,18,11,23,False
2018-07-28,24,I'm Upset,Drake,8,7,16,False
2018-07-28,25,Tequila,Dan + Shay,19,21,24,False
2018-07-28,26,One Kiss,Calvin Harris & Dua Lipa,15,26,29,False
2018-07-28,27,Back To You,Selena Gomez,10,22,31,False
2018-07-28,28,Apes**t,The Carters,5,13,30,False
2018-07-28,29,I Like Me Better,Lauv,23,29,33,False
2018-07-28,30,Never Be The Same,Camila Cabello,31,6,26,False
2018-07-28,31,Get Along,Kenny Chesney,15,31,35,False
2018-07-28,32,Youngblood,5 Seconds of Summer,7,32,40,False
2018-07-28,33,Don't Matter To Me,Drake Featuring Michael Jackson,3,9,21,False
2018-07-28,34,Whatever It Takes,Imagine Dragons,25,12,27,False
2018-07-28,35,Look Alive,BlocBoy JB Featuring Drake,23,5,32,False
2018-07-28,36,Simple,Florida Georgia Line,7,36,37,False
2018-07-28,37,Moonlight,XXXTENTACION,14,13,34,False
2018-07-28,38,Mercy,Brett Young,11,38,41,False
2018-07-28,39,Big Bank,"YG Featuring 2 Chainz, Big Sean & Nicki Minaj",7,39,46,False
2018-07-28,40,This Is America,Childish Gambino,11,1,39,False
2018-07-28,41,Be Careful,Cardi B,16,11,36,False
2018-07-28,42,Te Bote,"Casper Magico, Nio Garcia, Darell, Nicky Jam, Ozuna & Bad Bunny",13,36,43,False
2018-07-28,43,Mob Ties,Drake,3,13,28,False
2018-07-28,44,Summertime Magic,Childish Gambino,1,44,0,True
2018-07-28,45,I Was Jack (You Were Diane),Jake Owen,8,45,50,False
2018-07-28,46,Sit Next To Me,Foster the People,18,42,42,False
2018-07-28,47,X,Nicky Jam x J Balvin,20,41,51,False
2018-07-28,48,Drowns The Whiskey,Jason Aldean Featuring Miranda Lambert,5,48,52,False
2018-07-28,49,One Number Away,Luke Combs,18,34,49,False
2018-07-28,50,Jumpsuit,Twenty One Pilots,2,50,60,False
2018-07-28,51,Changes,XXXTENTACION,14,18,47,False
2018-07-28,52,Bed,Nicki Minaj Featuring Ariana Grande,5,43,48,False
2018-07-28,53,You Say,Lauren Daigle,1,53,0,True
2018-07-28,54,Life Changes,Thomas Rhett,4,54,61,False
2018-07-28,55,All Girls Are The Same,Juice WRLD,10,41,57,False
2018-07-28,56,Eastside,"Benny Blanco, Halsey & Khalid",1,56,0,True
2018-07-28,57,Take Back Home Girl,Chris Lane Featuring Tori Kelly,7,57,70,False
2018-07-28,58,Emotionless,Drake,3,8,38,False
2018-07-28,59,Up Down,Morgan Wallen Featuring Florida Georgia Line,17,49,54,False
2018-07-28,60,Jackie Chan,Tiesto & Dzeko Featuring Preme & Post Malone,2,60,88,False
2018-07-28,61,Can't Take A Joke,Drake,3,18,45,False
2018-07-28,62,Coming Home,Keith Urban Featuring Julia Michaels,4,62,77,False
2018-07-28,63,Don't Go Breaking My Heart,Backstreet Boys,4,63,82,False
2018-07-28,64,"Sunrise, Sunburn, Sunset",Luke Bryan,3,64,81,False
2018-07-28,65,Growing Pains,Alessia Cara,3,65,86,False
2018-07-28,66,Solo,Clean Bandit Featuring Demi Lovato,3,66,98,False
2018-07-28,67,Elevate,Drake,3,14,44,False
2018-07-28,68,Wasted,Juice WRLD Featuring Lil Uzi Vert,1,68,0,True
2018-07-28,69,Freaky Friday,Lil Dicky Featuring Chris Brown,18,8,72,False
2018-07-28,70,Hotel Key,Old Dominion,3,70,87,False
2018-07-28,71,Desperate Man,Eric Church,1,71,0,True
2018-07-28,72,Hopeless Romantic,Wiz Khalifa Featuring Swae Lee,1,72,0,True
2018-07-28,73,Fr Fr,Wiz Khalifa Featuring Lil Skies,1,73,0,True
2018-07-28,74,Kiss Somebody,Morgan Evans,3,74,74,False
2018-07-28,75,OTW,"Khalid, Ty Dolla $ign & 6LACK",12,57,97,False
2018-07-28,76,Ball For Me,Post Malone Featuring Nicki Minaj,12,16,75,False
2018-07-28,77,All Mine,Kanye West,7,11,85,False
2018-07-28,78,Medicine,Queen Naija,7,45,90,False
2018-07-28,79,Nico And The Niners,Twenty One Pilots,1,79,0,True
2018-07-28,80,Blue Tint,Drake,3,30,55,False
2018-07-28,81,Cry Pretty,Carrie Underwood,6,48,91,False
2018-07-28,82,After Dark,Drake Featuring Static Major & Ty Dolla $ign,3,41,56,False
2018-07-28,83,Sin Pijama,Becky G + Natti Natasha,6,83,99,False
2018-07-28,84,Broken,lovelytheband,1,84,0,True
2018-07-28,85,Hooked,Dylan Scott,1,85,0,True
2018-07-28,86,Alone,Halsey Featuring Big Sean & Stefflon Don,14,66,66,False
2018-07-28,87,Ocean,TK Kravitz Featuring Jacqueez,1,87,0,True
2018-07-28,88,Ocean,Martin Garrix Featuring Khalid,3,78,92,False
2018-07-28,89,Everything's Gonna Be Alright,David Lee Murphy & Kenny Chesney,13,66,80,False
2018-07-28,90,1942,G-Eazy Featuring Yo Gotti & YBN Nahmir,1,90,0,True
2018-07-28,91,Break Up In The End,Cole Swindell,2,91,0,False
2018-07-28,92,I'm A Mess,Bebe Rexha,1,92,0,True
2018-07-28,93,Narcos,Migos,10,36,0,False
2018-07-28,94,Remind Me To Forget,Kygo Featuring Miguel,1,94,0,True
2018-07-28,95,Call Out My Name,The Weeknd,16,4,95,False
2018-07-28,96,Praise The Lord (Da Shine),A$AP Rocky Featuring Skepta,6,45,0,False
2018-07-28,97,Zombie,Bad Wolves,18,54,0,False
2018-07-28,98,8 Out Of 10,Drake,3,21,59,False
2018-07-28,99,31 Days,Future,2,65,65,False
2018-07-28,100,Talk Up,Drake Featuring Jay-Z,3,20,58,False
2018-08-04,1,In My Feelings,Drake,4,1,1,False
2018-08-04,2,I Like It,"Cardi B, Bad Bunny & J Balvin",16,1,2,False
2018-08-04,3,Girls Like You,Maroon 5 Featuring Cardi B,9,3,3,False
2018-08-04,4,FEFE,6ix9ine Featuring Nicki Minaj & Murda Beatz,1,4,0,True
2018-08-04,5,Better Now,Post Malone,13,5,7,False
2018-08-04,6,Nice For What,Drake,16,1,4,False
2018-08-04,7,Boo'd Up,Ella Mai,17,5,5,False
2018-08-04,8,Lucid Dreams,Juice WRLD,11,3,6,False
2018-08-04,9,Psycho,Post Malone Featuring Ty Dolla $ign,22,1,9,False
2018-08-04,10,Taste,Tyga Featuring Offset,9,10,13,False
2018-08-04,11,No Tears Left To Cry,Ariana Grande,14,3,8,False
2018-08-04,12,Delicate,Taylor Swift,20,12,12,False
2018-08-04,13,God's Plan,Drake,27,1,10,False
2018-08-04,14,Yes Indeed,Lil Baby & Drake,11,6,16,False
2018-08-04,15,The Middle,"Zedd, Maren Morris & Grey",26,5,14,False
2018-08-04,16,Friends,Marshmello & Anne-Marie,24,11,18,False
2018-08-04,17,Perfect,Ed Sheeran,48,1,19,False
2018-08-04,18,Love Lies,Khalid & Normani,23,18,21,False
2018-08-04,19,Sad!,XXXTENTACION,21,1,15,False
2018-08-04,20,Meant To Be,Bebe Rexha & Florida Georgia Line,40,2,17,False
2018-08-04,21,God Is A Woman,Ariana Grande,2,11,11,False
2018-08-04,22,Mine,Bazzi,27,11,22,False
2018-08-04,23,In My Blood,Shawn Mendes,19,11,23,False
2018-08-04,24,Tequila,Dan + Shay,20,21,25,False
2018-08-04,25,Youngblood,5 Seconds of Summer,8,25,32,False
2018-08-04,26,Back To You,Selena Gomez,11,22,27,False
2018-08-04,27,One Kiss,Calvin Harris & Dua Lipa,16,26,26,False
2018-08-04,28,Big Bank,"YG Featuring 2 Chainz, Big Sean & Nicki Minaj",8,28,39,False
2018-08-04,29,Nonstop,Drake,4,2,20,False
2018-08-04,30,Apes**t,The Carters,6,13,28,False
2018-08-04,31,I Like Me Better,Lauv,24,29,29,False
2018-08-04,32,Never Be The Same,Camila Cabello,32,6,30,False
2018-08-04,33,Mercy,Brett Young,12,33,38,False
2018-08-04,34,Whatever It Takes,Imagine Dragons,26,12,34,False
2018-08-04,35,Get Along,Kenny Chesney,16,31,31,False
2018-08-04,36,Simple,Florida Georgia Line,8,36,36,False
2018-08-04,37,Natural,Imagine Dragons,1,37,0,True
2018-08-04,38,I'm Upset,Drake,9,7,24,False
2018-08-04,39,Moonlight,XXXTENTACION,15,13,37,False
2018-08-04,40,Look Alive,BlocBoy JB Featuring Drake,24,5,35,False
2018-08-04,41,Te Bote,"Casper Magico, Nio Garcia, Darell, Nicky Jam, Ozuna & Bad Bunny",14,36,42,False
2018-08-04,42,Drowns The Whiskey,Jason Aldean Featuring Miranda Lambert,6,42,48,False
2018-08-04,43,I Was Jack (You Were Diane),Jake Owen,9,43,45,False
2018-08-04,44,Sit Next To Me,Foster the People,19,42,46,False
2018-08-04,45,This Is America,Childish Gambino,12,1,40,False
2018-08-04,46,Be Careful,Cardi B,17,11,41,False
2018-08-04,47,X,Nicky Jam x J Balvin,21,41,47,False
2018-08-04,48,One Number Away,Luke Combs,19,34,49,False
2018-08-04,49,Life Changes,Thomas Rhett,5,49,54,False
2018-08-04,50,Coming Home,Keith Urban Featuring Julia Michaels,5,50,62,False
2018-08-04,51,Changes,XXXTENTACION,15,18,51,False
2018-08-04,52,Eastside,"Benny Blanco, Halsey & Khalid",2,52,56,False
2018-08-04,53,Mob Ties,Drake,4,13,43,False
2018-08-04,54,Don't Matter To Me,Drake Featuring Michael Jackson,4,9,33,False
2018-08-04,55,Bed,Nicki Minaj Featuring Ariana Grande,6,43,52,False
2018-08-04,56,Sober,Demi Lovato,2,56,0,False
2018-08-04,57,Take Back Home Girl,Chris Lane Featuring Tori Kelly,8,57,57,False
2018-08-04,58,All Girls Are The Same,Juice WRLD,11,41,55,False
2018-08-04,59,"Sunrise, Sunburn, Sunset",Luke Bryan,4,59,64,False
2018-08-04,60,I Might Need Security,Chance the Rapper,1,60,0,True
2018-08-04,61,Solo,Clean Bandit Featuring Demi Lovato,4,61,66,False
2018-08-04,62,Jackie Chan,Tiesto & Dzeko Featuring Preme & Post Malone,3,60,60,False
2018-08-04,63,Hotel Key,Old Dominion,4,63,70,False
2018-08-04,64,I'm A Mess,Bebe Rexha,2,64,92,False
2018-08-04,65,Medicine,Queen Naija,8,45,78,False
2018-08-04,66,Growing Pains,Alessia Cara,4,65,65,False
2018-08-04,67,Wasted,Juice WRLD Featuring Lil Uzi Vert,2,67,68,False
2018-08-04,68,Don't Go Breaking My Heart,Backstreet Boys,5,63,63,False
2018-08-04,69,Summertime Magic,Childish Gambino,2,44,44,False
2018-08-04,70,Up Down,Morgan Wallen Featuring Florida Georgia Line,18,49,59,False
2018-08-04,71,Kiss Somebody,Morgan Evans,4,71,74,False
2018-08-04,72,Sin Pijama,Becky G + Natti Natasha,7,72,83,False
2018-08-04,73,Freaky Friday,Lil Dicky Featuring Chris Brown,19,8,69,False
2018-08-04,74,You Say,Lauren Daigle,2,53,53,False
2018-08-04,75,Broken,lovelytheband,2,75,84,False
2018-08-04,76,Hooked,Dylan Scott,2,76,85,False
2018-08-04,77,Level Up,Ciara,1,77,0,True
2018-08-04,78,Ocean,TK Kravitz Featuring Jacqueez,2,78,87,False
2018-08-04,79,Remind Me To Forget,Kygo Featuring Miguel,2,79,94,False
2018-08-04,80,OTW,"Khalid, Ty Dolla $ign & 6LACK",13,57,75,False
2018-08-04,81,Best Part,Daniel Caesar Featuring H.E.R.,1,81,0,True
2018-08-04,82,1942,G-Eazy Featuring Yo Gotti & YBN Nahmir,2,82,90,False
2018-08-04,83,Ball For Me,Post Malone Featuring Nicki Minaj,13,16,76,False
2018-08-04,84,Cry Pretty,Carrie Underwood,7,48,81,False
2018-08-04,85,Ocean,Martin Garrix Featuring Khalid,4,78,88,False
2018-08-04,86,Africa,Weezer,2,86,0,False
2018-08-04,87,Break Up In The End,Cole Swindell,3,87,91,False
2018-08-04,88,Jumpsuit,Twenty One Pilots,3,50,50,False
2018-08-04,89,Call Out My Name,The Weeknd,17,4,95,False
2018-08-04,90,Nevermind,Dennis Lloyd,1,90,0,True
2018-08-04,91,All Mine,Kanye West,8,11,77,False
2018-08-04,92,Narcos,Migos,11,36,93,False
2018-08-04,93,You Should See Me In A Crown,Billie Eilish,1,93,0,True
2018-08-04,94,Desperate Man,Eric Church,2,71,71,False
2018-08-04,95,Hopeless Romantic,Wiz Khalifa Featuring Swae Lee,2,72,72,False
2018-08-04,96,Praise The Lord (Da Shine),A$AP Rocky Featuring Skepta,7,45,96,False
2018-08-04,97,Lie,NF,1,97,0,True
2018-08-04,98,Lose It,Kane Brown,2,84,0,False
2018-08-04,99,Emotionless,Drake,4,8,58,False
2018-08-04,100,Can't Take A Joke,Drake,4,18,61,False
2018-08-11,1,In My Feelings,Drake,5,1,1,False
2018-08-11,2,I Like It,"Cardi B, Bad Bunny & J Balvin",17,1,2,False
2018-08-11,3,FEFE,6ix9ine Featuring Nicki Minaj & Murda Beatz,2,3,4,False
2018-08-11,4,Girls Like You,Maroon 5 Featuring Cardi B,10,3,3,False
2018-08-11,5,No Brainer,"DJ Khaled Featuring Justin Bieber, Chance the Rapper & Quavo",1,5,0,True
2018-08-11,6,Better Now,Post Malone,14,5,5,False
2018-08-11,7,Lucid Dreams,Juice WRLD,12,3,8,False
2018-08-11,8,Boo'd Up,Ella Mai,18,5,7,False
2018-08-11,9,Taste,Tyga Featuring Offset,10,9,10,False
2018-08-11,10,Nice For What,Drake,17,1,6,False
2018-08-11,11,Psycho,Post Malone Featuring Ty Dolla $ign,23,1,9,False
2018-08-11,12,No Tears Left To Cry,Ariana Grande,15,3,11,False
2018-08-11,13,Delicate,Taylor Swift,21,12,12,False
2018-08-11,14,Yes Indeed,Lil Baby & Drake,12,6,14,False
2018-08-11,15,Love Lies,Khalid & Normani,24,15,18,False
2018-08-11,16,God's Plan,Drake,28,1,13,False
2018-08-11,17,The Middle,"Zedd, Maren Morris & Grey",27,5,15,False
2018-08-11,18,Perfect,Ed Sheeran,49,1,17,False
2018-08-11,19,Meant To Be,Bebe Rexha & Florida Georgia Line,41,2,20,False
2018-08-11,20,Friends,Marshmello & Anne-Marie,25,11,16,False
2018-08-11,21,Sad!,XXXTENTACION,22,1,19,False
2018-08-11,22,Get Along,Kenny Chesney,17,22,35,False
2018-08-11,23,Youngblood,5 Seconds of Summer,9,23,25,False
2018-08-11,24,Mine,Bazzi,28,11,22,False
2018-08-11,25,Big Bank,"YG Featuring 2 Chainz, Big Sean & Nicki Minaj",9,25,28,False
2018-08-11,26,Back To You,Selena Gomez,12,22,26,False
2018-08-11,27,God Is A Woman,Ariana Grande,3,11,21,False
2018-08-11,28,Tequila,Dan + Shay,21,21,24,False
2018-08-11,29,Nonstop,Drake,5,2,29,False
2018-08-11,30,One Kiss,Calvin Harris & Dua Lipa,17,26,27,False
2018-08-11,31,In My Blood,Shawn Mendes,20,11,23,False
2018-08-11,32,Mercy,Brett Young,13,32,33,False
2018-08-11,33,I Like Me Better,Lauv,25,29,31,False
2018-08-11,34,Simple,Florida Georgia Line,9,34,36,False
2018-08-11,35,Apes**t,The Carters,7,13,30,False
2018-08-11,36,Never Be The Same,Camila Cabello,33,6,32,False
2018-08-11,37,Whatever It Takes,Imagine Dragons,27,12,34,False
2018-08-11,38,Moonlight,XXXTENTACION,16,13,39,False
2018-08-11,39,Drowns The Whiskey,Jason Aldean Featuring Miranda Lambert,7,39,42,False
2018-08-11,40,Look Alive,BlocBoy JB Featuring Drake,25,5,40,False
2018-08-11,41,Te Bote,"Casper Magico, Nio Garcia, Darell, Nicky Jam, Ozuna & Bad Bunny",15,36,41,False
2018-08-11,42,Natural,Imagine Dragons,2,37,37,False
2018-08-11,43,Be Careful,Cardi B,18,11,46,False
2018-08-11,44,Eastside,"Benny Blanco, Halsey & Khalid",3,44,52,False
2018-08-11,45,I'm Upset,Drake,10,7,38,False
2018-08-11,46,Life Changes,Thomas Rhett,6,46,49,False
2018-08-11,47,Sober,Demi Lovato,3,47,56,False
2018-08-11,48,Sit Next To Me,Foster the People,20,42,44,False
2018-08-11,49,One Number Away,Luke Combs,20,34,48,False
2018-08-11,50,"Sunrise, Sunburn, Sunset",Luke Bryan,5,50,59,False
2018-08-11,51,Coming Home,Keith Urban Featuring Julia Michaels,6,50,50,False
2018-08-11,52,This Is America,Childish Gambino,13,1,45,False
2018-08-11,53,I'm A Mess,Bebe Rexha,3,53,64,False
2018-08-11,54,Medicine,Queen Naija,9,45,65,False
2018-08-11,55,Take Back Home Girl,Chris Lane Featuring Tori Kelly,9,55,57,False
2018-08-11,56,Changes,XXXTENTACION,16,18,51,False
2018-08-11,57,All Girls Are The Same,Juice WRLD,12,41,58,False
2018-08-11,58,Solo,Clean Bandit Featuring Demi Lovato,5,58,61,False
2018-08-11,59,Level Up,Ciara,2,59,77,False
2018-08-11,60,Hotel Key,Old Dominion,5,60,63,False
2018-08-11,61,Jackie Chan,Tiesto & Dzeko Featuring Preme & Post Malone,4,60,62,False
2018-08-11,62,I Was Jack (You Were Diane),Jake Owen,10,43,43,False
2018-08-11,63,Bed,Nicki Minaj Featuring Ariana Grande,7,43,55,False
2018-08-11,64,Mob Ties,Drake,5,13,53,False
2018-08-11,65,Don't Go Breaking My Heart,Backstreet Boys,6,63,68,False
2018-08-11,66,Don't Matter To Me,Drake Featuring Michael Jackson,5,9,54,False
2018-08-11,67,Kiss Somebody,Morgan Evans,5,67,71,False
2018-08-11,68,Africa,Weezer,3,68,86,False
2018-08-11,69,Broken,lovelytheband,3,69,75,False
2018-08-11,70,Sin Pijama,Becky G + Natti Natasha,8,70,72,False
2018-08-11,71,Growing Pains,Alessia Cara,5,65,66,False
2018-08-11,72,Hooked,Dylan Scott,3,72,76,False
2018-08-11,73,Up Down,Morgan Wallen Featuring Florida Georgia Line,19,49,70,False
2018-08-11,74,Remind Me To Forget,Kygo Featuring Miguel,3,74,79,False
2018-08-11,75,Wasted,Juice WRLD Featuring Lil Uzi Vert,3,67,67,False
2018-08-11,76,Ocean,TK Kravitz Featuring Jacqueez,3,76,78,False
2018-08-11,77,1942,G-Eazy Featuring Yo Gotti & YBN Nahmir,3,77,82,False
2018-08-11,78,You Say,Lauren Daigle,3,53,74,False
2018-08-11,79,Summertime Magic,Childish Gambino,3,44,69,False
2018-08-11,80,One Day,Logic Featuring Ryan Tedder,1,80,0,True
2018-08-11,81,Cry Pretty,Carrie Underwood,8,48,84,False
2018-08-11,82,Best Part,Daniel Caesar Featuring H.E.R.,2,81,81,False
2018-08-11,83,Freaky Friday,Lil Dicky Featuring Chris Brown,20,8,73,False
2018-08-11,84,Praise The Lord (Da Shine),A$AP Rocky Featuring Skepta,8,45,96,False
2018-08-11,85,Break Up In The End,Cole Swindell,4,85,87,False
2018-08-11,86,Nevermind,Dennis Lloyd,2,86,90,False
2018-08-11,87,Side Effects,The Chainsmokers Featuring Emily Warren,1,87,0,True
2018-08-11,88,OTW,"Khalid, Ty Dolla $ign & 6LACK",14,57,80,False
2018-08-11,89,Ball For Me,Post Malone Featuring Nicki Minaj,14,16,83,False
2018-08-11,90,Lie,NF,2,90,97,False
2018-08-11,91,Narcos,Migos,12,36,92,False
2018-08-11,92,That's On Me,Yella Beezy,1,92,0,True
2018-08-11,93,Desperate Man,Eric Church,3,71,94,False
2018-08-11,94,Lose It,Kane Brown,3,84,98,False
2018-08-11,95,Call Out My Name,The Weeknd,18,4,89,False
2018-08-11,96,All Mine,Kanye West,9,11,91,False
2018-08-11,97,Ocean,Martin Garrix Featuring Khalid,5,78,85,False
2018-08-11,98,Karma,Queen Naija,2,63,0,False
2018-08-11,99,Handgun,YG Featuring A$AP Rocky,1,99,0,True
2018-08-11,100,Drunk Me,Mitchell Tenpenny,1,100,0,True
2018-08-18,1,In My Feelings,Drake,6,1,1,False
2018-08-18,2,Girls Like You,Maroon 5 Featuring Cardi B,11,2,4,False
2018-08-18,3,I Like It,"Cardi B, Bad Bunny & J Balvin",18,1,2,False
2018-08-18,4,Sicko Mode,Travis Scott,1,4,0,True
2018-08-18,5,FEFE,6ix9ine Featuring Nicki Minaj & Murda Beatz,3,3,3,False
2018-08-18,6,Better Now,Post Malone,15,5,6,False
2018-08-18,7,Lucid Dreams,Juice WRLD,13,3,7,False
2018-08-18,8,Stargazing,Travis Scott,1,8,0,True
2018-08-18,9,Taste,Tyga Featuring Offset,11,9,9,False
2018-08-18,10,Boo'd Up,Ella Mai,19,5,8,False
2018-08-18,11,No Brainer,"DJ Khaled Featuring Justin Bieber, Chance the Rapper & Quavo",2,5,5,False
2018-08-18,12,Nice For What,Drake,18,1,10,False
2018-08-18,13,Psycho,Post Malone Featuring Ty Dolla $ign,24,1,11,False
2018-08-18,14,No Tears Left To Cry,Ariana Grande,16,3,12,False
2018-08-18,15,Love Lies,Khalid & Normani,25,15,15,False
2018-08-18,16,Big Bank,"YG Featuring 2 Chainz, Big Sean & Nicki Minaj",10,16,25,False
2018-08-18,17,Delicate,Taylor Swift,22,12,13,False
2018-08-18,18,Yes Indeed,Lil Baby & Drake,13,6,14,False
2018-08-18,19,The Middle,"Zedd, Maren Morris & Grey",28,5,17,False
2018-08-18,20,Meant To Be,Bebe Rexha & Florida Georgia Line,42,2,19,False
2018-08-18,21,Perfect,Ed Sheeran,50,1,18,False
2018-08-18,22,Youngblood,5 Seconds of Summer,10,22,23,False
2018-08-18,23,God's Plan,Drake,29,1,16,False
2018-08-18,24,Carousel,Travis Scott,1,24,0,True
2018-08-18,25,Yosemite,Travis Scott,1,25,0,True
2018-08-18,26,R.I.P Screw,Travis Scott,1,26,0,True
2018-08-18,27,Stop Trying To Be God,Travis Scott,1,27,0,True
2018-08-18,28,Sad!,XXXTENTACION,23,1,21,False
2018-08-18,29,Nonstop,Drake,6,2,29,False
2018-08-18,30,Wake Up,Travis Scott,1,30,0,True
2018-08-18,31,No Bystanders,Travis Scott,1,31,0,True
2018-08-18,32,Friends,Marshmello & Anne-Marie,26,11,20,False
2018-08-18,33,Back To You,Selena Gomez,13,22,26,False
2018-08-18,34,Mercy,Brett Young,14,32,32,False
2018-08-18,35,Mine,Bazzi,29,11,24,False
2018-08-18,36,5% Tint,Travis Scott,1,36,0,True
2018-08-18,37,Tequila,Dan + Shay,22,21,28,False
2018-08-18,38,Can't Say,Travis Scott,1,38,0,True
2018-08-18,39,God Is A Woman,Ariana Grande,4,11,27,False
2018-08-18,40,One Kiss,Calvin Harris & Dua Lipa,18,26,30,False
2018-08-18,41,NC-17,Travis Scott,1,41,0,True
2018-08-18,42,In My Blood,Shawn Mendes,21,11,31,False
2018-08-18,43,Who? What!,Travis Scott,1,43,0,True
2018-08-18,44,Get Along,Kenny Chesney,18,22,22,False
2018-08-18,45,Simple,Florida Georgia Line,10,34,34,False
2018-08-18,46,Never Be The Same,Camila Cabello,34,6,36,False
2018-08-18,47,Skeletons,Travis Scott,1,47,0,True
2018-08-18,48,Astrothunder,Travis Scott,1,48,0,True
2018-08-18,49,I Like Me Better,Lauv,26,29,33,False
2018-08-18,50,Butterfly Effect,Travis Scott,23,50,0,False
2018-08-18,51,Apes**t,The Carters,8,13,35,False
2018-08-18,52,Drowns The Whiskey,Jason Aldean Featuring Miranda Lambert,8,39,39,False
2018-08-18,53,Houstonfornication,Travis Scott,1,53,0,True
2018-08-18,54,Natural,Imagine Dragons,3,37,42,False
2018-08-18,55,Eastside,"Benny Blanco, Halsey & Khalid",4,44,44,False
2018-08-18,56,Life Changes,Thomas Rhett,7,46,46,False
2018-08-18,57,"Sunrise, Sunburn, Sunset",Luke Bryan,6,50,50,False
2018-08-18,58,Moonlight,XXXTENTACION,17,13,38,False
2018-08-18,59,Te Bote,"Casper Magico, Nio Garcia, Darell, Nicky Jam, Ozuna & Bad Bunny",16,36,41,False
2018-08-18,60,Beautiful,Bazzi Featuring Camila Cabello,1,60,0,True
2018-08-18,61,Be Careful,Cardi B,19,11,43,False
2018-08-18,62,I'm A Mess,Bebe Rexha,4,53,53,False
2018-08-18,63,Level Up,Ciara,3,59,59,False
2018-08-18,64,Hotel Key,Old Dominion,6,60,60,False
2018-08-18,65,I'm Upset,Drake,11,7,45,False
2018-08-18,66,Solo,Clean Bandit Featuring Demi Lovato,6,58,58,False
2018-08-18,67,Take Back Home Girl,Chris Lane Featuring Tori Kelly,10,55,55,False
2018-08-18,68,Coffee Bean,Travis Scott,1,68,0,True
2018-08-18,69,All Girls Are The Same,Juice WRLD,13,41,57,False
2018-08-18,70,1942,G-Eazy Featuring Yo Gotti & YBN Nahmir,4,70,77,False
2018-08-18,71,Medicine,Queen Naija,10,45,54,False
2018-08-18,72,Jackie Chan,Tiesto & Dzeko Featuring Preme & Post Malone,5,60,61,False
2018-08-18,73,Africa,Weezer,4,68,68,False
2018-08-18,74,Broken,lovelytheband,4,69,69,False
2018-08-18,75,Don't Go Breaking My Heart,Backstreet Boys,7,63,65,False
2018-08-18,76,Could've Been,H.E.R. Featuring Bryson Tiller,1,76,0,True
2018-08-18,77,Kiss Somebody,Morgan Evans,6,67,67,False
2018-08-18,78,Changes,XXXTENTACION,17,18,56,False
2018-08-18,79,Trip,Ella Mai,1,79,0,True
2018-08-18,80,This Is America,Childish Gambino,14,1,52,False
2018-08-18,81,Remind Me To Forget,Kygo Featuring Miguel,4,74,74,False
2018-08-18,82,Hooked,Dylan Scott,4,72,72,False
2018-08-18,83,Growing Pains,Alessia Cara,6,65,71,False
2018-08-18,84,Bed,Nicki Minaj Featuring Ariana Grande,8,43,63,False
2018-08-18,85,You Say,Lauren Daigle,4,53,78,False
2018-08-18,86,Lose It,Kane Brown,4,84,94,False
2018-08-18,87,Lean Wit Me,Juice WRLD,1,87,0,True
2018-08-18,88,Up Down,Morgan Wallen Featuring Florida Georgia Line,20,49,73,False
2018-08-18,89,Cry Pretty,Carrie Underwood,9,48,81,False
2018-08-18,90,Break Up In The End,Cole Swindell,5,85,85,False
2018-08-18,91,I Was Jack (You Were Diane),Jake Owen,11,43,62,False
2018-08-18,92,Best Part,Daniel Caesar Featuring H.E.R.,3,81,82,False
2018-08-18,93,Sin Pijama,Becky G + Natti Natasha,9,70,70,False
2018-08-18,94,Mob Ties,Drake,6,13,64,False
2018-08-18,95,That's On Me,Yella Beezy,2,92,92,False
2018-08-18,96,Coming Home,Keith Urban Featuring Julia Michaels,7,50,51,False
2018-08-18,97,Wasted,Juice WRLD Featuring Lil Uzi Vert,4,67,75,False
2018-08-18,98,Handgun,YG Featuring A$AP Rocky,2,98,99,False
2018-08-18,99,Nevermind,Dennis Lloyd,3,86,86,False
2018-08-18,100,Summertime Magic,Childish Gambino,4,44,79,False
2018-08-25,1,In My Feelings,Drake,7,1,1,False
2018-08-25,2,Girls Like You,Maroon 5 Featuring Cardi B,12,2,2,False
2018-08-25,3,I Like It,"Cardi B, Bad Bunny & J Balvin",19,1,3,False
2018-08-25,4,FEFE,6ix9ine Featuring Nicki Minaj & Murda Beatz,4,3,5,False
2018-08-25,5,Better Now,Post Malone,16,5,6,False
2018-08-25,6,Lucid Dreams,Juice WRLD,14,3,7,False
2018-08-25,7,Sicko Mode,Travis Scott,2,4,4,False
2018-08-25,8,Taste,Tyga Featuring Offset,12,8,9,False
2018-08-25,9,Boo'd Up,Ella Mai,20,5,10,False
2018-08-25,10,No Brainer,"DJ Khaled Featuring Justin Bieber, Chance the Rapper & Quavo",3,5,11,False
2018-08-25,11,Love Lies,Khalid & Normani,26,11,15,False
2018-08-25,12,No Tears Left To Cry,Ariana Grande,17,3,14,False
2018-08-25,13,Psycho,Post Malone Featuring Ty Dolla $ign,25,1,13,False
2018-08-25,14,Nice For What,Drake,19,1,12,False
2018-08-25,15,Yes Indeed,Lil Baby & Drake,14,6,18,False
2018-08-25,16,Delicate,Taylor Swift,23,12,17,False
2018-08-25,17,Youngblood,5 Seconds of Summer,11,17,22,False
2018-08-25,18,Barbie Dreams,Nicki Minaj,1,18,0,True
2018-08-25,19,Meant To Be,Bebe Rexha & Florida Georgia Line,43,2,20,False
2018-08-25,20,Perfect,Ed Sheeran,51,1,21,False
2018-08-25,21,Nonstop,Drake,7,2,29,False
2018-08-25,22,The Middle,"Zedd, Maren Morris & Grey",29,5,19,False
2018-08-25,23,Big Bank,"YG Featuring 2 Chainz, Big Sean & Nicki Minaj",11,16,16,False
2018-08-25,24,God's Plan,Drake,30,1,23,False
2018-08-25,25,Back To You,Selena Gomez,14,22,33,False
2018-08-25,26,Sad!,XXXTENTACION,24,1,28,False
2018-08-25,27,Stargazing,Travis Scott,2,8,8,False
2018-08-25,28,Tequila,Dan + Shay,23,21,37,False
2018-08-25,29,Mercy,Brett Young,15,29,34,False
2018-08-25,30,God Is A Woman,Ariana Grande,5,11,39,False
2018-08-25,31,Mine,Bazzi,30,11,35,False
2018-08-25,32,One Kiss,Calvin Harris & Dua Lipa,19,26,40,False
2018-08-25,33,Friends,Marshmello & Anne-Marie,27,11,32,False
2018-08-25,34,Natural,Imagine Dragons,4,34,54,False
2018-08-25,35,Simple,Florida Georgia Line,11,34,45,False
2018-08-25,36,Drowns The Whiskey,Jason Aldean Featuring Miranda Lambert,9,36,52,False
2018-08-25,37,Never Be The Same,Camila Cabello,35,6,46,False
2018-08-25,38,In My Blood,Shawn Mendes,22,11,42,False
2018-08-25,39,I Like Me Better,Lauv,27,29,49,False
2018-08-25,40,Get Along,Kenny Chesney,19,22,44,False
2018-08-25,41,Apes**t,The Carters,9,13,51,False
2018-08-25,42,Bed,Nicki Minaj Featuring Ariana Grande,9,42,84,False
2018-08-25,43,Yosemite,Travis Scott,2,25,25,False
2018-08-25,44,Chun-Li,Nicki Minaj,15,10,0,False
2018-08-25,45,Life Changes,Thomas Rhett,8,45,56,False
2018-08-25,46,Taking A Walk,Trippie Redd,1,46,0,True
2018-08-25,47,"Sunrise, Sunburn, Sunset",Luke Bryan,7,47,57,False
2018-08-25,48,Eastside,"Benny Blanco, Halsey & Khalid",5,44,55,False
2018-08-25,49,Te Bote,"Casper Magico, Nio Garcia, Darell, Nicky Jam, Ozuna & Bad Bunny",17,36,59,False
2018-08-25,50,Moonlight,XXXTENTACION,18,13,58,False
2018-08-25,51,I'm A Mess,Bebe Rexha,5,51,62,False
2018-08-25,52,Beautiful,Bazzi Featuring Camila Cabello,2,52,60,False
2018-08-25,53,Kiss Somebody,Morgan Evans,7,53,77,False
2018-08-25,54,Broken,lovelytheband,5,54,74,False
2018-08-25,55,Hotel Key,Old Dominion,7,55,64,False
2018-08-25,56,Rich Sex,Nicki Minaj Featuring Lil Wayne,2,56,0,False
2018-08-25,57,Africa,Weezer,5,57,73,False
2018-08-25,58,Majesty,Nicki Minaj Featuring Eminem & Labrinth,1,58,0,True
2018-08-25,59,All Girls Are The Same,Juice WRLD,14,41,69,False
2018-08-25,60,Ganja Burns,Nicki Minaj,1,60,0,True
2018-08-25,61,Take Back Home Girl,Chris Lane Featuring Tori Kelly,11,55,67,False
2018-08-25,62,Solo,Clean Bandit Featuring Demi Lovato,7,58,66,False
2018-08-25,63,Jackie Chan,Tiesto & Dzeko Featuring Preme & Post Malone,6,60,72,False
2018-08-25,64,Be Careful,Cardi B,20,11,61,False
2018-08-25,65,Medicine,Queen Naija,11,45,71,False
2018-08-25,66,Stop Trying To Be God,Travis Scott,2,27,27,False
2018-08-25,67,Level Up,Ciara,4,59,63,False
2018-08-25,68,Hooked,Dylan Scott,5,68,82,False
2018-08-25,69,Can't Say,Travis Scott,2,38,38,False
2018-08-25,70,Remind Me To Forget,Kygo Featuring Miguel,5,70,81,False
2018-08-25,71,Wake Up,Travis Scott,2,30,30,False
2018-08-25,72,W O R K I N  M E,Quavo,1,72,0,True
2018-08-25,73,Don't Go Breaking My Heart,Backstreet Boys,8,63,75,False
2018-08-25,74,I'm Upset,Drake,12,7,65,False
2018-08-25,75,R.I.P Screw,Travis Scott,2,26,26,False
2018-08-25,76,Trip,Ella Mai,2,76,79,False
2018-08-25,77,You Say,Lauren Daigle,5,53,85,False
2018-08-25,78,Break Up In The End,Cole Swindell,6,78,90,False
2018-08-25,79,No Bystanders,Travis Scott,2,31,31,False
2018-08-25,80,Changes,XXXTENTACION,18,18,78,False
2018-08-25,81,Carousel,Travis Scott,2,24,24,False
2018-08-25,82,Lose It,Kane Brown,5,82,86,False
2018-08-25,83,Growing Pains,Alessia Cara,7,65,83,False
2018-08-25,84,Lean Wit Me,Juice WRLD,2,84,87,False
2018-08-25,85,1942,G-Eazy Featuring Yo Gotti & YBN Nahmir,5,70,70,False
2018-08-25,86,That's On Me,Yella Beezy,3,86,95,False
2018-08-25,87,Album Of The Year (Freestyle),J. Cole,1,87,0,True
2018-08-25,88,This Is America,Childish Gambino,15,1,80,False
2018-08-25,89,5% Tint,Travis Scott,2,36,36,False
2018-08-25,90,Have It All,Jason Mraz,1,90,0,True
2018-08-25,91,Drew Barrymore,Bryce Vine,1,91,0,True
2018-08-25,92,Cry Pretty,Carrie Underwood,10,48,89,False
2018-08-25,93,Sin Pijama,Becky G + Natti Natasha,10,70,93,False
2018-08-25,94,Best Part,Daniel Caesar Featuring H.E.R.,4,81,92,False
2018-08-25,95,She Got The Best Of Me,Luke Combs,1,95,0,True
2018-08-25,96,Lie,NF,3,90,0,False
2018-08-25,97,Nevermind,Dennis Lloyd,4,86,99,False
2018-08-25,98,Thought I Knew You,Nicki Minaj Featuring The Weeknd,1,98,0,True
2018-08-25,99,Mob Ties,Drake,7,13,94,False
2018-08-25,100,Wasted,Juice WRLD Featuring Lil Uzi Vert,5,67,97,False
2018-09-01,1,In My Feelings,Drake,8,1,1,False
2018-09-01,2,Girls Like You,Maroon 5 Featuring Cardi B,13,2,2,False
2018-09-01,3,I Like It,"Cardi B, Bad Bunny & J Balvin",20,1,3,False
2018-09-01,4,FEFE,6ix9ine Featuring Nicki Minaj & Murda Beatz,5,3,4,False
2018-09-01,5,Better Now,Post Malone,17,5,5,False
2018-09-01,6,Lucid Dreams,Juice WRLD,15,3,6,False
2018-09-01,7,No Tears Left To Cry,Ariana Grande,18,3,12,False
2018-09-01,8,God Is A Woman,Ariana Grande,6,8,30,False
2018-09-01,9,Sicko Mode,Travis Scott,3,4,7,False
2018-09-01,10,Taste,Tyga Featuring Offset,13,8,8,False
2018-09-01,11,Love Lies,Khalid & Normani,27,11,11,False
2018-09-01,12,No Brainer,"DJ Khaled Featuring Justin Bieber, Chance the Rapper & Quavo",4,5,10,False
2018-09-01,13,Boo'd Up,Ella Mai,21,5,9,False
2018-09-01,14,Yes Indeed,Lil Baby & Drake,15,6,15,False
2018-09-01,15,Youngblood,5 Seconds of Summer,12,15,17,False
2018-09-01,16,Psycho,Post Malone Featuring Ty Dolla $ign,26,1,13,False
2018-09-01,17,Nice For What,Drake,20,1,14,False
2018-09-01,18,Nonstop,Drake,8,2,21,False
2018-09-01,19,Delicate,Taylor Swift,24,12,16,False
2018-09-01,20,Perfect,Ed Sheeran,52,1,20,False
2018-09-01,21,Meant To Be,Bebe Rexha & Florida Georgia Line,44,2,19,False
2018-09-01,22,Breathin,Ariana Grande,1,22,0,True
2018-09-01,23,Back To You,Selena Gomez,15,22,25,False
2018-09-01,24,Big Bank,"YG Featuring 2 Chainz, Big Sean & Nicki Minaj",12,16,23,False
2018-09-01,25,The Middle,"Zedd, Maren Morris & Grey",30,5,22,False
2018-09-01,26,Sad!,XXXTENTACION,25,1,26,False
2018-09-01,27,God's Plan,Drake,31,1,24,False
2018-09-01,28,I Like Me Better,Lauv,28,28,39,False
2018-09-01,29,Natural,Imagine Dragons,5,29,34,False
2018-09-01,30,Tequila,Dan + Shay,24,21,28,False
2018-09-01,31,Eastside,"Benny Blanco, Halsey & Khalid",6,31,48,False
2018-09-01,32,Drowns The Whiskey,Jason Aldean Featuring Miranda Lambert,10,32,36,False
2018-09-01,33,Mine,Bazzi,31,11,31,False
2018-09-01,34,Mercy,Brett Young,16,29,29,False
2018-09-01,35,Stargazing,Travis Scott,3,8,27,False
2018-09-01,36,Simple,Florida Georgia Line,12,34,35,False
2018-09-01,37,Friends,Marshmello & Anne-Marie,28,11,33,False
2018-09-01,38,Barbie Dreams,Nicki Minaj,2,18,18,False
2018-09-01,39,One Kiss,Calvin Harris & Dua Lipa,20,26,32,False
2018-09-01,40,"Sunrise, Sunburn, Sunset",Luke Bryan,8,40,47,False
2018-09-01,41,Never Be The Same,Camila Cabello,36,6,37,False
2018-09-01,42,In My Blood,Shawn Mendes,23,11,38,False
2018-09-01,43,Life Changes,Thomas Rhett,9,43,45,False
2018-09-01,44,Get Along,Kenny Chesney,20,22,40,False
2018-09-01,45,I'm A Mess,Bebe Rexha,6,45,51,False
2018-09-01,46,Apes**t,The Carters,10,13,41,False
2018-09-01,47,Te Bote,"Casper Magico, Nio Garcia, Darell, Nicky Jam, Ozuna & Bad Bunny",18,36,49,False
2018-09-01,48,Moonlight,XXXTENTACION,19,13,50,False
2018-09-01,49,Break Up In The End,Cole Swindell,7,49,78,False
2018-09-01,50,Beautiful,Bazzi Featuring Camila Cabello,3,50,52,False
2018-09-01,51,Broken,lovelytheband,6,51,54,False
2018-09-01,52,Hotel Key,Old Dominion,8,52,55,False
2018-09-01,53,Yosemite,Travis Scott,3,25,43,False
2018-09-01,54,Africa,Weezer,6,54,57,False
2018-09-01,55,Sweetener,Ariana Grande,1,55,0,True
2018-09-01,56,You Say,Lauren Daigle,6,53,77,False
2018-09-01,57,Drew Barrymore,Bryce Vine,2,57,91,False
2018-09-01,58,Jackie Chan,Tiesto & Dzeko Featuring Preme & Post Malone,7,58,63,False
2018-09-01,59,Solo,Clean Bandit Featuring Demi Lovato,8,58,62,False
2018-09-01,60,Hooked,Dylan Scott,6,60,68,False
2018-09-01,61,All Girls Are The Same,Juice WRLD,15,41,59,False
2018-09-01,62,Everytime,Ariana Grande,1,62,0,True
2018-09-01,63,Happier,Marshmello & Bastille,1,63,0,True
2018-09-01,64,Medicine,Queen Naija,12,45,65,False
2018-09-01,65,Promises,Calvin Harris & Sam Smith,1,65,0,True
2018-09-01,66,Remind Me To Forget,Kygo Featuring Miguel,6,66,70,False
2018-09-01,67,Trip,Ella Mai,3,67,76,False
2018-09-01,68,Lean Wit Me,Juice WRLD,3,68,84,False
2018-09-01,69,Level Up,Ciara,5,59,67,False
2018-09-01,70,I'm Upset,Drake,13,7,74,False
2018-09-01,71,1942,G-Eazy Featuring Yo Gotti & YBN Nahmir,6,70,85,False
2018-09-01,72,R.E.M,Ariana Grande,1,72,0,True
2018-09-01,73,That's On Me,Yella Beezy,4,73,86,False
2018-09-01,74,She Got The Best Of Me,Luke Combs,2,74,95,False
2018-09-01,75,Lose It,Kane Brown,6,75,82,False
2018-09-01,76,Don't Go Breaking My Heart,Backstreet Boys,9,63,73,False
2018-09-01,77,Blue Tacoma,Russell Dickerson,1,77,0,True
2018-09-01,78,Chanel (Go Get It),Young Thug Featuring Gunna & Lil Baby,1,78,0,True
2018-09-01,79,Changes,XXXTENTACION,19,18,80,False
2018-09-01,80,Taking A Walk,Trippie Redd,2,46,46,False
2018-09-01,81,Side Effects,The Chainsmokers Featuring Emily Warren,2,81,0,False
2018-09-01,82,Best Part,Daniel Caesar Featuring H.E.R.,5,81,94,False
2018-09-01,83,Drunk Me,Mitchell Tenpenny,2,83,0,False
2018-09-01,84,Cry Pretty,Carrie Underwood,11,48,92,False
2018-09-01,85,Ring,Cardi B Featuring Kehlani,5,28,0,False
2018-09-01,86,Kiss Somebody,Morgan Evans,8,53,53,False
2018-09-01,87,Goodnight N Go,Ariana Grande,1,87,0,True
2018-09-01,88,Made For Now,Janet & Daddy Yankee,1,88,0,True
2018-09-01,89,The Light Is Coming,Ariana Grande Featuring Nicki Minaj,2,89,0,False
2018-09-01,90,High Hopes,Panic! At The Disco,3,84,0,False
2018-09-01,91,Bed,Nicki Minaj Featuring Ariana Grande,10,42,42,False
2018-09-01,92,Growing Pains,Alessia Cara,8,65,83,False
2018-09-01,93,Take Back Home Girl,Chris Lane Featuring Tori Kelly,12,55,61,False
2018-09-01,94,Desperate Man,Eric Church,4,71,0,False
2018-09-01,95,This Is America,Childish Gambino,16,1,88,False
2018-09-01,96,W O R K I N  M E,Quavo,2,72,72,False
2018-09-01,97,Lie,NF,4,90,96,False
2018-09-01,98,Sin Pijama,Becky G + Natti Natasha,11,70,93,False
2018-09-01,99,Pete Davidson,Ariana Grande,1,99,0,True
2018-09-01,100,Chun-Li,Nicki Minaj,16,10,44,False
2018-09-08,1,In My Feelings,Drake,9,1,1,False
2018-09-08,2,Girls Like You,Maroon 5 Featuring Cardi B,14,2,2,False
2018-09-08,3,I Like It,"Cardi B, Bad Bunny & J Balvin",21,1,3,False
2018-09-08,4,Better Now,Post Malone,18,4,5,False
2018-09-08,5,FEFE,6ix9ine Featuring Nicki Minaj & Murda Beatz,6,3,4,False
2018-09-08,6,Lucid Dreams,Juice WRLD,16,3,6,False
2018-09-08,7,Sicko Mode,Travis Scott,4,4,9,False
2018-09-08,8,Taste,Tyga Featuring Offset,14,8,10,False
2018-09-08,9,Love Lies,Khalid & Normani,28,9,11,False
2018-09-08,10,God Is A Woman,Ariana Grande,7,8,8,False
2018-09-08,11,IDOL,BTS Featuring Nicki Minaj,1,11,0,True
2018-09-08,12,No Brainer,"DJ Khaled Featuring Justin Bieber, Chance the Rapper & Quavo",5,5,12,False
2018-09-08,13,Boo'd Up,Ella Mai,22,5,13,False
2018-09-08,14,No Tears Left To Cry,Ariana Grande,19,3,7,False
2018-09-08,15,Youngblood,5 Seconds of Summer,13,15,15,False
2018-09-08,16,Yes Indeed,Lil Baby & Drake,16,6,14,False
2018-09-08,17,Nonstop,Drake,9,2,18,False
2018-09-08,18,Psycho,Post Malone Featuring Ty Dolla $ign,27,1,16,False
2018-09-08,19,Back To You,Selena Gomez,16,19,23,False
2018-09-08,20,Big Bank,"YG Featuring 2 Chainz, Big Sean & Nicki Minaj",13,16,24,False
2018-09-08,21,Meant To Be,Bebe Rexha & Florida Georgia Line,45,2,21,False
2018-09-08,22,Perfect,Ed Sheeran,53,1,20,False
2018-09-08,23,Nice For What,Drake,21,1,17,False
2018-09-08,24,Natural,Imagine Dragons,6,24,29,False
2018-09-08,25,Delicate,Taylor Swift,25,12,19,False
2018-09-08,26,The Middle,"Zedd, Maren Morris & Grey",31,5,25,False
2018-09-08,27,I Like Me Better,Lauv,29,27,28,False
2018-09-08,28,Eastside,"Benny Blanco, Halsey & Khalid",7,28,31,False
2018-09-08,29,Sad!,XXXTENTACION,26,1,26,False
2018-09-08,30,God's Plan,Drake,32,1,27,False
2018-09-08,31,Tequila,Dan + Shay,25,21,30,False
2018-09-08,32,Simple,Florida Georgia Line,13,32,36,False
2018-09-08,33,Mine,Bazzi,32,11,33,False
2018-09-08,34,Drowns The Whiskey,Jason Aldean Featuring Miranda Lambert,11,32,32,False
2018-09-08,35,"Sunrise, Sunburn, Sunset",Luke Bryan,9,35,40,False
2018-09-08,36,Life Changes,Thomas Rhett,10,36,43,False
2018-09-08,37,Breathin,Ariana Grande,2,22,22,False
2018-09-08,38,Mercy,Brett Young,17,29,34,False
2018-09-08,39,I'm A Mess,Bebe Rexha,7,39,45,False
2018-09-08,40,Stargazing,Travis Scott,4,8,35,False
2018-09-08,41,Friends,Marshmello & Anne-Marie,29,11,37,False
2018-09-08,42,Never Be The Same,Camila Cabello,37,6,41,False
2018-09-08,43,One Kiss,Calvin Harris & Dua Lipa,21,26,39,False
2018-09-08,44,Beautiful,Bazzi Featuring Camila Cabello,4,44,50,False
2018-09-08,45,Barbie Dreams,Nicki Minaj,3,18,38,False
2018-09-08,46,Drew Barrymore,Bryce Vine,3,46,57,False
2018-09-08,47,Moonlight,XXXTENTACION,20,13,48,False
2018-09-08,48,Get Along,Kenny Chesney,21,22,44,False
2018-09-08,49,Te Bote,"Casper Magico, Nio Garcia, Darell, Nicky Jam, Ozuna & Bad Bunny",19,36,47,False
2018-09-08,50,Broken,lovelytheband,7,50,51,False
2018-09-08,51,Hotel Key,Old Dominion,9,51,52,False
2018-09-08,52,W O R K I N  M E,Quavo,3,52,96,False
2018-09-08,53,Apes**t,The Carters,11,13,46,False
2018-09-08,54,Trip,Ella Mai,4,54,67,False
2018-09-08,55,You Say,Lauren Daigle,7,53,56,False
2018-09-08,56,Africa,Weezer,7,54,54,False
2018-09-08,57,Jackie Chan,Tiesto & Dzeko Featuring Preme & Post Malone,8,57,58,False
2018-09-08,58,Yosemite,Travis Scott,4,25,53,False
2018-09-08,59,Happier,Marshmello & Bastille,2,59,63,False
2018-09-08,60,Hooked,Dylan Scott,7,60,60,False
2018-09-08,61,Solo,Clean Bandit Featuring Demi Lovato,9,58,59,False
2018-09-08,62,Break Up In The End,Cole Swindell,8,49,49,False
2018-09-08,63,Remind Me To Forget,Kygo Featuring Miguel,7,63,66,False
2018-09-08,64,All Girls Are The Same,Juice WRLD,16,41,61,False
2018-09-08,65,She Got The Best Of Me,Luke Combs,3,65,74,False
2018-09-08,66,Side Effects,The Chainsmokers Featuring Emily Warren,3,66,81,False
2018-09-08,67,Ring,Cardi B Featuring Kehlani,6,28,85,False
2018-09-08,68,Blue Tacoma,Russell Dickerson,2,68,77,False
2018-09-08,69,I Am Who They Say I Am,YoungBoy Never Broke Again Featuring Kevin Gates & Quando Rondo,1,69,0,True
2018-09-08,70,Medicine,Queen Naija,13,45,64,False
2018-09-08,71,Lean Wit Me,Juice WRLD,4,68,68,False
2018-09-08,72,Unica,Ozuna,1,72,0,True
2018-09-08,73,That's On Me,Yella Beezy,5,73,73,False
2018-09-08,74,Drunk Me,Mitchell Tenpenny,3,74,83,False
2018-09-08,75,Lose It,Kane Brown,7,75,75,False
2018-09-08,76,High Hopes,Panic! At The Disco,4,76,90,False
2018-09-08,77,I'm Upset,Drake,14,7,70,False
2018-09-08,78,Changes,XXXTENTACION,20,18,79,False
2018-09-08,79,1942,G-Eazy Featuring Yo Gotti & YBN Nahmir,7,70,71,False
2018-09-08,80,Lie,NF,5,80,97,False
2018-09-08,81,Chanel (Go Get It),Young Thug Featuring Gunna & Lil Baby,2,78,78,False
2018-09-08,82,Mo Bamba,Sheck Wes,1,82,0,True
2018-09-08,83,Smile (Living My Best Life),Lil' Duval Featuring Snoop Dogg & Ball Greezy,1,83,0,True
2018-09-08,84,Best Part,Daniel Caesar Featuring H.E.R.,6,81,82,False
2018-09-08,85,Desperate Man,Eric Church,5,71,94,False
2018-09-08,86,Drunk Girl,Chris Janson,1,86,0,True
2018-09-08,87,The Way I Am,Charlie Puth,1,87,0,True
2018-09-08,88,Dangerous,Meek Mill Featuring Jeremih & PnB Rock,2,79,0,False
2018-09-08,89,Narcos,Migos,13,36,0,False
2018-09-08,90,Happy Now,Zedd & Elley Duhe,1,90,0,True
2018-09-08,91,Level Up,Ciara,6,59,69,False
2018-09-08,92,Taking A Walk,Trippie Redd,3,46,80,False
2018-09-08,93,Promises,Calvin Harris & Sam Smith,2,65,65,False
2018-09-08,94,Don't Go Breaking My Heart,Backstreet Boys,10,63,76,False
2018-09-08,95,Mob Ties,Drake,8,13,0,False
2018-09-08,96,Hopeless Romantic,Wiz Khalifa Featuring Swae Lee,3,72,0,False
2018-09-08,97,Wasted,Juice WRLD Featuring Lil Uzi Vert,6,67,0,False
2018-09-08,98,OTW,"Khalid, Ty Dolla $ign & 6LACK",15,57,0,False
2018-09-08,99,Sin Pijama,Becky G + Natti Natasha,12,70,98,False
2018-09-08,100,This Is America,Childish Gambino,17,1,95,False
2018-09-15,1,In My Feelings,Drake,10,1,1,False
2018-09-15,2,Girls Like You,Maroon 5 Featuring Cardi B,15,2,2,False
2018-09-15,3,I Like It,"Cardi B, Bad Bunny & J Balvin",22,1,3,False
2018-09-15,4,FEFE,6ix9ine Featuring Nicki Minaj & Murda Beatz,7,3,5,False
2018-09-15,5,Better Now,Post Malone,19,4,4,False
2018-09-15,6,Lucky You,Eminem Featuring Joyner Lucas,1,6,0,True
2018-09-15,7,Lucid Dreams,Juice WRLD,17,3,6,False
2018-09-15,8,The Ringer,Eminem,1,8,0,True
2018-09-15,9,Sicko Mode,Travis Scott,5,4,7,False
2018-09-15,10,Taste,Tyga Featuring Offset,15,8,8,False
2018-09-15,11,Love Lies,Khalid & Normani,29,9,9,False
2018-09-15,12,Fall,Eminem,1,12,0,True
2018-09-15,13,Youngblood,5 Seconds of Summer,14,13,15,False
2018-09-15,14,Boo'd Up,Ella Mai,23,5,13,False
2018-09-15,15,No Brainer,"DJ Khaled Featuring Justin Bieber, Chance the Rapper & Quavo",6,5,12,False
2018-09-15,16,Kamikaze,Eminem,1,16,0,True
2018-09-15,17,God Is A Woman,Ariana Grande,8,8,10,False
2018-09-15,18,Nonstop,Drake,10,2,17,False
2018-09-15,19,No Tears Left To Cry,Ariana Grande,20,3,14,False
2018-09-15,20,Natural,Imagine Dragons,7,20,24,False
2018-09-15,21,Yes Indeed,Lil Baby & Drake,17,6,16,False
2018-09-15,22,Back To You,Selena Gomez,17,19,19,False
2018-09-15,23,Greatest,Eminem,1,23,0,True
2018-09-15,24,Not Alike,Eminem Featuring Royce Da 5'9,1,24,0,True
2018-09-15,25,Perfect,Ed Sheeran,54,1,22,False
2018-09-15,26,Meant To Be,Bebe Rexha & Florida Georgia Line,46,2,21,False
2018-09-15,27,Big Bank,"YG Featuring 2 Chainz, Big Sean & Nicki Minaj",14,16,20,False
2018-09-15,28,Psycho,Post Malone Featuring Ty Dolla $ign,28,1,18,False
2018-09-15,29,Delicate,Taylor Swift,26,12,25,False
2018-09-15,30,BEBE,6ix9ine Featuring Anuel AA,1,30,0,True
2018-09-15,31,Nice For What,Drake,22,1,23,False
2018-09-15,32,Trip,Ella Mai,5,32,54,False
2018-09-15,33,I Like Me Better,Lauv,30,27,27,False
2018-09-15,34,Eastside,"Benny Blanco, Halsey & Khalid",8,28,28,False
2018-09-15,35,The Middle,"Zedd, Maren Morris & Grey",32,5,26,False
2018-09-15,36,Sad!,XXXTENTACION,27,1,29,False
2018-09-15,37,God's Plan,Drake,33,1,30,False
2018-09-15,38,Tequila,Dan + Shay,26,21,31,False
2018-09-15,39,Normal,Eminem,1,39,0,True
2018-09-15,40,Simple,Florida Georgia Line,14,32,32,False
2018-09-15,41,"Sunrise, Sunburn, Sunset",Luke Bryan,10,35,35,False
2018-09-15,42,Stepping Stone,Eminem,1,42,0,True
2018-09-15,43,Mine,Bazzi,33,11,33,False
2018-09-15,44,I'm A Mess,Bebe Rexha,8,39,39,False
2018-09-15,45,Drowns The Whiskey,Jason Aldean Featuring Miranda Lambert,12,32,34,False
2018-09-15,46,Happier,Marshmello & Bastille,3,46,59,False
2018-09-15,47,Beautiful,Bazzi Featuring Camila Cabello,5,44,44,False
2018-09-15,48,Broken,lovelytheband,8,48,50,False
2018-09-15,49,Venom,Eminem,1,49,0,True
2018-09-15,50,Drew Barrymore,Bryce Vine,4,46,46,False
2018-09-15,51,Life Changes,Thomas Rhett,11,36,36,False
2018-09-15,52,Te Bote,"Casper Magico, Nio Garcia, Darell, Nicky Jam, Ozuna & Bad Bunny",20,36,49,False
2018-09-15,53,Hotel Key,Old Dominion,10,51,51,False
2018-09-15,54,Feels Like Summer,Childish Gambino,1,54,0,True
2018-09-15,55,Mercy,Brett Young,18,29,38,False
2018-09-15,56,Breathin,Ariana Grande,3,22,37,False
2018-09-15,57,Jackie Chan,Tiesto & Dzeko Featuring Preme & Post Malone,9,57,57,False
2018-09-15,58,Africa,Weezer,8,54,56,False
2018-09-15,59,Apes**t,The Carters,12,13,53,False
2018-09-15,60,Hooked,Dylan Scott,8,60,60,False
2018-09-15,61,Stargazing,Travis Scott,5,8,40,False
2018-09-15,62,Ring,Cardi B Featuring Kehlani,7,28,67,False
2018-09-15,63,Barbie Dreams,Nicki Minaj,4,18,45,False
2018-09-15,64,W O R K I N  M E,Quavo,4,52,52,False
2018-09-15,65,Nice Guy,Eminem & Jessie Reyez,1,65,0,True
2018-09-15,66,She Got The Best Of Me,Luke Combs,4,65,65,False
2018-09-15,67,Good Guy,Eminem Featuring Jessie Reyez,1,67,0,True
2018-09-15,68,Blue Tacoma,Russell Dickerson,3,68,68,False
2018-09-15,69,Medicine,Queen Naija,14,45,70,False
2018-09-15,70,Break Up In The End,Cole Swindell,9,49,62,False
2018-09-15,71,Remind Me To Forget,Kygo Featuring Miguel,8,63,63,False
2018-09-15,72,You Say,Lauren Daigle,8,53,55,False
2018-09-15,73,Mo Bamba,Sheck Wes,2,73,82,False
2018-09-15,74,High Hopes,Panic! At The Disco,5,74,76,False
2018-09-15,75,All Girls Are The Same,Juice WRLD,17,41,64,False
2018-09-15,76,Solo,Clean Bandit Featuring Demi Lovato,10,58,61,False
2018-09-15,77,Side Effects,The Chainsmokers Featuring Emily Warren,4,66,66,False
2018-09-15,78,That's On Me,Yella Beezy,6,73,73,False
2018-09-15,79,Yosemite,Travis Scott,5,25,58,False
2018-09-15,80,Smile (Living My Best Life),Lil' Duval Featuring Snoop Dogg & Ball Greezy,2,80,83,False
2018-09-15,81,IDOL,BTS Featuring Nicki Minaj,2,11,11,False
2018-09-15,82,Lose It,Kane Brown,8,75,75,False
2018-09-15,83,Drunk Me,Mitchell Tenpenny,4,74,74,False
2018-09-15,84,Lean Wit Me,Juice WRLD,5,68,71,False
2018-09-15,85,Lie,NF,6,80,80,False
2018-09-15,86,Promises,Calvin Harris & Sam Smith,3,65,93,False
2018-09-15,87,I Am Who They Say I Am,YoungBoy Never Broke Again Featuring Kevin Gates & Quando Rondo,2,69,69,False
2018-09-15,88,The Way I Am,Charlie Puth,2,87,87,False
2018-09-15,89,Best Part,Daniel Caesar Featuring H.E.R.,7,81,84,False
2018-09-15,90,Chanel (Go Get It),Young Thug Featuring Gunna & Lil Baby,3,78,81,False
2018-09-15,91,Dangerous,Meek Mill Featuring Jeremih & PnB Rock,3,79,88,False
2018-09-15,92,Drunk Girl,Chris Janson,2,86,86,False
2018-09-15,93,Desperate Man,Eric Church,6,71,85,False
2018-09-15,94,Thunderclouds,"Labrinth, Sia & Diplo Present... LSD",1,94,0,True
2018-09-15,95,I'm Upset,Drake,15,7,77,False
2018-09-15,96,1942,G-Eazy Featuring Yo Gotti & YBN Nahmir,8,70,79,False
2018-09-15,97,Hangin' On,Chris Young,1,97,0,True
2018-09-15,98,Narcos,Migos,14,36,89,False
2018-09-15,99,Hopeless Romantic,Wiz Khalifa Featuring Swae Lee,4,72,96,False
2018-09-15,100,Summertime Magic,Childish Gambino,5,44,0,False
2018-09-22,1,In My Feelings,Drake,11,1,1,False
2018-09-22,2,Girls Like You,Maroon 5 Featuring Cardi B,16,2,2,False
2018-09-22,3,I Like It,"Cardi B, Bad Bunny & J Balvin",23,1,3,False
2018-09-22,4,Better Now,Post Malone,20,4,5,False
2018-09-22,5,Lucid Dreams,Juice WRLD,18,3,7,False
2018-09-22,6,I Love It,Kanye West & Lil Pump,1,6,0,True
2018-09-22,7,FEFE,6ix9ine Featuring Nicki Minaj & Murda Beatz,8,3,4,False
2018-09-22,8,Sicko Mode,Travis Scott,6,4,9,False
2018-09-22,9,Taste,Tyga Featuring Offset,16,8,10,False
2018-09-22,10,Love Lies,Khalid & Normani,30,9,11,False
2018-09-22,11,Youngblood,5 Seconds of Summer,15,11,13,False
2018-09-22,12,No Brainer,"DJ Khaled Featuring Justin Bieber, Chance the Rapper & Quavo",7,5,15,False
2018-09-22,13,Rap Devil,Machine Gun Kelly,1,13,0,True
2018-09-22,14,Boo'd Up,Ella Mai,24,5,14,False
2018-09-22,15,Natural,Imagine Dragons,8,15,20,False
2018-09-22,16,God Is A Woman,Ariana Grande,9,8,17,False
2018-09-22,17,Nonstop,Drake,11,2,18,False
2018-09-22,18,Lucky You,Eminem Featuring Joyner Lucas,2,6,6,False
2018-09-22,19,Back To You,Selena Gomez,18,19,22,False
2018-09-22,20,Yes Indeed,Lil Baby & Drake,18,6,21,False
2018-09-22,21,No Tears Left To Cry,Ariana Grande,21,3,19,False
2018-09-22,22,Perfect,Ed Sheeran,55,1,25,False
2018-09-22,23,Trip,Ella Mai,6,23,32,False
2018-09-22,24,Big Bank,"YG Featuring 2 Chainz, Big Sean & Nicki Minaj",15,16,27,False
2018-09-22,25,Delicate,Taylor Swift,27,12,29,False
2018-09-22,26,Psycho,Post Malone Featuring Ty Dolla $ign,29,1,28,False
2018-09-22,27,Meant To Be,Bebe Rexha & Florida Georgia Line,47,2,26,False
2018-09-22,28,Eastside,"Benny Blanco, Halsey & Khalid",9,28,34,False
2018-09-22,29,Sad!,XXXTENTACION,28,1,36,False
2018-09-22,30,Nice For What,Drake,23,1,31,False
2018-09-22,31,The Middle,"Zedd, Maren Morris & Grey",33,5,35,False
2018-09-22,32,I Like Me Better,Lauv,31,27,33,False
2018-09-22,33,Self Care,Mac Miller,1,33,0,True
2018-09-22,34,Fall,Eminem,2,12,12,False
2018-09-22,35,Happier,Marshmello & Bastille,4,35,46,False
2018-09-22,36,God's Plan,Drake,34,1,37,False
2018-09-22,37,Tequila,Dan + Shay,27,21,38,False
2018-09-22,38,Simple,Florida Georgia Line,15,32,40,False
2018-09-22,39,The Ringer,Eminem,2,8,8,False
2018-09-22,40,"Sunrise, Sunburn, Sunset",Luke Bryan,11,35,41,False
2018-09-22,41,Broken,lovelytheband,9,41,48,False
2018-09-22,42,Beautiful,Bazzi Featuring Camila Cabello,6,42,47,False
2018-09-22,43,I'm A Mess,Bebe Rexha,9,39,44,False
2018-09-22,44,You Say,Lauren Daigle,9,44,72,False
2018-09-22,45,Barbie Dreams,Nicki Minaj,5,18,63,False
2018-09-22,46,Mine,Bazzi,34,11,43,False
2018-09-22,47,Drew Barrymore,Bryce Vine,5,46,50,False
2018-09-22,48,Hooked,Dylan Scott,9,48,60,False
2018-09-22,49,Hotel Key,Old Dominion,11,49,53,False
2018-09-22,50,Te Bote,"Casper Magico, Nio Garcia, Darell, Nicky Jam, Ozuna & Bad Bunny",21,36,52,False
2018-09-22,51,Africa,Weezer,9,51,58,False
2018-09-22,52,Jackie Chan,Tiesto & Dzeko Featuring Preme & Post Malone,10,52,57,False
2018-09-22,53,BEBE,6ix9ine Featuring Anuel AA,2,30,30,False
2018-09-22,54,Mo Bamba,Sheck Wes,3,54,73,False
2018-09-22,55,Drowns The Whiskey,Jason Aldean Featuring Miranda Lambert,13,32,45,False
2018-09-22,56,Ring,Cardi B Featuring Kehlani,8,28,62,False
2018-09-22,57,She Got The Best Of Me,Luke Combs,5,57,66,False
2018-09-22,58,Life Changes,Thomas Rhett,12,36,51,False
2018-09-22,59,Blue Tacoma,Russell Dickerson,4,59,68,False
2018-09-22,60,Breathin,Ariana Grande,4,22,56,False
2018-09-22,61,Medicine,Queen Naija,15,45,69,False
2018-09-22,62,High Hopes,Panic! At The Disco,6,62,74,False
2018-09-22,63,W O R K I N  M E,Quavo,5,52,64,False
2018-09-22,64,Not Alike,Eminem Featuring Royce Da 5'9,2,24,24,False
2018-09-22,65,Mercy,Brett Young,19,29,55,False
2018-09-22,66,Smile (Living My Best Life),Lil' Duval Featuring Snoop Dogg & Ball Greezy,3,66,80,False
2018-09-22,67,Lose It,Kane Brown,9,67,82,False
2018-09-22,68,Break Up In The End,Cole Swindell,10,49,70,False
2018-09-22,69,The Way I Am,Charlie Puth,3,69,88,False
2018-09-22,70,Hurt Feelings,Mac Miller,1,70,0,True
2018-09-22,71,Stargazing,Travis Scott,6,8,61,False
2018-09-22,72,Promises,Calvin Harris & Sam Smith,4,65,86,False
2018-09-22,73,Apes**t,The Carters,13,13,59,False
2018-09-22,74,All Girls Are The Same,Juice WRLD,18,41,75,False
2018-09-22,75,Remind Me To Forget,Kygo Featuring Miguel,9,63,71,False
2018-09-22,76,Side Effects,The Chainsmokers Featuring Emily Warren,5,66,77,False
2018-09-22,77,Kamikaze,Eminem,2,16,16,False
2018-09-22,78,Thunderclouds,"Labrinth, Sia & Diplo Present... LSD",2,78,94,False
2018-09-22,79,Drunk Me,Mitchell Tenpenny,5,74,83,False
2018-09-22,80,Solo,Clean Bandit Featuring Demi Lovato,11,58,76,False
2018-09-22,81,That's On Me,Yella Beezy,7,73,78,False
2018-09-22,82,Lie,NF,7,80,85,False
2018-09-22,83,Best Part,Daniel Caesar Featuring H.E.R.,8,81,89,False
2018-09-22,84,Greatest,Eminem,2,23,23,False
2018-09-22,85,Lean Wit Me,Juice WRLD,6,68,84,False
2018-09-22,86,Yosemite,Travis Scott,6,25,79,False
2018-09-22,87,Drunk Girl,Chris Janson,3,86,92,False
2018-09-22,88,Dangerous,Meek Mill Featuring Jeremih & PnB Rock,4,79,91,False
2018-09-22,89,Hangin' On,Chris Young,2,89,97,False
2018-09-22,90,Desperate Man,Eric Church,7,71,93,False
2018-09-22,91,Come Back To Earth,Mac Miller,1,91,0,True
2018-09-22,92,IDOL,BTS Featuring Nicki Minaj,3,11,81,False
2018-09-22,93,Feels Like Summer,Childish Gambino,2,54,54,False
2018-09-22,94,Vaina Loca,Ozuna x Manuel Turizo,1,94,0,True
2018-09-22,95,Speechless,Dan + Shay,1,95,0,True
2018-09-22,96,Electricity,Silk City x Dua Lipa,1,96,0,True
2018-09-22,97,I'm Upset,Drake,16,7,95,False
2018-09-22,98,Hopeless Romantic,Wiz Khalifa Featuring Swae Lee,5,72,99,False
2018-09-22,99,OTW,"Khalid, Ty Dolla $ign & 6LACK",16,57,0,False
2018-09-22,100,Narcos,Migos,15,36,98,False
2018-09-29,1,Girls Like You,Maroon 5 Featuring Cardi B,17,1,2,False
2018-09-29,2,In My Feelings,Drake,12,1,1,False
2018-09-29,3,Killshot,Eminem,1,3,0,True
2018-09-29,4,Lucid Dreams,Juice WRLD,19,3,5,False
2018-09-29,5,Better Now,Post Malone,21,4,4,False
2018-09-29,6,I Like It,"Cardi B, Bad Bunny & J Balvin",24,1,3,False
2018-09-29,7,I Love It,Kanye West & Lil Pump,2,6,6,False
2018-09-29,8,FEFE,6ix9ine Featuring Nicki Minaj & Murda Beatz,9,3,7,False
2018-09-29,9,Sicko Mode,Travis Scott,7,4,8,False
2018-09-29,10,Youngblood,5 Seconds of Summer,16,10,11,False
2018-09-29,11,Love Lies,Khalid & Normani,31,9,10,False
2018-09-29,12,Taste,Tyga Featuring Offset,17,8,9,False
2018-09-29,13,Lucky You,Eminem Featuring Joyner Lucas,3,6,18,False
2018-09-29,14,Natural,Imagine Dragons,9,14,15,False
2018-09-29,15,Nonstop,Drake,12,2,17,False
2018-09-29,16,No Brainer,"DJ Khaled Featuring Justin Bieber, Chance the Rapper & Quavo",8,5,12,False
2018-09-29,17,God Is A Woman,Ariana Grande,10,8,16,False
2018-09-29,18,Back To You,Selena Gomez,19,18,19,False
2018-09-29,19,Yes Indeed,Lil Baby & Drake,19,6,20,False
2018-09-29,20,Boo'd Up,Ella Mai,25,5,14,False
2018-09-29,21,Trip,Ella Mai,7,21,23,False
2018-09-29,22,Rap Devil,Machine Gun Kelly,2,13,13,False
2018-09-29,23,Perfect,Ed Sheeran,56,1,22,False
2018-09-29,24,Big Bank,"YG Featuring 2 Chainz, Big Sean & Nicki Minaj",16,16,24,False
2018-09-29,25,No Tears Left To Cry,Ariana Grande,22,3,21,False
2018-09-29,26,Meant To Be,Bebe Rexha & Florida Georgia Line,48,2,27,False
2018-09-29,27,Delicate,Taylor Swift,28,12,25,False
2018-09-29,28,Drip Too Hard,Lil Baby & Gunna,1,28,0,True
2018-09-29,29,Eastside,"Benny Blanco, Halsey & Khalid",10,28,28,False
2018-09-29,30,Wake Up In The Sky,Gucci Mane X Bruno Mars X Kodak Black,1,30,0,True
2018-09-29,31,Happier,Marshmello & Bastille,5,31,35,False
2018-09-29,32,Psycho,Post Malone Featuring Ty Dolla $ign,30,1,26,False
2018-09-29,33,Sad!,XXXTENTACION,29,1,29,False
2018-09-29,34,I Like Me Better,Lauv,32,27,32,False
2018-09-29,35,The Middle,"Zedd, Maren Morris & Grey",34,5,31,False
2018-09-29,36,I'm A Mess,Bebe Rexha,10,36,43,False
2018-09-29,37,Nice For What,Drake,24,1,30,False
2018-09-29,38,New Patek,Lil Uzi Vert,1,38,0,True
2018-09-29,39,Tequila,Dan + Shay,28,21,37,False
2018-09-29,40,God's Plan,Drake,35,1,36,False
2018-09-29,41,Simple,Florida Georgia Line,16,32,38,False
2018-09-29,42,Mo Bamba,Sheck Wes,4,42,54,False
2018-09-29,43,Broken,lovelytheband,10,41,41,False
2018-09-29,44,Beautiful,Bazzi Featuring Camila Cabello,7,42,42,False
2018-09-29,45,Better,Khalid,1,45,0,True
2018-09-29,46,Fall,Eminem,3,12,34,False
2018-09-29,47,Falling Down,Lil Peep & XXXTENTACION,1,47,0,True
2018-09-29,48,Hotel Key,Old Dominion,12,48,49,False
2018-09-29,49,Drew Barrymore,Bryce Vine,6,46,47,False
2018-09-29,50,She Got The Best Of Me,Luke Combs,6,50,57,False
2018-09-29,51,"Sunrise, Sunburn, Sunset",Luke Bryan,12,35,40,False
2018-09-29,52,Jackie Chan,Tiesto & Dzeko Featuring Preme & Post Malone,11,52,52,False
2018-09-29,53,Ring,Cardi B Featuring Kehlani,9,28,56,False
2018-09-29,54,Blue Tacoma,Russell Dickerson,5,54,59,False
2018-09-29,55,Africa,Weezer,10,51,51,False
2018-09-29,56,High Hopes,Panic! At The Disco,7,56,62,False
2018-09-29,57,Barbie Dreams,Nicki Minaj,6,18,45,False
2018-09-29,58,Hooked,Dylan Scott,10,48,48,False
2018-09-29,59,The Ringer,Eminem,3,8,39,False
2018-09-29,60,Medicine,Queen Naija,16,45,61,False
2018-09-29,61,Lose It,Kane Brown,10,61,67,False
2018-09-29,62,Breathin,Ariana Grande,5,22,60,False
2018-09-29,63,Smile (Living My Best Life),Lil' Duval Featuring Snoop Dogg & Ball Greezy,4,63,66,False
2018-09-29,64,You Say,Lauren Daigle,10,44,44,False
2018-09-29,65,Break Up In The End,Cole Swindell,11,49,68,False
2018-09-29,66,Self Care,Mac Miller,2,33,33,False
2018-09-29,67,Thunderclouds,"Labrinth, Sia & Diplo Present... LSD",3,67,78,False
2018-09-29,68,The Way I Am,Charlie Puth,4,68,69,False
2018-09-29,69,That's On Me,Yella Beezy,8,69,81,False
2018-09-29,70,W O R K I N  M E,Quavo,6,52,63,False
2018-09-29,71,Life Changes,Thomas Rhett,13,36,58,False
2018-09-29,72,Drowns The Whiskey,Jason Aldean Featuring Miranda Lambert,14,32,55,False
2018-09-29,73,Lie,NF,8,73,82,False
2018-09-29,74,Drunk Me,Mitchell Tenpenny,6,74,79,False
2018-09-29,75,Remind Me To Forget,Kygo Featuring Miguel,10,63,75,False
2018-09-29,76,Pretty Little Fears,6LACK Featuring J. Cole,1,76,0,True
2018-09-29,77,Promises,Calvin Harris & Sam Smith,5,65,72,False
2018-09-29,78,Mercy,Brett Young,20,29,65,False
2018-09-29,79,All Girls Are The Same,Juice WRLD,19,41,74,False
2018-09-29,80,Stargazing,Travis Scott,7,8,71,False
2018-09-29,81,Best Part,Daniel Caesar Featuring H.E.R.,9,81,83,False
2018-09-29,82,Dangerous,Meek Mill Featuring Jeremih & PnB Rock,5,79,88,False
2018-09-29,83,Apes**t,The Carters,14,13,73,False
2018-09-29,84,Drunk Girl,Chris Janson,4,84,87,False
2018-09-29,85,Yosemite,Travis Scott,7,25,86,False
2018-09-29,86,BEBE,6ix9ine Featuring Anuel AA,3,30,53,False
2018-09-29,87,Speechless,Dan + Shay,2,87,95,False
2018-09-29,88,Side Effects,The Chainsmokers Featuring Emily Warren,6,66,76,False
2018-09-29,89,Desperate Man,Eric Church,8,71,90,False
2018-09-29,90,Cry Pretty,Carrie Underwood,12,48,0,False
2018-09-29,91,Solo,Clean Bandit Featuring Demi Lovato,12,58,80,False
2018-09-29,92,Hangin' On,Chris Young,3,89,89,False
2018-09-29,93,Lean Wit Me,Juice WRLD,7,68,85,False
2018-09-29,94,Not Alike,Eminem Featuring Royce Da 5'9,3,24,64,False
2018-09-29,95,OTW,"Khalid, Ty Dolla $ign & 6LACK",17,57,99,False
2018-09-29,96,Leave Me Alone,Flipp Dinero,1,96,0,True
2018-09-29,97,Best Shot,Jimmie Allen,1,97,0,True
2018-09-29,98,Hopeless Romantic,Wiz Khalifa Featuring Swae Lee,6,72,98,False
2018-09-29,99,Kamikaze,Eminem,3,16,77,False
2018-09-29,100,Noticed,Lil Mosey,1,100,0,True
2018-10-06,1,Girls Like You,Maroon 5 Featuring Cardi B,18,1,1,False
2018-10-06,2,Lucid Dreams,Juice WRLD,20,2,4,False
2018-10-06,3,Better Now,Post Malone,22,3,5,False
2018-10-06,4,In My Feelings,Drake,13,1,2,False
2018-10-06,5,Killshot,Eminem,2,3,3,False
2018-10-06,6,Sicko Mode,Travis Scott,8,4,9,False
2018-10-06,7,I Like It,"Cardi B, Bad Bunny & J Balvin",25,1,6,False
2018-10-06,8,FEFE,6ix9ine Featuring Nicki Minaj & Murda Beatz,10,3,8,False
2018-10-06,9,I Love It,Kanye West & Lil Pump,3,6,7,False
2018-10-06,10,Youngblood,5 Seconds of Summer,17,10,10,False
2018-10-06,11,Taste,Tyga Featuring Offset,18,8,12,False
2018-10-06,12,Love Lies,Khalid & Normani,32,9,11,False
2018-10-06,13,Falling Down,Lil Peep & XXXTENTACION,2,13,47,False
2018-10-06,14,Natural,Imagine Dragons,10,14,14,False
2018-10-06,15,Happier,Marshmello & Bastille,6,15,31,False
2018-10-06,16,Nonstop,Drake,13,2,15,False
2018-10-06,17,No Brainer,"DJ Khaled Featuring Justin Bieber, Chance the Rapper & Quavo",9,5,16,False
2018-10-06,18,Trip,Ella Mai,8,18,21,False
2018-10-06,19,Back To You,Selena Gomez,20,18,18,False
2018-10-06,20,God Is A Woman,Ariana Grande,11,8,17,False
2018-10-06,21,Perfect,Ed Sheeran,57,1,23,False
2018-10-06,22,Yes Indeed,Lil Baby & Drake,20,6,19,False
2018-10-06,23,Boo'd Up,Ella Mai,26,5,20,False
2018-10-06,24,New Patek,Lil Uzi Vert,2,24,38,False
2018-10-06,25,Drip Too Hard,Lil Baby & Gunna,2,25,28,False
2018-10-06,26,Big Bank,"YG Featuring 2 Chainz, Big Sean & Nicki Minaj",17,16,24,False
2018-10-06,27,Eastside,"Benny Blanco, Halsey & Khalid",11,27,29,False
2018-10-06,28,Lucky You,Eminem Featuring Joyner Lucas,4,6,13,False
2018-10-06,29,Delicate,Taylor Swift,29,12,27,False
2018-10-06,30,Meant To Be,Bebe Rexha & Florida Georgia Line,49,2,26,False
2018-10-06,31,Mo Bamba,Sheck Wes,5,31,42,False
2018-10-06,32,No Tears Left To Cry,Ariana Grande,23,3,25,False
2018-10-06,33,Sad!,XXXTENTACION,30,1,33,False
2018-10-06,34,I Like Me Better,Lauv,33,27,34,False
2018-10-06,35,Psycho,Post Malone Featuring Ty Dolla $ign,31,1,32,False
2018-10-06,36,I'm A Mess,Bebe Rexha,11,36,36,False
2018-10-06,37,The Middle,"Zedd, Maren Morris & Grey",35,5,35,False
2018-10-06,38,Wake Up In The Sky,Gucci Mane X Bruno Mars X Kodak Black,2,30,30,False
2018-10-06,39,Nice For What,Drake,25,1,37,False
2018-10-06,40,Rap Devil,Machine Gun Kelly,3,13,22,False
2018-10-06,41,Broken,lovelytheband,11,41,43,False
2018-10-06,42,Simple,Florida Georgia Line,17,32,41,False
2018-10-06,43,Beautiful,Bazzi Featuring Camila Cabello,8,42,44,False
2018-10-06,44,Tequila,Dan + Shay,29,21,39,False
2018-10-06,45,God's Plan,Drake,36,1,40,False
2018-10-06,46,High Hopes,Panic! At The Disco,8,46,56,False
2018-10-06,47,No Stylist,French Montana Featuring Drake,1,47,0,True
2018-10-06,48,She Got The Best Of Me,Luke Combs,7,48,50,False
2018-10-06,49,Ring,Cardi B Featuring Kehlani,10,28,53,False
2018-10-06,50,Hotel Key,Old Dominion,13,48,48,False
2018-10-06,51,Drew Barrymore,Bryce Vine,7,46,49,False
2018-10-06,52,Blue Tacoma,Russell Dickerson,6,52,54,False
2018-10-06,53,You Say,Lauren Daigle,11,44,64,False
2018-10-06,54,Jackie Chan,Tiesto & Dzeko Featuring Preme & Post Malone,12,52,52,False
2018-10-06,55,Africa,Weezer,11,51,55,False
2018-10-06,56,Smile (Living My Best Life),Lil' Duval Featuring Snoop Dogg & Ball Greezy,5,56,63,False
2018-10-06,57,Better,Khalid,2,45,45,False
2018-10-06,58,Breathin,Ariana Grande,6,22,62,False
2018-10-06,59,"Sunrise, Sunburn, Sunset",Luke Bryan,13,35,51,False
2018-10-06,60,Break Up In The End,Cole Swindell,12,49,65,False
2018-10-06,61,The Way I Am,Charlie Puth,5,61,68,False
2018-10-06,62,Lie,NF,9,62,73,False
2018-10-06,63,Lose It,Kane Brown,11,61,61,False
2018-10-06,64,Head Above Water,Avril Lavigne,1,64,0,True
2018-10-06,65,W O R K I N  M E,Quavo,7,52,70,False
2018-10-06,66,Medicine,Queen Naija,17,45,60,False
2018-10-06,67,Drunk Me,Mitchell Tenpenny,7,67,74,False
2018-10-06,68,Promises,Calvin Harris & Sam Smith,6,65,77,False
2018-10-06,69,That's On Me,Yella Beezy,9,69,69,False
2018-10-06,70,Barbie Dreams,Nicki Minaj,7,18,57,False
2018-10-06,71,Thunderclouds,"Labrinth, Sia & Diplo Present... LSD",4,67,67,False
2018-10-06,72,All Girls Are The Same,Juice WRLD,20,41,79,False
2018-10-06,73,Fall,Eminem,4,12,46,False
2018-10-06,74,This Feeling,The Chainsmokers Featuring Kelsea Ballerini,1,74,0,True
2018-10-06,75,Best Part,Daniel Caesar Featuring H.E.R.,10,75,81,False
2018-10-06,76,Dangerous,Meek Mill Featuring Jeremih & PnB Rock,6,76,82,False
2018-10-06,77,Speechless,Dan + Shay,3,77,87,False
2018-10-06,78,Life Changes,Thomas Rhett,14,36,71,False
2018-10-06,79,Hooked,Dylan Scott,11,48,58,False
2018-10-06,80,Drowns The Whiskey,Jason Aldean Featuring Miranda Lambert,15,32,72,False
2018-10-06,81,Leave Me Alone,Flipp Dinero,2,81,96,False
2018-10-06,82,Drunk Girl,Chris Janson,5,82,84,False
2018-10-06,83,Noticed,Lil Mosey,2,83,100,False
2018-10-06,84,Yosemite,Travis Scott,8,25,85,False
2018-10-06,85,Hangin' On,Chris Young,4,85,92,False
2018-10-06,86,Best Shot,Jimmie Allen,2,86,97,False
2018-10-06,87,Stargazing,Travis Scott,8,8,80,False
2018-10-06,88,BEBE,6ix9ine Featuring Anuel AA,4,30,86,False
2018-10-06,89,Lean Wit Me,Juice WRLD,8,68,93,False
2018-10-06,90,Self Care,Mac Miller,3,33,66,False
2018-10-06,91,OTW,"Khalid, Ty Dolla $ign & 6LACK",18,57,95,False
2018-10-06,92,Backin' It Up,Pardison Fontaine Featuring Cardi B,1,92,0,True
2018-10-06,93,Remind Me To Forget,Kygo Featuring Miguel,11,63,75,False
2018-10-06,94,Desperate Man,Eric Church,9,71,89,False
2018-10-06,95,The Ringer,Eminem,4,8,59,False
2018-10-06,96,Rich,Maren Morris,1,96,0,True
2018-10-06,97,Apes**t,The Carters,15,13,83,False
2018-10-06,98,Hopeless Romantic,Wiz Khalifa Featuring Swae Lee,7,72,98,False
2018-10-06,99,Solo,Clean Bandit Featuring Demi Lovato,13,58,91,False
2018-10-06,100,Vaina Loca,Ozuna x Manuel Turizo,2,94,0,False
2018-10-13,1,Girls Like You,Maroon 5 Featuring Cardi B,19,1,1,False
2018-10-13,2,Mona Lisa,Lil Wayne Featuring Kendrick Lamar,1,2,0,True
2018-10-13,3,Lucid Dreams,Juice WRLD,21,2,2,False
2018-10-13,4,Better Now,Post Malone,23,3,3,False
2018-10-13,5,Don't Cry,Lil Wayne Featuring XXXTENTACION,1,5,0,True
2018-10-13,6,Sicko Mode,Travis Scott,9,4,6,False
2018-10-13,7,Uproar,Lil Wayne,1,7,0,True
2018-10-13,8,Youngblood,5 Seconds of Summer,18,8,10,False
2018-10-13,9,In My Feelings,Drake,14,1,4,False
2018-10-13,10,Let It Fly,Lil Wayne Featuring Travis Scott,1,10,0,True
2018-10-13,11,I Like It,"Cardi B, Bad Bunny & J Balvin",26,1,7,False
2018-10-13,12,FEFE,6ix9ine Featuring Nicki Minaj & Murda Beatz,11,3,8,False
2018-10-13,13,Happier,Marshmello & Bastille,7,13,15,False
2018-10-13,14,Dedicate,Lil Wayne,1,14,0,True
2018-10-13,15,Taste,Tyga Featuring Offset,19,8,11,False
2018-10-13,16,Love Lies,Khalid & Normani,33,9,12,False
2018-10-13,17,Can't Be Broken,Lil Wayne,1,17,0,True
2018-10-13,18,I Love It,Kanye West & Lil Pump,4,6,9,False
2018-10-13,19,Natural,Imagine Dragons,11,14,14,False
2018-10-13,20,Trip,Ella Mai,9,18,18,False
2018-10-13,21,God Is A Woman,Ariana Grande,12,8,20,False
2018-10-13,22,Back To You,Selena Gomez,21,18,19,False
2018-10-13,23,Nonstop,Drake,14,2,16,False
2018-10-13,24,What About Me,Lil Wayne Featuring Sosamann,1,24,0,True
2018-10-13,25,Drip Too Hard,Lil Baby & Gunna,3,25,25,False
2018-10-13,26,Dark Side Of The Moon,Lil Wayne Featuring Nicki Minaj,1,26,0,True
2018-10-13,27,Taki Taki,"DJ Snake Featuring Selena Gomez, Ozuna & Cardi B",1,27,0,True
2018-10-13,28,Shallow,Lady Gaga & Bradley Cooper,1,28,0,True
2018-10-13,29,Eastside,"Benny Blanco, Halsey & Khalid",12,27,27,False
2018-10-13,30,No Brainer,"DJ Khaled Featuring Justin Bieber, Chance the Rapper & Quavo",10,5,17,False
2018-10-13,31,Yes Indeed,Lil Baby & Drake,21,6,22,False
2018-10-13,32,Big Bank,"YG Featuring 2 Chainz, Big Sean & Nicki Minaj",18,16,26,False
2018-10-13,33,Boo'd Up,Ella Mai,27,5,23,False
2018-10-13,34,Killshot,Eminem,3,3,5,False
2018-10-13,35,Meant To Be,Bebe Rexha & Florida Georgia Line,50,2,30,False
2018-10-13,36,Famous,Lil Wayne Featuring Reginae Carter,1,36,0,True
2018-10-13,37,Delicate,Taylor Swift,30,12,29,False
2018-10-13,38,Mo Bamba,Sheck Wes,6,31,31,False
2018-10-13,39,Dope N****z,Lil Wayne Featuring Snoop Dogg,1,39,0,True
2018-10-13,40,Falling Down,Lil Peep & XXXTENTACION,3,13,13,False
2018-10-13,41,Sad!,XXXTENTACION,31,1,33,False
2018-10-13,42,I Like Me Better,Lauv,34,27,34,False
2018-10-13,43,No Tears Left To Cry,Ariana Grande,24,3,32,False
2018-10-13,44,Psycho,Post Malone Featuring Ty Dolla $ign,32,1,35,False
2018-10-13,45,I'm A Mess,Bebe Rexha,12,36,36,False
2018-10-13,46,The Middle,"Zedd, Maren Morris & Grey",36,5,37,False
2018-10-13,47,Open Letter,Lil Wayne,1,47,0,True
2018-10-13,48,Broken,lovelytheband,12,41,41,False
2018-10-13,49,High Hopes,Panic! At The Disco,9,46,46,False
2018-10-13,50,Tequila,Dan + Shay,30,21,44,False
2018-10-13,51,Wake Up In The Sky,Gucci Mane X Bruno Mars X Kodak Black,3,30,38,False
2018-10-13,52,Beautiful,Bazzi Featuring Camila Cabello,9,42,43,False
2018-10-13,53,Simple,Florida Georgia Line,18,32,42,False
2018-10-13,54,New Patek,Lil Uzi Vert,3,24,24,False
2018-10-13,55,Lucky You,Eminem Featuring Joyner Lucas,5,6,28,False
2018-10-13,56,"If I'm Lyin, I'm Flyin",Kodak Black,1,56,0,True
2018-10-13,57,Problems,Lil Wayne,1,57,0,True
2018-10-13,58,She Got The Best Of Me,Luke Combs,8,48,48,False
2018-10-13,59,Hittas,Lil Wayne,1,59,0,True
2018-10-13,60,Blue Tacoma,Russell Dickerson,7,52,52,False
2018-10-13,61,Ring,Cardi B Featuring Kehlani,11,28,49,False
2018-10-13,62,Open Safe,Lil Wayne,1,62,0,True
2018-10-13,63,Drew Barrymore,Bryce Vine,8,46,51,False
2018-10-13,64,Smile (Living My Best Life),Lil' Duval Featuring Snoop Dogg & Ball Greezy,6,56,56,False
2018-10-13,65,Took His Time,Lil Wayne,1,65,0,True
2018-10-13,66,Jackie Chan,Tiesto & Dzeko Featuring Preme & Post Malone,13,52,54,False
2018-10-13,67,Africa,Weezer,12,51,55,False
2018-10-13,68,Breathin,Ariana Grande,7,22,58,False
2018-10-13,69,Hotel Key,Old Dominion,14,48,50,False
2018-10-13,70,You Say,Lauren Daigle,12,44,53,False
2018-10-13,71,Lie,NF,10,62,62,False
2018-10-13,72,Lose It,Kane Brown,12,61,63,False
2018-10-13,73,Break Up In The End,Cole Swindell,13,49,60,False
2018-10-13,74,Mess,Lil Wayne,1,74,0,True
2018-10-13,75,Let It All Work Out,Lil Wayne,1,75,0,True
2018-10-13,76,Start This S**t Off Right,Lil Wayne Featuring Ashanti & Mack Maine,1,76,0,True
2018-10-13,77,The Way I Am,Charlie Puth,6,61,61,False
2018-10-13,78,Used 2,Lil Wayne,1,78,0,True
2018-10-13,79,Rap Devil,Machine Gun Kelly,4,13,40,False
2018-10-13,80,Drunk Me,Mitchell Tenpenny,8,67,67,False
2018-10-13,81,Demon,Lil Wayne,1,81,0,True
2018-10-13,82,Speechless,Dan + Shay,4,77,77,False
2018-10-13,83,"Sunrise, Sunburn, Sunset",Luke Bryan,14,35,59,False
2018-10-13,84,Dangerous,Meek Mill Featuring Jeremih & PnB Rock,7,76,76,False
2018-10-13,85,Promises,Calvin Harris & Sam Smith,7,65,68,False
2018-10-13,86,Perfect Strangers,Lil Wayne,1,86,0,True
2018-10-13,87,Better,Khalid,3,45,57,False
2018-10-13,88,That's On Me,Yella Beezy,10,69,69,False
2018-10-13,89,Medicine,Queen Naija,18,45,66,False
2018-10-13,90,Dope New Gospel,Lil Wayne Featuring Nivea,1,90,0,True
2018-10-13,91,W O R K I N  M E,Quavo,8,52,65,False
2018-10-13,92,Best Part,Daniel Caesar Featuring H.E.R.,11,75,75,False
2018-10-13,93,Head Above Water,Avril Lavigne,2,64,64,False
2018-10-13,94,No Stylist,French Montana Featuring Drake,2,47,47,False
2018-10-13,95,Best Shot,Jimmie Allen,3,86,86,False
2018-10-13,96,Hangin' On,Chris Young,5,85,85,False
2018-10-13,97,Drunk Girl,Chris Janson,6,82,82,False
2018-10-13,98,Leave Me Alone,Flipp Dinero,3,81,81,False
2018-10-13,99,Lost In Japan,Shawn Mendes X Zedd,2,64,0,False
2018-10-13,100,Drowns The Whiskey,Jason Aldean Featuring Miranda Lambert,16,32,80,False
2018-10-20,1,Girls Like You,Maroon 5 Featuring Cardi B,20,1,1,False
2018-10-20,2,Lucid Dreams,Juice WRLD,22,2,3,False
2018-10-20,3,Better Now,Post Malone,24,3,4,False
2018-10-20,4,Drip Too Hard,Lil Baby & Gunna,4,4,25,False
2018-10-20,5,Shallow,Lady Gaga & Bradley Cooper,2,5,28,False
2018-10-20,6,Sicko Mode,Travis Scott,10,4,6,False
2018-10-20,7,Youngblood,5 Seconds of Summer,19,7,8,False
2018-10-20,8,Happier,Marshmello & Bastille,8,8,13,False
2018-10-20,9,I Like It,"Cardi B, Bad Bunny & J Balvin",27,1,11,False
2018-10-20,10,FEFE,6ix9ine Featuring Nicki Minaj & Murda Beatz,12,3,12,False
2018-10-20,11,In My Feelings,Drake,15,1,9,False
2018-10-20,12,Love Lies,Khalid & Normani,34,9,16,False
2018-10-20,13,Natural,Imagine Dragons,12,13,19,False
2018-10-20,14,Taste,Tyga Featuring Offset,20,8,15,False
2018-10-20,15,Never Recover,Lil Baby & Gunna Featuring Drake,1,15,0,True
2018-10-20,16,Trip,Ella Mai,10,16,20,False
2018-10-20,17,I Love It,Kanye West & Lil Pump,5,6,18,False
2018-10-20,18,Without Me,Halsey,1,18,0,True
2018-10-20,19,Nonstop,Drake,15,2,23,False
2018-10-20,20,Eastside,"Benny Blanco, Halsey & Khalid",13,20,29,False
2018-10-20,21,Back To You,Selena Gomez,22,18,22,False
2018-10-20,22,God Is A Woman,Ariana Grande,13,8,21,False
2018-10-20,23,Mona Lisa,Lil Wayne Featuring Kendrick Lamar,2,2,2,False
2018-10-20,24,Mo Bamba,Sheck Wes,7,24,38,False
2018-10-20,25,STOOPID,6ix9ine Featuring Bobby Shmurda,1,25,0,True
2018-10-20,26,Yes Indeed,Lil Baby & Drake,22,6,31,False
2018-10-20,27,Big Bank,"YG Featuring 2 Chainz, Big Sean & Nicki Minaj",19,16,32,False
2018-10-20,28,Close Friends,Lil Baby,1,28,0,True
2018-10-20,29,Uproar,Lil Wayne,2,7,7,False
2018-10-20,30,Boo'd Up,Ella Mai,28,5,33,False
2018-10-20,31,Taki Taki,"DJ Snake Featuring Selena Gomez, Ozuna & Cardi B",2,27,27,False
2018-10-20,32,No Brainer,"DJ Khaled Featuring Justin Bieber, Chance the Rapper & Quavo",11,5,30,False
2018-10-20,33,Delicate,Taylor Swift,31,12,37,False
2018-10-20,34,Meant To Be,Bebe Rexha & Florida Georgia Line,51,2,35,False
2018-10-20,35,High Hopes,Panic! At The Disco,10,35,49,False
2018-10-20,36,I'll Never Love Again,Lady Gaga,1,36,0,True
2018-10-20,37,Sad!,XXXTENTACION,32,1,41,False
2018-10-20,38,Psycho,Post Malone Featuring Ty Dolla $ign,33,1,44,False
2018-10-20,39,Broken,lovelytheband,13,39,48,False
2018-10-20,40,I Like Me Better,Lauv,35,27,42,False
2018-10-20,41,Always Remember Us This Way,Lady Gaga,1,41,0,True
2018-10-20,42,I'm A Mess,Bebe Rexha,13,36,45,False
2018-10-20,43,Venom,Eminem,2,43,0,False
2018-10-20,44,No Tears Left To Cry,Ariana Grande,25,3,43,False
2018-10-20,45,The Middle,"Zedd, Maren Morris & Grey",37,5,46,False
2018-10-20,46,Wake Up In The Sky,Gucci Mane X Bruno Mars X Kodak Black,4,30,51,False
2018-10-20,47,Beautiful,Bazzi Featuring Camila Cabello,10,42,52,False
2018-10-20,48,Simple,Florida Georgia Line,19,32,53,False
2018-10-20,49,Tequila,Dan + Shay,31,21,50,False
2018-10-20,50,Falling Down,Lil Peep & XXXTENTACION,4,13,40,False
2018-10-20,51,She Got The Best Of Me,Luke Combs,9,48,58,False
2018-10-20,52,Ring,Cardi B Featuring Kehlani,12,28,61,False
2018-10-20,53,Killshot,Eminem,4,3,34,False
2018-10-20,54,Off White VLONE,Lil Baby & Gunna Featuring Lil Durk & Nav,1,54,0,True
2018-10-20,55,Breathin,Ariana Grande,8,22,68,False
2018-10-20,56,Drew Barrymore,Bryce Vine,9,46,63,False
2018-10-20,57,Smile (Living My Best Life),Lil' Duval Featuring Snoop Dogg & Ball Greezy,7,56,64,False
2018-10-20,58,Blue Tacoma,Russell Dickerson,8,52,60,False
2018-10-20,59,Jackie Chan,Tiesto & Dzeko Featuring Preme & Post Malone,14,52,66,False
2018-10-20,60,Don't Cry,Lil Wayne Featuring XXXTENTACION,2,5,5,False
2018-10-20,61,Business Is Business,Lil Baby & Gunna,1,61,0,True
2018-10-20,62,New Patek,Lil Uzi Vert,4,24,54,False
2018-10-20,63,Is That Alright?,Lady Gaga,1,63,0,True
2018-10-20,64,Lucky You,Eminem Featuring Joyner Lucas,6,6,55,False
2018-10-20,65,Lose It,Kane Brown,13,61,72,False
2018-10-20,66,Break Up In The End,Cole Swindell,14,49,73,False
2018-10-20,67,Let It Fly,Lil Wayne Featuring Travis Scott,2,10,10,False
2018-10-20,68,Desperate Man,Eric Church,10,68,0,False
2018-10-20,69,Speechless,Dan + Shay,5,69,82,False
2018-10-20,70,Hotel Key,Old Dominion,15,48,69,False
2018-10-20,71,Lie,NF,11,62,71,False
2018-10-20,72,Drunk Me,Mitchell Tenpenny,9,67,80,False
2018-10-20,73,You Say,Lauren Daigle,13,44,70,False
2018-10-20,74,"If I'm Lyin, I'm Flyin",Kodak Black,2,56,56,False
2018-10-20,75,Dangerous,Meek Mill Featuring Jeremih & PnB Rock,8,75,84,False
2018-10-20,76,Better,Khalid,4,45,87,False
2018-10-20,77,Africa,Weezer,13,51,67,False
2018-10-20,78,Dedicate,Lil Wayne,2,14,14,False
2018-10-20,79,Jumpsuit,Twenty One Pilots,4,50,0,False
2018-10-20,80,Belly,Lil Baby & Gunna,1,80,0,True
2018-10-20,81,My Blood,Twenty One Pilots,1,81,0,True
2018-10-20,82,Lost In Japan,Shawn Mendes X Zedd,3,64,99,False
2018-10-20,83,Promises,Calvin Harris & Sam Smith,8,65,85,False
2018-10-20,84,The Way I Am,Charlie Puth,7,61,77,False
2018-10-20,85,No Stylist,French Montana Featuring Drake,3,47,94,False
2018-10-20,86,Medicine,Queen Naija,19,45,89,False
2018-10-20,87,Best Shot,Jimmie Allen,4,86,95,False
2018-10-20,88,W O R K I N  M E,Quavo,9,52,91,False
2018-10-20,89,Hangin' On,Chris Young,6,85,96,False
2018-10-20,90,That's On Me,Yella Beezy,11,69,88,False
2018-10-20,91,Can't Be Broken,Lil Wayne,2,17,17,False
2018-10-20,92,Best Part,Daniel Caesar Featuring H.E.R.,12,75,92,False
2018-10-20,93,Maybe It's Time,Bradley Cooper,1,93,0,True
2018-10-20,94,Leave Me Alone,Flipp Dinero,4,81,98,False
2018-10-20,95,Nico And The Niners,Twenty One Pilots,2,79,0,False
2018-10-20,96,Drunk Girl,Chris Janson,7,82,97,False
2018-10-20,97,Deep End,Lil Baby,1,97,0,True
2018-10-20,98,I Am,Lil Baby & Gunna,1,98,0,True
2018-10-20,99,"Sunrise, Sunburn, Sunset",Luke Bryan,15,35,83,False
2018-10-20,100,Noticed,Lil Mosey,3,83,0,False
2018-10-27,1,Girls Like You,Maroon 5 Featuring Cardi B,21,1,1,False
2018-10-27,2,ZEZE,Kodak Black Featuring Travis Scott & Offset,1,2,0,True
2018-10-27,3,Lucid Dreams,Juice WRLD,23,2,2,False
2018-10-27,4,Better Now,Post Malone,25,3,3,False
2018-10-27,5,MIA,Bad Bunny Featuring Drake,1,5,0,True
2018-10-27,6,Happier,Marshmello & Bastille,9,6,8,False
2018-10-27,7,Sicko Mode,Travis Scott,11,4,6,False
2018-10-27,8,Drip Too Hard,Lil Baby & Gunna,5,4,4,False
2018-10-27,9,Youngblood,5 Seconds of Summer,20,7,7,False
2018-10-27,10,Shallow,Lady Gaga & Bradley Cooper,3,5,5,False
2018-10-27,11,Trip,Ella Mai,11,11,16,False
2018-10-27,12,I Like It,"Cardi B, Bad Bunny & J Balvin",28,1,9,False
2018-10-27,13,Natural,Imagine Dragons,13,13,13,False
2018-10-27,14,Love Lies,Khalid & Normani,35,9,12,False
2018-10-27,15,In My Feelings,Drake,16,1,11,False
2018-10-27,16,Taki Taki,"DJ Snake Featuring Selena Gomez, Ozuna & Cardi B",3,16,31,False
2018-10-27,17,Taste,Tyga Featuring Offset,21,8,14,False
2018-10-27,18,FEFE,6ix9ine Featuring Nicki Minaj & Murda Beatz,13,3,10,False
2018-10-27,19,God Is A Woman,Ariana Grande,14,8,22,False
2018-10-27,20,Nonstop,Drake,16,2,19,False
2018-10-27,21,Mo Bamba,Sheck Wes,8,21,24,False
2018-10-27,22,Eastside,"Benny Blanco, Halsey & Khalid",14,20,20,False
2018-10-27,23,Without Me,Halsey,2,18,18,False
2018-10-27,24,Back To You,Selena Gomez,23,18,21,False
2018-10-27,25,Boo'd Up,Ella Mai,29,5,30,False
2018-10-27,26,I Love It,Kanye West & Lil Pump,6,6,17,False
2018-10-27,27,High Hopes,Panic! At The Disco,11,27,35,False
2018-10-27,28,Yes Indeed,Lil Baby & Drake,23,6,26,False
2018-10-27,29,Big Bank,"YG Featuring 2 Chainz, Big Sean & Nicki Minaj",20,16,27,False
2018-10-27,30,Close Friends,Lil Baby,2,28,28,False
2018-10-27,31,Meant To Be,Bebe Rexha & Florida Georgia Line,52,2,34,False
2018-10-27,32,Beautiful,Bazzi Featuring Camila Cabello,11,32,47,False
2018-10-27,33,Broken,lovelytheband,14,33,39,False
2018-10-27,34,Delicate,Taylor Swift,32,12,33,False
2018-10-27,35,Never Recover,Lil Baby & Gunna Featuring Drake,2,15,15,False
2018-10-27,36,Uproar,Lil Wayne,3,7,29,False
2018-10-27,37,I'm A Mess,Bebe Rexha,14,36,42,False
2018-10-27,38,Psycho,Post Malone Featuring Ty Dolla $ign,34,1,38,False
2018-10-27,39,I Like Me Better,Lauv,36,27,40,False
2018-10-27,40,Sad!,XXXTENTACION,33,1,37,False
2018-10-27,41,Wake Up In The Sky,Gucci Mane X Bruno Mars X Kodak Black,5,30,46,False
2018-10-27,42,Mona Lisa,Lil Wayne Featuring Kendrick Lamar,3,2,23,False
2018-10-27,43,The Middle,"Zedd, Maren Morris & Grey",38,5,45,False
2018-10-27,44,She Got The Best Of Me,Luke Combs,10,44,51,False
2018-10-27,45,No Brainer,"DJ Khaled Featuring Justin Bieber, Chance the Rapper & Quavo",12,5,32,False
2018-10-27,46,Ring,Cardi B Featuring Kehlani,13,28,52,False
2018-10-27,47,Tequila,Dan + Shay,32,21,49,False
2018-10-27,48,Flip The Switch,Quavo Featuring Drake,1,48,0,True
2018-10-27,49,No Tears Left To Cry,Ariana Grande,26,3,44,False
2018-10-27,50,Always Remember Us This Way,Lady Gaga,2,41,41,False
2018-10-27,51,STOOPID,6ix9ine Featuring Bobby Shmurda,2,25,25,False
2018-10-27,52,Breathin,Ariana Grande,9,22,55,False
2018-10-27,53,W O R K I N  M E,Quavo,10,52,88,False
2018-10-27,54,I'll Never Love Again,Lady Gaga,2,36,36,False
2018-10-27,55,Falling Down,Lil Peep & XXXTENTACION,5,13,50,False
2018-10-27,56,Break Up In The End,Cole Swindell,15,49,66,False
2018-10-27,57,Venom,Eminem,3,43,43,False
2018-10-27,58,Lie,NF,12,58,71,False
2018-10-27,59,Smile (Living My Best Life),Lil' Duval Featuring Snoop Dogg & Ball Greezy,8,56,57,False
2018-10-27,60,Simple,Florida Georgia Line,20,32,48,False
2018-10-27,61,Pass Out,Quavo Featuring 21 Savage,1,61,0,True
2018-10-27,62,Jackie Chan,Tiesto & Dzeko Featuring Preme & Post Malone,15,52,59,False
2018-10-27,63,Speechless,Dan + Shay,6,63,69,False
2018-10-27,64,Drew Barrymore,Bryce Vine,10,46,56,False
2018-10-27,65,Blue Tacoma,Russell Dickerson,9,52,58,False
2018-10-27,66,Lose It,Kane Brown,14,61,65,False
2018-10-27,67,No Stylist,French Montana Featuring Drake,4,47,85,False
2018-10-27,68,Lost In Japan,Shawn Mendes X Zedd,4,64,82,False
2018-10-27,69,Best Shot,Jimmie Allen,5,69,87,False
2018-10-27,70,Killshot,Eminem,5,3,53,False
2018-10-27,71,Better,Khalid,5,45,76,False
2018-10-27,72,Drunk Me,Mitchell Tenpenny,10,67,72,False
2018-10-27,73,Dangerous,Meek Mill Featuring Jeremih & PnB Rock,9,73,75,False
2018-10-27,74,Lucky You,Eminem Featuring Joyner Lucas,7,6,64,False
2018-10-27,75,You Say,Lauren Daigle,14,44,73,False
2018-10-27,76,Leave Me Alone,Flipp Dinero,5,76,94,False
2018-10-27,77,New Patek,Lil Uzi Vert,5,24,62,False
2018-10-27,78,Hangin' On,Chris Young,7,78,89,False
2018-10-27,79,Hotel Key,Old Dominion,16,48,70,False
2018-10-27,80,Promises,Calvin Harris & Sam Smith,9,65,83,False
2018-10-27,81,Best Part,Daniel Caesar Featuring H.E.R.,13,75,92,False
2018-10-27,82,That's On Me,Yella Beezy,12,69,90,False
2018-10-27,83,Medicine,Queen Naija,20,45,86,False
2018-10-27,84,Africa,Weezer,14,51,77,False
2018-10-27,85,Rich,Maren Morris,2,85,0,False
2018-10-27,86,Biggest Alley Oop,Quavo,1,86,0,True
2018-10-27,87,Drunk Girl,Chris Janson,8,82,96,False
2018-10-27,88,Rerun,Quavo Featuring Travis Scott,1,88,0,True
2018-10-27,89,Desperate Man,Eric Church,11,68,68,False
2018-10-27,90,This Feeling,The Chainsmokers Featuring Kelsea Ballerini,2,74,0,False
2018-10-27,91,Don't Cry,Lil Wayne Featuring XXXTENTACION,3,5,60,False
2018-10-27,92,Noticed,Lil Mosey,4,83,100,False
2018-10-27,93,Huncho Dreams,Quavo,1,93,0,True
2018-10-27,94,Chanel (Go Get It),Young Thug Featuring Gunna & Lil Baby,4,78,0,False
2018-10-27,95,Thunderclouds,"Labrinth, Sia & Diplo Present... LSD",5,67,0,False
2018-10-27,96,"Sunrise, Sunburn, Sunset",Luke Bryan,16,35,99,False
2018-10-27,97,Electricity,Silk City x Dua Lipa,2,96,0,False
2018-10-27,98,Drowns The Whiskey,Jason Aldean Featuring Miranda Lambert,17,32,0,False
2018-10-27,99,"If I'm Lyin, I'm Flyin",Kodak Black,3,56,74,False
2018-10-27,100,Lose It,Quavo Featuring Lil Baby,1,100,0,True
2018-11-03,1,Girls Like You,Maroon 5 Featuring Cardi B,22,1,1,False
2018-11-03,2,Sicko Mode,Travis Scott,12,2,7,False
2018-11-03,3,Lucid Dreams,Juice WRLD,24,2,3,False
2018-11-03,4,Happier,Marshmello & Bastille,10,4,6,False
2018-11-03,5,Better Now,Post Malone,26,3,4,False
2018-11-03,6,ZEZE,Kodak Black Featuring Travis Scott & Offset,2,2,2,False
2018-11-03,7,Youngblood,5 Seconds of Summer,21,7,9,False
2018-11-03,8,Drip Too Hard,Lil Baby & Gunna,6,4,8,False
2018-11-03,9,Sunflower (Spider-Man: Into The Spider-Verse),Post Malone & Swae Lee,1,9,0,True
2018-11-03,10,Love Lies,Khalid & Normani,36,9,14,False
2018-11-03,11,Taki Taki,"DJ Snake Featuring Selena Gomez, Ozuna & Cardi B",4,11,16,False
2018-11-03,12,Without Me,Halsey,3,12,23,False
2018-11-03,13,MIA,Bad Bunny Featuring Drake,2,5,5,False
2018-11-03,14,Shallow,Lady Gaga & Bradley Cooper,4,5,10,False
2018-11-03,15,Natural,Imagine Dragons,14,13,13,False
2018-11-03,16,Mo Bamba,Sheck Wes,9,16,21,False
2018-11-03,17,I Like It,"Cardi B, Bad Bunny & J Balvin",29,1,12,False
2018-11-03,18,Trip,Ella Mai,12,11,11,False
2018-11-03,19,Taste,Tyga Featuring Offset,22,8,17,False
2018-11-03,20,Eastside,"Benny Blanco, Halsey & Khalid",15,20,22,False
2018-11-03,21,High Hopes,Panic! At The Disco,12,21,27,False
2018-11-03,22,Nonstop,Drake,17,2,20,False
2018-11-03,23,In My Feelings,Drake,17,1,15,False
2018-11-03,24,God Is A Woman,Ariana Grande,15,8,19,False
2018-11-03,25,FEFE,6ix9ine Featuring Nicki Minaj & Murda Beatz,14,3,18,False
2018-11-03,26,Fine China,Future & Juice WRLD,1,26,0,True
2018-11-03,27,Yes Indeed,Lil Baby & Drake,24,6,28,False
2018-11-03,28,Back To You,Selena Gomez,24,18,24,False
2018-11-03,29,Big Bank,"YG Featuring 2 Chainz, Big Sean & Nicki Minaj",21,16,29,False
2018-11-03,30,Broken,lovelytheband,15,30,33,False
2018-11-03,31,Beautiful,Bazzi Featuring Camila Cabello,12,31,32,False
2018-11-03,32,Boo'd Up,Ella Mai,30,5,25,False
2018-11-03,33,Uproar,Lil Wayne,4,7,36,False
2018-11-03,34,Better,Khalid,6,34,71,False
2018-11-03,35,I Love It,Kanye West & Lil Pump,7,6,26,False
2018-11-03,36,I'm A Mess,Bebe Rexha,15,36,37,False
2018-11-03,37,She Got The Best Of Me,Luke Combs,11,37,44,False
2018-11-03,38,Delicate,Taylor Swift,33,12,34,False
2018-11-03,39,Wake Up In The Sky,Gucci Mane X Bruno Mars X Kodak Black,6,30,41,False
2018-11-03,40,I Like Me Better,Lauv,37,27,39,False
2018-11-03,41,Breathin,Ariana Grande,10,22,52,False
2018-11-03,42,Close Friends,Lil Baby,3,28,30,False
2018-11-03,43,Sad!,XXXTENTACION,34,1,40,False
2018-11-03,44,Psycho,Post Malone Featuring Ty Dolla $ign,35,1,38,False
2018-11-03,45,Ring,Cardi B Featuring Kehlani,14,28,46,False
2018-11-03,46,Tequila,Dan + Shay,33,21,47,False
2018-11-03,47,The Middle,"Zedd, Maren Morris & Grey",39,5,43,False
2018-11-03,48,STOOPID,6ix9ine Featuring Bobby Shmurda,3,25,51,False
2018-11-03,49,Never Recover,Lil Baby & Gunna Featuring Drake,3,15,35,False
2018-11-03,50,No Tears Left To Cry,Ariana Grande,27,3,49,False
2018-11-03,51,Lie,NF,13,51,58,False
2018-11-03,52,Speechless,Dan + Shay,7,52,63,False
2018-11-03,53,Leave Me Alone,Flipp Dinero,6,53,76,False
2018-11-03,54,Money,Cardi B,1,54,0,True
2018-11-03,55,Mona Lisa,Lil Wayne Featuring Kendrick Lamar,4,2,42,False
2018-11-03,56,Lose It,Kane Brown,15,56,66,False
2018-11-03,57,Always Remember Us This Way,Lady Gaga,3,41,50,False
2018-11-03,58,Smile (Living My Best Life),Lil' Duval Featuring Snoop Dogg & Ball Greezy,9,56,59,False
2018-11-03,59,W O R K I N  M E,Quavo,11,52,53,False
2018-11-03,60,Jackie Chan,Tiesto & Dzeko Featuring Preme & Post Malone,16,52,62,False
2018-11-03,61,Best Shot,Jimmie Allen,6,61,69,False
2018-11-03,62,Lost In Japan,Shawn Mendes X Zedd,5,62,68,False
2018-11-03,63,Drunk Me,Mitchell Tenpenny,11,63,72,False
2018-11-03,64,Drew Barrymore,Bryce Vine,11,46,64,False
2018-11-03,65,When The Party's Over,Billie Eilish,1,65,0,True
2018-11-03,66,Falling Down,Lil Peep & XXXTENTACION,6,13,55,False
2018-11-03,67,I'll Never Love Again,Lady Gaga,3,36,54,False
2018-11-03,68,No Stylist,French Montana Featuring Drake,5,47,67,False
2018-11-03,69,Dangerous,Meek Mill Featuring Jeremih & PnB Rock,10,69,73,False
2018-11-03,70,Blue Tacoma,Russell Dickerson,10,52,65,False
2018-11-03,71,Hangin' On,Chris Young,8,71,78,False
2018-11-03,72,Jet Lag,Future & Juice WRLD Featuring Young Scooter,1,72,0,True
2018-11-03,73,No Brainer,"DJ Khaled Featuring Justin Bieber, Chance the Rapper & Quavo",13,5,45,False
2018-11-03,74,Venom,Eminem,4,43,57,False
2018-11-03,75,You Say,Lauren Daigle,15,44,75,False
2018-11-03,76,Break Up In The End,Cole Swindell,16,49,56,False
2018-11-03,77,Promises,Calvin Harris & Sam Smith,10,65,80,False
2018-11-03,78,Lucky You,Eminem Featuring Joyner Lucas,8,6,74,False
2018-11-03,79,Killshot,Eminem,6,3,70,False
2018-11-03,80,Noticed,Lil Mosey,5,80,92,False
2018-11-03,81,Rich,Maren Morris,3,81,85,False
2018-11-03,82,Astronauts,Future & Juice WRLD,1,82,0,True
2018-11-03,83,Saturday Nights,Khalid & Kane Brown,1,83,0,True
2018-11-03,84,Hotel Key,Old Dominion,17,48,79,False
2018-11-03,85,Best Part,Daniel Caesar Featuring H.E.R.,14,75,81,False
2018-11-03,86,That's On Me,Yella Beezy,13,69,82,False
2018-11-03,87,Drunk Girl,Chris Janson,9,82,87,False
2018-11-03,88,Suncity,Khalid Featuring Empress Of,1,88,0,True
2018-11-03,89,Vertigo,Khalid,1,89,0,True
2018-11-03,90,New Patek,Lil Uzi Vert,6,24,77,False
2018-11-03,91,Yacht Club,Lil Yachty Featuring Juice WRLD,1,91,0,True
2018-11-03,92,Make It Back,Juice WRLD,1,92,0,True
2018-11-03,93,Kiss And Make Up,Dua Lipa & BLACKPINK,1,93,0,True
2018-11-03,94,Desperate Man,Eric Church,12,68,89,False
2018-11-03,95,Backin' It Up,Pardison Fontaine Featuring Cardi B,2,92,0,False
2018-11-03,96,Africa,Weezer,15,51,84,False
2018-11-03,97,Electricity,Silk City x Dua Lipa,3,96,97,False
2018-11-03,98,Get Dripped,Lil Yachty Featuring Playboi Carti,1,98,0,True
2018-11-03,99,Drowns The Whiskey,Jason Aldean Featuring Miranda Lambert,18,32,98,False
2018-11-03,100,Burning Man,Dierks Bentley Featuring Brothers Osborne,1,100,0,True
2018-11-10,1,Girls Like You,Maroon 5 Featuring Cardi B,23,1,1,False
2018-11-10,2,Sicko Mode,Travis Scott,13,2,2,False
2018-11-10,3,Happier,Marshmello & Bastille,11,3,4,False
2018-11-10,4,Lucid Dreams,Juice WRLD,25,2,3,False
2018-11-10,5,Better Now,Post Malone,27,3,5,False
2018-11-10,6,ZEZE,Kodak Black Featuring Travis Scott & Offset,3,2,6,False
2018-11-10,7,Youngblood,5 Seconds of Summer,22,7,7,False
2018-11-10,8,Drip Too Hard,Lil Baby & Gunna,7,4,8,False
2018-11-10,9,Without Me,Halsey,4,9,12,False
2018-11-10,10,Mo Bamba,Sheck Wes,10,10,16,False
2018-11-10,11,High Hopes,Panic! At The Disco,13,11,21,False
2018-11-10,12,Love Lies,Khalid & Normani,37,9,10,False
2018-11-10,13,Money,Cardi B,2,13,54,False
2018-11-10,14,Natural,Imagine Dragons,15,13,15,False
2018-11-10,15,MIA,Bad Bunny Featuring Drake,3,5,13,False
2018-11-10,16,Taki Taki,"DJ Snake Featuring Selena Gomez, Ozuna & Cardi B",5,11,11,False
2018-11-10,17,Trip,Ella Mai,13,11,18,False
2018-11-10,18,Eastside,"Benny Blanco, Halsey & Khalid",16,18,20,False
2018-11-10,19,I Like It,"Cardi B, Bad Bunny & J Balvin",30,1,17,False
2018-11-10,20,God Is A Woman,Ariana Grande,16,8,24,False
2018-11-10,21,Shallow,Lady Gaga & Bradley Cooper,5,5,14,False
2018-11-10,22,Taste,Tyga Featuring Offset,23,8,19,False
2018-11-10,23,In My Feelings,Drake,18,1,23,False
2018-11-10,24,Sunflower (Spider-Man: Into The Spider-Verse),Post Malone & Swae Lee,2,9,9,False
2018-11-10,25,Nonstop,Drake,18,2,22,False
2018-11-10,26,Wake Up In The Sky,Gucci Mane X Bruno Mars X Kodak Black,7,26,39,False
2018-11-10,27,FEFE,6ix9ine Featuring Nicki Minaj & Murda Beatz,15,3,25,False
2018-11-10,28,Arms Around You,XXXTENTACION x Lil Pump Featuring Maluma & Swae Lee,1,28,0,True
2018-11-10,29,Broken,lovelytheband,16,29,30,False
2018-11-10,30,Yes Indeed,Lil Baby & Drake,25,6,27,False
2018-11-10,31,Thriller,Michael Jackson,18,4,0,False
2018-11-10,32,Breathin,Ariana Grande,11,22,41,False
2018-11-10,33,Beautiful,Bazzi Featuring Camila Cabello,13,31,31,False
2018-11-10,34,Big Bank,"YG Featuring 2 Chainz, Big Sean & Nicki Minaj",22,16,29,False
2018-11-10,35,Back To You,Selena Gomez,25,18,28,False
2018-11-10,36,Uproar,Lil Wayne,5,7,33,False
2018-11-10,37,She Got The Best Of Me,Luke Combs,12,37,37,False
2018-11-10,38,I Like Me Better,Lauv,38,27,40,False
2018-11-10,39,I'm A Mess,Bebe Rexha,16,36,36,False
2018-11-10,40,Ring,Cardi B Featuring Kehlani,15,28,45,False
2018-11-10,41,Boo'd Up,Ella Mai,31,5,32,False
2018-11-10,42,Sad!,XXXTENTACION,35,1,43,False
2018-11-10,43,Delicate,Taylor Swift,34,12,38,False
2018-11-10,44,Psycho,Post Malone Featuring Ty Dolla $ign,36,1,44,False
2018-11-10,45,Tequila,Dan + Shay,34,21,46,False
2018-11-10,46,The Middle,"Zedd, Maren Morris & Grey",40,5,47,False
2018-11-10,47,I Love It,Kanye West & Lil Pump,8,6,35,False
2018-11-10,48,Lost In Japan,Shawn Mendes X Zedd,6,48,62,False
2018-11-10,49,Fine China,Future & Juice WRLD,2,26,26,False
2018-11-10,50,Speechless,Dan + Shay,8,50,52,False
2018-11-10,51,Close Friends,Lil Baby,4,28,42,False
2018-11-10,52,Lie,NF,14,51,51,False
2018-11-10,53,Best Shot,Jimmie Allen,7,53,61,False
2018-11-10,54,Last Memory,TakeOff,1,54,0,True
2018-11-10,55,Leave Me Alone,Flipp Dinero,7,53,53,False
2018-11-10,56,Better,Khalid,7,34,34,False
2018-11-10,57,Smile (Living My Best Life),Lil' Duval Featuring Snoop Dogg & Ball Greezy,10,56,58,False
2018-11-10,58,When The Party's Over,Billie Eilish,2,58,65,False
2018-11-10,59,Lose It,Kane Brown,16,56,56,False
2018-11-10,60,Never Recover,Lil Baby & Gunna Featuring Drake,4,15,49,False
2018-11-10,61,Drunk Me,Mitchell Tenpenny,12,61,63,False
2018-11-10,62,That's On Me,Yella Beezy,14,62,86,False
2018-11-10,63,Hangin' On,Chris Young,9,63,71,False
2018-11-10,64,Dangerous,Meek Mill Featuring Jeremih & PnB Rock,11,64,69,False
2018-11-10,65,STOOPID,6ix9ine Featuring Bobby Shmurda,4,25,48,False
2018-11-10,66,Drew Barrymore,Bryce Vine,12,46,64,False
2018-11-10,67,You Say,Lauren Daigle,16,44,75,False
2018-11-10,68,W O R K I N  M E,Quavo,12,52,59,False
2018-11-10,69,Jackie Chan,Tiesto & Dzeko Featuring Preme & Post Malone,17,52,60,False
2018-11-10,70,Mona Lisa,Lil Wayne Featuring Kendrick Lamar,5,2,55,False
2018-11-10,71,Blue Tacoma,Russell Dickerson,11,52,70,False
2018-11-10,72,I'll Never Love Again,Lady Gaga,4,36,67,False
2018-11-10,73,No Stylist,French Montana Featuring Drake,6,47,68,False
2018-11-10,74,Always Remember Us This Way,Lady Gaga,4,41,57,False
2018-11-10,75,Falling Down,Lil Peep & XXXTENTACION,7,13,66,False
2018-11-10,76,Talk To Me,Tory Lanez & Rich The Kid,1,76,0,True
2018-11-10,77,Rich,Maren Morris,4,77,81,False
2018-11-10,78,No Brainer,"DJ Khaled Featuring Justin Bieber, Chance the Rapper & Quavo",14,5,73,False
2018-11-10,79,Drunk Girl,Chris Janson,10,79,87,False
2018-11-10,80,Topanga,Trippie Redd,1,80,0,True
2018-11-10,81,Backin' It Up,Pardison Fontaine Featuring Cardi B,3,81,95,False
2018-11-10,82,Noticed,Lil Mosey,6,80,80,False
2018-11-10,83,Dip,Tyga & Nicki Minaj,1,83,0,True
2018-11-10,84,Best Part,Daniel Caesar Featuring H.E.R.,15,75,85,False
2018-11-10,85,Lucky You,Eminem Featuring Joyner Lucas,9,6,78,False
2018-11-10,86,Promises,Calvin Harris & Sam Smith,11,65,77,False
2018-11-10,87,Hotel Key,Old Dominion,18,48,84,False
2018-11-10,88,Killshot,Eminem,7,3,79,False
2018-11-10,89,Waste It On Me,Steve Aoki Featuring BTS,1,89,0,True
2018-11-10,90,A Million Dreams,P!nk,1,90,0,True
2018-11-10,91,Burning Man,Dierks Bentley Featuring Brothers Osborne,2,91,100,False
2018-11-10,92,Venom,Eminem,5,43,74,False
2018-11-10,93,New Patek,Lil Uzi Vert,7,24,90,False
2018-11-10,94,Be Alright,Dean Lewis,1,94,0,True
2018-11-10,95,Break Up In The End,Cole Swindell,17,49,76,False
2018-11-10,96,Desperate Man,Eric Church,13,68,94,False
2018-11-10,97,Kamikaze,Lil Mosey,1,97,0,True
2018-11-10,98,This Feeling,The Chainsmokers Featuring Kelsea Ballerini,3,74,0,False
2018-11-10,99,Electricity,Silk City x Dua Lipa,4,96,97,False
2018-11-10,100,Drowns The Whiskey,Jason Aldean Featuring Miranda Lambert,19,32,99,False
2018-11-17,1,"Thank U, Next",Ariana Grande,1,1,0,True
2018-11-17,2,Girls Like You,Maroon 5 Featuring Cardi B,24,1,1,False
2018-11-17,3,Sicko Mode,Travis Scott,14,2,2,False
2018-11-17,4,Happier,Marshmello & Bastille,12,3,3,False
2018-11-17,5,Lucid Dreams,Juice WRLD,26,2,4,False
2018-11-17,6,Without Me,Halsey,5,6,9,False
2018-11-17,7,Better Now,Post Malone,28,3,5,False
2018-11-17,8,ZEZE,Kodak Black Featuring Travis Scott & Offset,4,2,6,False
2018-11-17,9,Mo Bamba,Sheck Wes,11,9,10,False
2018-11-17,10,Drip Too Hard,Lil Baby & Gunna,8,4,8,False
2018-11-17,11,Youngblood,5 Seconds of Summer,23,7,7,False
2018-11-17,12,High Hopes,Panic! At The Disco,14,11,11,False
2018-11-17,13,Love Lies,Khalid & Normani,38,9,12,False
2018-11-17,14,Wake Up In The Sky,Gucci Mane X Bruno Mars X Kodak Black,8,14,26,False
2018-11-17,15,Natural,Imagine Dragons,16,13,14,False
2018-11-17,16,Taki Taki,"DJ Snake Featuring Selena Gomez, Ozuna & Cardi B",6,11,16,False
2018-11-17,17,Trip,Ella Mai,14,11,17,False
2018-11-17,18,Eastside,"Benny Blanco, Halsey & Khalid",17,18,18,False
2018-11-17,19,MIA,Bad Bunny Featuring Drake,4,5,15,False
2018-11-17,20,God Is A Woman,Ariana Grande,17,8,20,False
2018-11-17,21,Breathin,Ariana Grande,12,21,32,False
2018-11-17,22,Shallow,Lady Gaga & Bradley Cooper,6,5,21,False
2018-11-17,23,Sunflower (Spider-Man: Into The Spider-Verse),Post Malone & Swae Lee,3,9,24,False
2018-11-17,24,Money,Cardi B,3,13,13,False
2018-11-17,25,I Like It,"Cardi B, Bad Bunny & J Balvin",31,1,19,False
2018-11-17,26,Taste,Tyga Featuring Offset,24,8,22,False
2018-11-17,27,In My Feelings,Drake,19,1,23,False
2018-11-17,28,Nonstop,Drake,19,2,25,False
2018-11-17,29,Broken,lovelytheband,17,29,29,False
2018-11-17,30,Yes Indeed,Lil Baby & Drake,26,6,30,False
2018-11-17,31,FEFE,6ix9ine Featuring Nicki Minaj & Murda Beatz,16,3,27,False
2018-11-17,32,Beautiful,Bazzi Featuring Camila Cabello,14,31,33,False
2018-11-17,33,Bohemian Rhapsody,Queen,42,2,0,False
2018-11-17,34,Uproar,Lil Wayne,6,7,36,False
2018-11-17,35,I'm A Mess,Bebe Rexha,17,35,39,False
2018-11-17,36,Ring,Cardi B Featuring Kehlani,16,28,40,False
2018-11-17,37,I Like Me Better,Lauv,39,27,38,False
2018-11-17,38,Don't Come Out The House,Metro Boomin Featuring 21 Savage,1,38,0,True
2018-11-17,39,She Got The Best Of Me,Luke Combs,13,37,37,False
2018-11-17,40,Boo'd Up,Ella Mai,32,5,41,False
2018-11-17,41,Leave Me Alone,Flipp Dinero,8,41,55,False
2018-11-17,42,10 Freaky Girls,Metro Boomin Featuring 21 Savage,1,42,0,True
2018-11-17,43,Tequila,Dan + Shay,35,21,45,False
2018-11-17,44,Big Bank,"YG Featuring 2 Chainz, Big Sean & Nicki Minaj",23,16,34,False
2018-11-17,45,Speechless,Dan + Shay,9,45,50,False
2018-11-17,46,Sad!,XXXTENTACION,36,1,42,False
2018-11-17,47,Back To You,Selena Gomez,26,18,35,False
2018-11-17,48,Psycho,Post Malone Featuring Ty Dolla $ign,37,1,44,False
2018-11-17,49,Delicate,Taylor Swift,35,12,43,False
2018-11-17,50,Best Shot,Jimmie Allen,8,50,53,False
2018-11-17,51,Space Cadet,Metro Boomin Featuring Gunna,1,51,0,True
2018-11-17,52,Lost In Japan,Shawn Mendes X Zedd,7,48,48,False
2018-11-17,53,Lose It,Kane Brown,17,53,59,False
2018-11-17,54,Lie,NF,15,51,52,False
2018-11-17,55,Better,Khalid,8,34,56,False
2018-11-17,56,Arms Around You,XXXTENTACION x Lil Pump Featuring Maluma & Swae Lee,2,28,28,False
2018-11-17,57,That's On Me,Yella Beezy,15,57,62,False
2018-11-17,58,Drunk Me,Mitchell Tenpenny,13,58,61,False
2018-11-17,59,Close Friends,Lil Baby,5,28,51,False
2018-11-17,60,I Love It,Kanye West & Lil Pump,9,6,47,False
2018-11-17,61,Smile (Living My Best Life),Lil' Duval Featuring Snoop Dogg & Ball Greezy,11,56,57,False
2018-11-17,62,Overdue,Metro Boomin Featuring Travis Scott,1,62,0,True
2018-11-17,63,Dip,Tyga & Nicki Minaj,2,63,83,False
2018-11-17,64,Fine China,Future & Juice WRLD,3,26,49,False
2018-11-17,65,Hangin' On,Chris Young,10,63,63,False
2018-11-17,66,Dangerous,Meek Mill Featuring Jeremih & PnB Rock,12,64,64,False
2018-11-17,67,When The Party's Over,Billie Eilish,3,58,58,False
2018-11-17,68,Last Memory,TakeOff,2,54,54,False
2018-11-17,69,Never Recover,Lil Baby & Gunna Featuring Drake,5,15,60,False
2018-11-17,70,You Say,Lauren Daigle,17,44,67,False
2018-11-17,71,Rich,Maren Morris,5,71,77,False
2018-11-17,72,Dreamcatcher,Metro Boomin Featuring Swae Lee & Travis Scott,1,72,0,True
2018-11-17,73,No Stylist,French Montana Featuring Drake,7,47,73,False
2018-11-17,74,Blue Tacoma,Russell Dickerson,12,52,71,False
2018-11-17,75,W O R K I N  M E,Quavo,13,52,68,False
2018-11-17,76,Drew Barrymore,Bryce Vine,13,46,66,False
2018-11-17,77,Backin' It Up,Pardison Fontaine Featuring Cardi B,4,77,81,False
2018-11-17,78,Falling Down,Lil Peep & XXXTENTACION,8,13,75,False
2018-11-17,79,No More,"Metro Boomin Featuring Travis Scott, Kodak Black & 21 Savage",1,79,0,True
2018-11-17,80,STOOPID,6ix9ine Featuring Bobby Shmurda,5,25,65,False
2018-11-17,81,Always Remember Us This Way,Lady Gaga,5,41,74,False
2018-11-17,82,Mona Lisa,Lil Wayne Featuring Kendrick Lamar,6,2,70,False
2018-11-17,83,Talk To Me,Tory Lanez & Rich The Kid,2,76,76,False
2018-11-17,84,Best Part,Daniel Caesar Featuring H.E.R.,16,75,84,False
2018-11-17,85,I'll Never Love Again,Lady Gaga,5,36,72,False
2018-11-17,86,Ella Quiere Beber,Anuel AA & Romeo Santos,1,86,0,True
2018-11-17,87,Jackie Chan,Tiesto & Dzeko Featuring Preme & Post Malone,18,52,69,False
2018-11-17,88,Promises,Calvin Harris & Sam Smith,12,65,86,False
2018-11-17,89,Be Alright,Dean Lewis,2,89,94,False
2018-11-17,90,Topanga,Trippie Redd,2,80,80,False
2018-11-17,91,Noticed,Lil Mosey,7,80,82,False
2018-11-17,92,Burning Man,Dierks Bentley Featuring Brothers Osborne,3,91,91,False
2018-11-17,93,Lucky You,Eminem Featuring Joyner Lucas,10,6,85,False
2018-11-17,94,No Brainer,"DJ Khaled Featuring Justin Bieber, Chance the Rapper & Quavo",15,5,78,False
2018-11-17,95,This Feeling,The Chainsmokers Featuring Kelsea Ballerini,4,74,98,False
2018-11-17,96,Hotel Key,Old Dominion,19,48,87,False
2018-11-17,97,Consequences,Camila Cabello,1,97,0,True
2018-11-17,98,Killshot,Eminem,8,3,88,False
2018-11-17,99,Casper,TakeOff,1,99,0,True
2018-11-17,100,Up To Something,Metro Boomin Featuring Travis Scott & Young Thug,1,100,0,True
2018-11-24,1,"Thank U, Next",Ariana Grande,2,1,1,False
2018-11-24,2,Sicko Mode,Travis Scott,15,2,3,False
2018-11-24,3,Happier,Marshmello & Bastille,13,3,4,False
2018-11-24,4,Without Me,Halsey,6,4,6,False
2018-11-24,5,Girls Like You,Maroon 5 Featuring Cardi B,25,1,2,False
2018-11-24,6,Lucid Dreams,Juice WRLD,27,2,5,False
2018-11-24,7,Mo Bamba,Sheck Wes,12,7,9,False
2018-11-24,8,High Hopes,Panic! At The Disco,15,8,12,False
2018-11-24,9,ZEZE,Kodak Black Featuring Travis Scott & Offset,5,2,8,False
2018-11-24,10,Drip Too Hard,Lil Baby & Gunna,9,4,10,False
2018-11-24,11,Better Now,Post Malone,29,3,7,False
2018-11-24,12,Youngblood,5 Seconds of Summer,24,7,11,False
2018-11-24,13,Natural,Imagine Dragons,17,13,15,False
2018-11-24,14,Breathin,Ariana Grande,13,14,21,False
2018-11-24,15,Taki Taki,"DJ Snake Featuring Selena Gomez, Ozuna & Cardi B",7,11,16,False
2018-11-24,16,BAD!,XXXTENTACION,1,16,0,True
2018-11-24,17,Wake Up In The Sky,Gucci Mane X Bruno Mars X Kodak Black,9,14,14,False
2018-11-24,18,Trip,Ella Mai,15,11,17,False
2018-11-24,19,MIA,Bad Bunny Featuring Drake,5,5,19,False
2018-11-24,20,Love Lies,Khalid & Normani,39,9,13,False
2018-11-24,21,Eastside,"Benny Blanco, Halsey & Khalid",18,18,18,False
2018-11-24,22,Sunflower (Spider-Man: Into The Spider-Verse),Post Malone & Swae Lee,4,9,23,False
2018-11-24,23,God Is A Woman,Ariana Grande,18,8,20,False
2018-11-24,24,Shallow,Lady Gaga & Bradley Cooper,7,5,22,False
2018-11-24,25,Money,Cardi B,4,13,24,False
2018-11-24,26,I Like It,"Cardi B, Bad Bunny & J Balvin",32,1,25,False
2018-11-24,27,Taste,Tyga Featuring Offset,25,8,26,False
2018-11-24,28,Lose It,Kane Brown,18,28,53,False
2018-11-24,29,In My Feelings,Drake,20,1,27,False
2018-11-24,30,Yes Indeed,Lil Baby & Drake,27,6,30,False
2018-11-24,31,Broken,lovelytheband,18,29,29,False
2018-11-24,32,Beautiful,Bazzi Featuring Camila Cabello,15,31,32,False
2018-11-24,33,Nonstop,Drake,20,2,28,False
2018-11-24,34,Uproar,Lil Wayne,7,7,34,False
2018-11-24,35,She Got The Best Of Me,Luke Combs,14,35,39,False
2018-11-24,36,Tequila,Dan + Shay,36,21,43,False
2018-11-24,37,Leave Me Alone,Flipp Dinero,9,37,41,False
2018-11-24,38,Speechless,Dan + Shay,10,38,45,False
2018-11-24,39,Ring,Cardi B Featuring Kehlani,17,28,36,False
2018-11-24,40,Bohemian Rhapsody,Queen,43,2,33,False
2018-11-24,41,I Like Me Better,Lauv,40,27,37,False
2018-11-24,42,FEFE,6ix9ine Featuring Nicki Minaj & Murda Beatz,17,3,31,False
2018-11-24,43,Boo'd Up,Ella Mai,33,5,40,False
2018-11-24,44,Armed And Dangerous,Juice WRLD,1,44,0,True
2018-11-24,45,Sad!,XXXTENTACION,37,1,46,False
2018-11-24,46,Best Shot,Jimmie Allen,9,46,50,False
2018-11-24,47,I'm A Mess,Bebe Rexha,18,35,35,False
2018-11-24,48,Psycho,Post Malone Featuring Ty Dolla $ign,38,1,48,False
2018-11-24,49,Big Bank,"YG Featuring 2 Chainz, Big Sean & Nicki Minaj",24,16,44,False
2018-11-24,50,Lie,NF,16,50,54,False
2018-11-24,51,Better,Khalid,9,34,55,False
2018-11-24,52,Topanga,Trippie Redd,3,52,90,False
2018-11-24,53,Lost In Japan,Shawn Mendes X Zedd,8,48,52,False
2018-11-24,54,Drunk Me,Mitchell Tenpenny,14,54,58,False
2018-11-24,55,1400 / 999 Freestyle,Trippie Redd Featuring Juice WRLD,1,55,0,True
2018-11-24,56,10 Freaky Girls,Metro Boomin Featuring 21 Savage,2,42,42,False
2018-11-24,57,Dangerous,Meek Mill Featuring Jeremih & PnB Rock,13,57,66,False
2018-11-24,58,Close Friends,Lil Baby,6,28,59,False
2018-11-24,59,When The Party's Over,Billie Eilish,4,58,67,False
2018-11-24,60,Arms Around You,XXXTENTACION x Lil Pump Featuring Maluma & Swae Lee,3,28,56,False
2018-11-24,61,That's On Me,Yella Beezy,16,57,57,False
2018-11-24,62,Smile (Living My Best Life),Lil' Duval Featuring Snoop Dogg & Ball Greezy,12,56,61,False
2018-11-24,63,Don't Come Out The House,Metro Boomin Featuring 21 Savage,2,38,38,False
2018-11-24,64,You Say,Lauren Daigle,18,44,70,False
2018-11-24,65,Fine China,Future & Juice WRLD,4,26,64,False
2018-11-24,66,Space Cadet,Metro Boomin Featuring Gunna,2,51,51,False
2018-11-24,67,Hangin' On,Chris Young,11,63,65,False
2018-11-24,68,Rich,Maren Morris,6,68,71,False
2018-11-24,69,No Stylist,French Montana Featuring Drake,8,47,73,False
2018-11-24,70,Never Recover,Lil Baby & Gunna Featuring Drake,6,15,69,False
2018-11-24,71,I Love It,Kanye West & Lil Pump,10,6,60,False
2018-11-24,72,Falling Down,Lil Peep & XXXTENTACION,9,13,78,False
2018-11-24,73,Love Scars 3,Trippie Redd,1,73,0,True
2018-11-24,74,Backin' It Up,Pardison Fontaine Featuring Cardi B,5,74,77,False
2018-11-24,75,Burning Man,Dierks Bentley Featuring Brothers Osborne,4,75,92,False
2018-11-24,76,Blue Tacoma,Russell Dickerson,13,52,74,False
2018-11-24,77,This Feeling,The Chainsmokers Featuring Kelsea Ballerini,5,74,95,False
2018-11-24,78,Dip,Tyga & Nicki Minaj,3,63,63,False
2018-11-24,79,Bad Liar,Imagine Dragons,1,79,0,True
2018-11-24,80,Talk To Me,Tory Lanez & Rich The Kid,3,76,83,False
2018-11-24,81,Be Alright,Dean Lewis,3,81,89,False
2018-11-24,82,W O R K I N  M E,Quavo,14,52,75,False
2018-11-24,83,Consequences,Camila Cabello,2,83,97,False
2018-11-24,84,Best Part,Daniel Caesar Featuring H.E.R.,17,75,84,False
2018-11-24,85,Always Remember Us This Way,Lady Gaga,6,41,81,False
2018-11-24,86,Ella Quiere Beber,Anuel AA & Romeo Santos,2,86,86,False
2018-11-24,87,Mona Lisa,Lil Wayne Featuring Kendrick Lamar,7,2,82,False
2018-11-24,88,STOOPID,6ix9ine Featuring Bobby Shmurda,6,25,80,False
2018-11-24,89,Negative Energy,Trippie Redd Featuring Kodie Shane,1,89,0,True
2018-11-24,90,Noticed,Lil Mosey,8,80,91,False
2018-11-24,91,Sixteen,Thomas Rhett,1,91,0,True
2018-11-24,92,Lucky You,Eminem Featuring Joyner Lucas,11,6,93,False
2018-11-24,93,Good Girl,Dustin Lynch,1,93,0,True
2018-11-24,94,Desperate Man,Eric Church,14,68,0,False
2018-11-24,95,Last Shot,Kip Moore,1,95,0,True
2018-11-24,96,Millionaire,Chris Stapleton,1,96,0,True
2018-11-24,97,I'll Never Love Again,Lady Gaga,6,36,85,False
2018-11-24,98,Toxic Waste,Trippie Redd,1,98,0,True
2018-11-24,99,Drew Barrymore,Bryce Vine,14,46,76,False
2018-11-24,100,Jackie Chan,Tiesto & Dzeko Featuring Preme & Post Malone,19,52,87,False
2018-12-01,1,"Thank U, Next",Ariana Grande,3,1,1,False
2018-12-01,2,Sicko Mode,Travis Scott,16,2,2,False
2018-12-01,3,Happier,Marshmello & Bastille,14,3,3,False
2018-12-01,4,Without Me,Halsey,7,4,4,False
2018-12-01,5,Lucid Dreams,Juice WRLD,28,2,6,False
2018-12-01,6,High Hopes,Panic! At The Disco,16,6,8,False
2018-12-01,7,Mo Bamba,Sheck Wes,13,7,7,False
2018-12-01,8,Girls Like You,Maroon 5 Featuring Cardi B,26,1,5,False
2018-12-01,9,Drip Too Hard,Lil Baby & Gunna,10,4,10,False
2018-12-01,10,ZEZE,Kodak Black Featuring Travis Scott & Offset,6,2,9,False
2018-12-01,11,Better Now,Post Malone,30,3,11,False
2018-12-01,12,Youngblood,5 Seconds of Summer,25,7,12,False
2018-12-01,13,Breathin,Ariana Grande,14,13,14,False
2018-12-01,14,Wake Up In The Sky,Gucci Mane X Bruno Mars X Kodak Black,10,14,17,False
2018-12-01,15,Trip,Ella Mai,16,11,18,False
2018-12-01,16,Sunflower (Spider-Man: Into The Spider-Verse),Post Malone & Swae Lee,5,9,22,False
2018-12-01,17,Eastside,"Benny Blanco, Halsey & Khalid",19,17,21,False
2018-12-01,18,MIA,Bad Bunny Featuring Drake,6,5,19,False
2018-12-01,19,Love Lies,Khalid & Normani,40,9,20,False
2018-12-01,20,Natural,Imagine Dragons,18,13,13,False
2018-12-01,21,Money,Cardi B,5,13,25,False
2018-12-01,22,Taki Taki,"DJ Snake Featuring Selena Gomez, Ozuna & Cardi B",8,11,15,False
2018-12-01,23,Shallow,Lady Gaga & Bradley Cooper,8,5,24,False
2018-12-01,24,I Like It,"Cardi B, Bad Bunny & J Balvin",33,1,26,False
2018-12-01,25,In My Feelings,Drake,21,1,29,False
2018-12-01,26,God Is A Woman,Ariana Grande,19,8,23,False
2018-12-01,27,Taste,Tyga Featuring Offset,26,8,27,False
2018-12-01,28,Leave Me Alone,Flipp Dinero,10,28,37,False
2018-12-01,29,All I Want For Christmas Is You,Mariah Carey,25,9,0,False
2018-12-01,30,Beautiful,Bazzi Featuring Camila Cabello,16,30,32,False
2018-12-01,31,Yes Indeed,Lil Baby & Drake,28,6,30,False
2018-12-01,32,Nonstop,Drake,21,2,33,False
2018-12-01,33,Speechless,Dan + Shay,11,33,38,False
2018-12-01,34,She Got The Best Of Me,Luke Combs,15,34,35,False
2018-12-01,35,Broken,lovelytheband,19,29,31,False
2018-12-01,36,Tequila,Dan + Shay,37,21,36,False
2018-12-01,37,Uproar,Lil Wayne,8,7,34,False
2018-12-01,38,FEFE,6ix9ine Featuring Nicki Minaj & Murda Beatz,18,3,42,False
2018-12-01,39,BAD!,XXXTENTACION,2,16,16,False
2018-12-01,40,Lose It,Kane Brown,19,28,28,False
2018-12-01,41,Ring,Cardi B Featuring Kehlani,18,28,39,False
2018-12-01,42,Boo'd Up,Ella Mai,34,5,43,False
2018-12-01,43,Better,Khalid,10,34,51,False
2018-12-01,44,I Like Me Better,Lauv,41,27,41,False
2018-12-01,45,Psycho,Post Malone Featuring Ty Dolla $ign,39,1,48,False
2018-12-01,46,Sad!,XXXTENTACION,38,1,45,False
2018-12-01,47,Best Shot,Jimmie Allen,10,46,46,False
2018-12-01,48,Lie,NF,17,48,50,False
2018-12-01,49,Arms Around You,XXXTENTACION x Lil Pump Featuring Maluma & Swae Lee,4,28,60,False
2018-12-01,50,Bohemian Rhapsody,Queen,44,2,40,False
2018-12-01,51,Dangerous,Meek Mill Featuring Jeremih & PnB Rock,14,51,57,False
2018-12-01,52,When The Party's Over,Billie Eilish,5,52,59,False
2018-12-01,53,Armed And Dangerous,Juice WRLD,2,44,44,False
2018-12-01,54,Lost In Japan,Shawn Mendes X Zedd,9,48,53,False
2018-12-01,55,Drunk Me,Mitchell Tenpenny,15,54,54,False
2018-12-01,56,That's On Me,Yella Beezy,17,56,61,False
2018-12-01,57,Close Friends,Lil Baby,7,28,58,False
2018-12-01,58,You Say,Lauren Daigle,19,44,64,False
2018-12-01,59,I'm A Mess,Bebe Rexha,19,35,47,False
2018-12-01,60,Smile (Living My Best Life),Lil' Duval Featuring Snoop Dogg & Ball Greezy,13,56,62,False
2018-12-01,61,Topanga,Trippie Redd,4,52,52,False
2018-12-01,62,Rich,Maren Morris,7,62,68,False
2018-12-01,63,10 Freaky Girls,Metro Boomin Featuring 21 Savage,3,42,56,False
2018-12-01,64,Fine China,Future & Juice WRLD,5,26,65,False
2018-12-01,65,Backin' It Up,Pardison Fontaine Featuring Cardi B,6,65,74,False
2018-12-01,66,No Stylist,French Montana Featuring Drake,9,47,69,False
2018-12-01,67,Hangin' On,Chris Young,12,63,67,False
2018-12-01,68,1400 / 999 Freestyle,Trippie Redd Featuring Juice WRLD,2,55,55,False
2018-12-01,69,Burning Man,Dierks Bentley Featuring Brothers Osborne,5,69,75,False
2018-12-01,70,Never Recover,Lil Baby & Gunna Featuring Drake,7,15,70,False
2018-12-01,71,Dip,Tyga & Nicki Minaj,4,63,78,False
2018-12-01,72,Talk To Me,Tory Lanez & Rich The Kid,4,72,80,False
2018-12-01,73,This Feeling,The Chainsmokers Featuring Kelsea Ballerini,6,73,77,False
2018-12-01,74,Space Cadet,Metro Boomin Featuring Gunna,3,51,66,False
2018-12-01,75,I Love It,Kanye West & Lil Pump,11,6,71,False
2018-12-01,76,Be Alright,Dean Lewis,4,76,81,False
2018-12-01,77,Blue Tacoma,Russell Dickerson,14,52,76,False
2018-12-01,78,Don't Come Out The House,Metro Boomin Featuring 21 Savage,3,38,63,False
2018-12-01,79,Ella Quiere Beber,Anuel AA & Romeo Santos,3,79,86,False
2018-12-01,80,Lovely,Billie Eilish & Khalid,6,78,0,False
2018-12-01,81,Take One,Kodak Black,1,81,0,True
2018-12-01,82,Consequences,Camila Cabello,3,82,83,False
2018-12-01,83,Best Part,Daniel Caesar Featuring H.E.R.,18,75,84,False
2018-12-01,84,Falling Down,Lil Peep & XXXTENTACION,10,13,72,False
2018-12-01,85,STOOPID,6ix9ine Featuring Bobby Shmurda,7,25,88,False
2018-12-01,86,W O R K I N  M E,Quavo,15,52,82,False
2018-12-01,87,Sixteen,Thomas Rhett,2,87,91,False
2018-12-01,88,Good Girl,Dustin Lynch,2,88,93,False
2018-12-01,89,Lucky You,Eminem Featuring Joyner Lucas,12,6,92,False
2018-12-01,90,Last Shot,Kip Moore,2,90,95,False
2018-12-01,91,Mona Lisa,Lil Wayne Featuring Kendrick Lamar,8,2,87,False
2018-12-01,92,Twerk,City Girls Featuring Cardi B,1,92,0,True
2018-12-01,93,Noticed,Lil Mosey,9,80,90,False
2018-12-01,94,Electricity,Silk City x Dua Lipa,5,94,0,False
2018-12-01,95,Desperate Man,Eric Church,15,68,94,False
2018-12-01,96,Millionaire,Chris Stapleton,2,96,96,False
2018-12-01,97,Ocean Eyes,Billie Eilish,1,97,0,True
2018-12-01,98,Close To Me,Ellie Goulding X Diplo Featuring Swae Lee,1,98,0,True
2018-12-01,99,Girl Like You,Jason Aldean,1,99,0,True
2018-12-01,100,Burn The House Down,AJR,1,100,0,True
2018-12-08,1,Sicko Mode,Travis Scott,17,1,2,False
2018-12-08,2,"Thank U, Next",Ariana Grande,4,1,1,False
2018-12-08,3,Happier,Marshmello & Bastille,15,3,3,False
2018-12-08,4,Without Me,Halsey,8,4,4,False
2018-12-08,5,High Hopes,Panic! At The Disco,17,5,6,False
2018-12-08,6,Mo Bamba,Sheck Wes,14,6,7,False
2018-12-08,7,ZEZE,Kodak Black Featuring Travis Scott & Offset,7,2,10,False
2018-12-08,8,Drip Too Hard,Lil Baby & Gunna,11,4,9,False
2018-12-08,9,Girls Like You,Maroon 5 Featuring Cardi B,27,1,8,False
2018-12-08,10,Lucid Dreams,Juice WRLD,29,2,5,False
2018-12-08,11,Better Now,Post Malone,31,3,11,False
2018-12-08,12,Youngblood,5 Seconds of Summer,26,7,12,False
2018-12-08,13,Breathin,Ariana Grande,15,13,13,False
2018-12-08,14,All I Want For Christmas Is You,Mariah Carey,26,9,29,False
2018-12-08,15,Wake Up In The Sky,Gucci Mane X Bruno Mars X Kodak Black,11,14,14,False
2018-12-08,16,Trip,Ella Mai,17,11,15,False
2018-12-08,17,Sunflower (Spider-Man: Into The Spider-Verse),Post Malone & Swae Lee,6,9,16,False
2018-12-08,18,Eastside,"Benny Blanco, Halsey & Khalid",20,17,17,False
2018-12-08,19,MIA,Bad Bunny Featuring Drake,7,5,18,False
2018-12-08,20,Love Lies,Khalid & Normani,41,9,19,False
2018-12-08,21,It's The Most Wonderful Time Of The Year,Andy Williams,6,21,0,False
2018-12-08,22,Taki Taki,"DJ Snake Featuring Selena Gomez, Ozuna & Cardi B",9,11,22,False
2018-12-08,23,Rockin' Around The Christmas Tree,Brenda Lee,23,14,0,False
2018-12-08,24,Money,Cardi B,6,13,21,False
2018-12-08,25,Natural,Imagine Dragons,19,13,20,False
2018-12-08,26,A Holly Jolly Christmas,Burl Ives,6,26,0,False
2018-12-08,27,Leave Me Alone,Flipp Dinero,11,27,28,False
2018-12-08,28,Shallow,Lady Gaga & Bradley Cooper,9,5,23,False
2018-12-08,29,Better,Khalid,11,29,43,False
2018-12-08,30,Beautiful,Bazzi Featuring Camila Cabello,17,30,30,False
2018-12-08,31,I Like It,"Cardi B, Bad Bunny & J Balvin",34,1,24,False
2018-12-08,32,Broken,lovelytheband,20,29,35,False
2018-12-08,33,Jingle Bell Rock,Bobby Helms,21,29,0,False
2018-12-08,34,God Is A Woman,Ariana Grande,20,8,26,False
2018-12-08,35,Taste,Tyga Featuring Offset,27,8,27,False
2018-12-08,36,FEFE,6ix9ine Featuring Nicki Minaj & Murda Beatz,19,3,38,False
2018-12-08,37,In My Feelings,Drake,22,1,25,False
2018-12-08,38,Speechless,Dan + Shay,12,33,33,False
2018-12-08,39,The Christmas Song (Merry Christmas To You),"Nat ""King"" Cole",13,37,0,False
2018-12-08,40,Uproar,Lil Wayne,9,7,37,False
2018-12-08,41,Lose It,Kane Brown,20,28,40,False
2018-12-08,42,She Got The Best Of Me,Luke Combs,16,34,34,False
2018-12-08,43,Last Christmas,Wham!,5,41,0,False
2018-12-08,44,Yes Indeed,Lil Baby & Drake,29,6,31,False
2018-12-08,45,Tequila,Dan + Shay,38,21,36,False
2018-12-08,46,Nonstop,Drake,22,2,32,False
2018-12-08,47,Ring,Cardi B Featuring Kehlani,19,28,41,False
2018-12-08,48,Dangerous,Meek Mill Featuring Jeremih & PnB Rock,15,48,51,False
2018-12-08,49,Best Shot,Jimmie Allen,11,46,47,False
2018-12-08,50,Boo'd Up,Ella Mai,35,5,42,False
2018-12-08,51,Lie,NF,18,48,48,False
2018-12-08,52,When The Party's Over,Billie Eilish,6,52,52,False
2018-12-08,53,Drunk Me,Mitchell Tenpenny,16,53,55,False
2018-12-08,54,BAD!,XXXTENTACION,3,16,39,False
2018-12-08,55,Armed And Dangerous,Juice WRLD,3,44,53,False
2018-12-08,56,Lost In Japan,Shawn Mendes X Zedd,10,48,54,False
2018-12-08,57,Arms Around You,XXXTENTACION x Lil Pump Featuring Maluma & Swae Lee,5,28,49,False
2018-12-08,58,MAMA,6ix9ine Featuring Nicki Minaj & Kanye West,1,58,0,True
2018-12-08,59,KIKA,6ix9ine Featuring Tory Lanez,1,59,0,True
2018-12-08,60,You Say,Lauren Daigle,20,44,58,False
2018-12-08,61,STOOPID,6ix9ine Featuring Bobby Shmurda,8,25,85,False
2018-12-08,62,TIC TOC,6ix9ine Featuring Lil Baby,1,62,0,True
2018-12-08,63,Close Friends,Lil Baby,8,28,57,False
2018-12-08,64,Fine China,Future & Juice WRLD,6,26,64,False
2018-12-08,65,Be Alright,Dean Lewis,5,65,76,False
2018-12-08,66,Topanga,Trippie Redd,5,52,61,False
2018-12-08,67,That's On Me,Yella Beezy,18,56,56,False
2018-12-08,68,Smile (Living My Best Life),Lil' Duval Featuring Snoop Dogg & Ball Greezy,14,56,60,False
2018-12-08,69,Come Out And Play,Billie Eilish,1,69,0,True
2018-12-08,70,10 Freaky Girls,Metro Boomin Featuring 21 Savage,4,42,63,False
2018-12-08,71,WAKA,6ix9ine Featuring A Boogie wit da Hoodie,1,71,0,True
2018-12-08,72,1400 / 999 Freestyle,Trippie Redd Featuring Juice WRLD,3,55,68,False
2018-12-08,73,No Stylist,French Montana Featuring Drake,10,47,66,False
2018-12-08,74,Burning Man,Dierks Bentley Featuring Brothers Osborne,6,69,69,False
2018-12-08,75,Talk To Me,Tory Lanez & Rich The Kid,5,72,72,False
2018-12-08,76,Backin' It Up,Pardison Fontaine Featuring Cardi B,7,65,65,False
2018-12-08,77,Consequences,Camila Cabello,4,77,82,False
2018-12-08,78,I'm A Mess,Bebe Rexha,20,35,59,False
2018-12-08,79,Hangin' On,Chris Young,13,63,67,False
2018-12-08,80,Dip,Tyga & Nicki Minaj,5,63,71,False
2018-12-08,81,Good Girl,Dustin Lynch,3,81,88,False
2018-12-08,82,This Feeling,The Chainsmokers Featuring Kelsea Ballerini,7,73,73,False
2018-12-08,83,Lovely,Billie Eilish & Khalid,7,78,80,False
2018-12-08,84,Ella Quiere Beber,Anuel AA & Romeo Santos,4,79,79,False
2018-12-08,85,Never Recover,Lil Baby & Gunna Featuring Drake,8,15,70,False
2018-12-08,86,BEBE,6ix9ine Featuring Anuel AA,5,30,0,False
2018-12-08,87,Rich,Maren Morris,8,62,62,False
2018-12-08,88,Sixteen,Thomas Rhett,3,87,87,False
2018-12-08,89,Blue Tacoma,Russell Dickerson,15,52,77,False
2018-12-08,90,You,Jacquees,1,90,0,True
2018-12-08,91,Space Cadet,Metro Boomin Featuring Gunna,4,51,74,False
2018-12-08,92,Last Shot,Kip Moore,3,90,90,False
2018-12-08,93,Best Part,Daniel Caesar Featuring H.E.R.,19,75,83,False
2018-12-08,94,Girl Like You,Jason Aldean,2,94,99,False
2018-12-08,95,Don't Come Out The House,Metro Boomin Featuring 21 Savage,4,38,78,False
2018-12-08,96,Ocean Eyes,Billie Eilish,2,96,97,False
2018-12-08,97,I Love It,Kanye West & Lil Pump,12,6,75,False
2018-12-08,98,Falling Down,Lil Peep & XXXTENTACION,11,13,84,False
2018-12-08,99,Noticed,Lil Mosey,10,80,93,False
2018-12-08,100,Close To Me,Ellie Goulding X Diplo Featuring Swae Lee,2,98,98,False
2018-12-15,1,"Thank U, Next",Ariana Grande,5,1,2,False
2018-12-15,2,Sicko Mode,Travis Scott,18,1,1,False
2018-12-15,3,Without Me,Halsey,9,3,4,False
2018-12-15,4,Happier,Marshmello & Bastille,16,3,3,False
2018-12-15,5,High Hopes,Panic! At The Disco,18,5,5,False
2018-12-15,6,Going Bad,Meek Mill Featuring Drake,1,6,0,True
2018-12-15,7,All I Want For Christmas Is You,Mariah Carey,27,7,14,False
2018-12-15,8,ZEZE,Kodak Black Featuring Travis Scott & Offset,8,2,7,False
2018-12-15,9,Drip Too Hard,Lil Baby & Gunna,12,4,8,False
2018-12-15,10,Mo Bamba,Sheck Wes,15,6,6,False
2018-12-15,11,Girls Like You,Maroon 5 Featuring Cardi B,28,1,9,False
2018-12-15,12,Breathin,Ariana Grande,16,12,13,False
2018-12-15,13,Lucid Dreams,Juice WRLD,30,2,10,False
2018-12-15,14,Youngblood,5 Seconds of Summer,27,7,12,False
2018-12-15,15,Better Now,Post Malone,32,3,11,False
2018-12-15,16,It's The Most Wonderful Time Of The Year,Andy Williams,7,16,21,False
2018-12-15,17,Sunflower (Spider-Man: Into The Spider-Verse),Post Malone & Swae Lee,7,9,17,False
2018-12-15,18,Eastside,"Benny Blanco, Halsey & Khalid",21,17,18,False
2018-12-15,19,Wake Up In The Sky,Gucci Mane X Bruno Mars X Kodak Black,12,14,15,False
2018-12-15,20,What's Free,Meek Mill Featuring Rick Ross & Jay-Z,1,20,0,True
2018-12-15,21,Rockin' Around The Christmas Tree,Brenda Lee,24,14,23,False
2018-12-15,22,A Holly Jolly Christmas,Burl Ives,7,22,26,False
2018-12-15,23,Trip,Ella Mai,18,11,16,False
2018-12-15,24,Taki Taki,"DJ Snake Featuring Selena Gomez, Ozuna & Cardi B",10,11,22,False
2018-12-15,25,MIA,Bad Bunny Featuring Drake,8,5,19,False
2018-12-15,26,Jingle Bell Rock,Bobby Helms,22,26,33,False
2018-12-15,27,Love Lies,Khalid & Normani,42,9,20,False
2018-12-15,28,Money,Cardi B,7,13,24,False
2018-12-15,29,The Christmas Song (Merry Christmas To You),"Nat ""King"" Cole",14,29,39,False
2018-12-15,30,On Me,Meek Mill Featuring Cardi B,1,30,0,True
2018-12-15,31,Dangerous,Meek Mill Featuring Jeremih & PnB Rock,16,31,48,False
2018-12-15,32,Leave Me Alone,Flipp Dinero,12,27,27,False
2018-12-15,33,Better,Khalid,12,29,29,False
2018-12-15,34,Last Christmas,Wham!,6,34,43,False
2018-12-15,35,Natural,Imagine Dragons,20,13,25,False
2018-12-15,36,Rudolph The Red-Nosed Reindeer,Gene Autry & The Pinafores,1,36,0,True
2018-12-15,37,Beautiful,Bazzi Featuring Camila Cabello,18,30,30,False
2018-12-15,38,Shallow,Lady Gaga & Bradley Cooper,10,5,28,False
2018-12-15,39,Uptown Vibes,Meek Mill Featuring Fabolous & Anuel AA,1,39,0,True
2018-12-15,40,Speechless,Dan + Shay,13,33,38,False
2018-12-15,41,Let It Snow! Let It Snow! Let It Snow!,Dean Martin,1,41,0,True
2018-12-15,42,I Like It,"Cardi B, Bad Bunny & J Balvin",35,1,31,False
2018-12-15,43,MAMA,6ix9ine Featuring Nicki Minaj & Kanye West,2,43,58,False
2018-12-15,44,KIKA,6ix9ine Featuring Tory Lanez,2,44,59,False
2018-12-15,45,Broken,lovelytheband,21,29,32,False
2018-12-15,46,Pure Cocaine,Lil Baby,1,46,0,True
2018-12-15,47,Taste,Tyga Featuring Offset,28,8,35,False
2018-12-15,48,God Is A Woman,Ariana Grande,21,8,34,False
2018-12-15,49,She Got The Best Of Me,Luke Combs,17,34,42,False
2018-12-15,50,Uproar,Lil Wayne,10,7,40,False
2018-12-15,51,WAKA,6ix9ine Featuring A Boogie wit da Hoodie,2,51,71,False
2018-12-15,52,FEFE,6ix9ine Featuring Nicki Minaj & Murda Beatz,20,3,36,False
2018-12-15,53,TIC TOC,6ix9ine Featuring Lil Baby,2,53,62,False
2018-12-15,54,24/7,Meek Mill Featuring Ella Mai,1,54,0,True
2018-12-15,55,Intro,Meek Mill,1,55,0,True
2018-12-15,56,Drunk Me,Mitchell Tenpenny,17,53,53,False
2018-12-15,57,Respect The Game,Meek Mill,1,57,0,True
2018-12-15,58,Ring,Cardi B Featuring Kehlani,20,28,47,False
2018-12-15,59,Best Shot,Jimmie Allen,12,46,49,False
2018-12-15,60,Good Form,Nicki Minaj Featuring Lil Wayne,1,60,0,True
2018-12-15,61,Trauma,Meek Mill,1,61,0,True
2018-12-15,62,Time,Lil Baby Featuring Meek Mill,1,62,0,True
2018-12-15,63,Nuketown,Ski Mask The Slump God Featuring Juice WRLD,1,63,0,True
2018-12-15,64,Calling My Spirit,Kodak Black,1,64,0,True
2018-12-15,65,Lie,NF,19,48,51,False
2018-12-15,66,Ready,Lil Baby Featuring Gunna,1,66,0,True
2018-12-15,67,Nothing Breaks Like A Heart,Mark Ronson Featuring Miley Cyrus,1,67,0,True
2018-12-15,68,When The Party's Over,Billie Eilish,7,52,52,False
2018-12-15,69,You Say,Lauren Daigle,21,44,60,False
2018-12-15,70,Championships,Meek Mill,1,70,0,True
2018-12-15,71,Lost In Japan,Shawn Mendes X Zedd,11,48,56,False
2018-12-15,72,Tic Tac Toe,Meek Mill Featuring Kodak Black,1,72,0,True
2018-12-15,73,Almost Slipped,Meek Mill,1,73,0,True
2018-12-15,74,Arms Around You,XXXTENTACION x Lil Pump Featuring Maluma & Swae Lee,6,28,57,False
2018-12-15,75,BAD!,XXXTENTACION,4,16,54,False
2018-12-15,76,Armed And Dangerous,Juice WRLD,4,44,55,False
2018-12-15,77,Splash Warning,"Meek Mill Featuring Future, Roddy Ricch & Young Thug",1,77,0,True
2018-12-15,78,Pay You Back,Meek Mill Featuring 21 Savage,1,78,0,True
2018-12-15,79,Be Alright,Dean Lewis,6,65,65,False
2018-12-15,80,That's On Me,Yella Beezy,19,56,67,False
2018-12-15,81,Foot Fungus,Ski Mask The Slump God,1,81,0,True
2018-12-15,82,Crush A Lot,Lil Baby,1,82,0,True
2018-12-15,83,Talk To Me,Tory Lanez & Rich The Kid,6,72,75,False
2018-12-15,84,Close Friends,Lil Baby,9,28,63,False
2018-12-15,85,Oodles O' Noodles Babies,Meek Mill,1,85,0,True
2018-12-15,86,Backin' It Up,Pardison Fontaine Featuring Cardi B,8,65,76,False
2018-12-15,87,This Feeling,The Chainsmokers Featuring Kelsea Ballerini,8,73,82,False
2018-12-15,88,Fine China,Future & Juice WRLD,7,26,64,False
2018-12-15,89,STOOPID,6ix9ine Featuring Bobby Shmurda,9,25,61,False
2018-12-15,90,Burning Man,Dierks Bentley Featuring Brothers Osborne,7,69,74,False
2018-12-15,91,Global,Lil Baby,1,91,0,True
2018-12-15,92,Smile (Living My Best Life),Lil' Duval Featuring Snoop Dogg & Ball Greezy,15,56,68,False
2018-12-15,93,Close To Me,Ellie Goulding X Diplo Featuring Swae Lee,3,93,100,False
2018-12-15,94,Consequences,Camila Cabello,5,77,77,False
2018-12-15,95,No Stylist,French Montana Featuring Drake,11,47,73,False
2018-12-15,96,Good Girl,Dustin Lynch,4,81,81,False
2018-12-15,97,Ella Quiere Beber,Anuel AA & Romeo Santos,5,79,84,False
2018-12-15,98,Word On The Street,Lil Baby,1,98,0,True
2018-12-15,99,Sixteen,Thomas Rhett,4,87,88,False
2018-12-15,100,You,Jacquees,2,90,90,False
2018-12-22,1,"Thank U, Next",Ariana Grande,6,1,1,False
2018-12-22,2,Without Me,Halsey,10,2,3,False
2018-12-22,3,Sicko Mode,Travis Scott,19,1,2,False
2018-12-22,4,Happier,Marshmello & Bastille,17,3,4,False
2018-12-22,5,High Hopes,Panic! At The Disco,19,5,5,False
2018-12-22,6,All I Want For Christmas Is You,Mariah Carey,28,6,7,False
2018-12-22,7,Sunflower (Spider-Man: Into The Spider-Verse),Post Malone & Swae Lee,8,7,17,False
2018-12-22,8,Drip Too Hard,Lil Baby & Gunna,13,4,9,False
2018-12-22,9,ZEZE,Kodak Black Featuring Travis Scott & Offset,9,2,8,False
2018-12-22,10,Girls Like You,Maroon 5 Featuring Cardi B,29,1,11,False
2018-12-22,11,Wake Up In The Sky,Gucci Mane X Bruno Mars X Kodak Black,13,11,19,False
2018-12-22,12,Mo Bamba,Sheck Wes,16,6,10,False
2018-12-22,13,It's The Most Wonderful Time Of The Year,Andy Williams,8,13,16,False
2018-12-22,14,Breathin,Ariana Grande,17,12,12,False
2018-12-22,15,Jingle Bell Rock,Bobby Helms,23,15,26,False
2018-12-22,16,Eastside,"Benny Blanco, Halsey & Khalid",22,16,18,False
2018-12-22,17,Going Bad,Meek Mill Featuring Drake,2,6,6,False
2018-12-22,18,Rockin' Around The Christmas Tree,Brenda Lee,25,14,21,False
2018-12-22,19,Lucid Dreams,Juice WRLD,31,2,13,False
2018-12-22,20,Better Now,Post Malone,33,3,15,False
2018-12-22,21,A Holly Jolly Christmas,Burl Ives,8,21,22,False
2018-12-22,22,Youngblood,5 Seconds of Summer,28,7,14,False
2018-12-22,23,Trip,Ella Mai,19,11,23,False
2018-12-22,24,The Christmas Song (Merry Christmas To You),"Nat ""King"" Cole",15,24,29,False
2018-12-22,25,Taki Taki,"DJ Snake Featuring Selena Gomez, Ozuna & Cardi B",11,11,24,False
2018-12-22,26,MIA,Bad Bunny Featuring Drake,9,5,25,False
2018-12-22,27,Rudolph The Red-Nosed Reindeer,Gene Autry & The Pinafores,2,27,36,False
2018-12-22,28,Leave Me Alone,Flipp Dinero,13,27,32,False
2018-12-22,29,Money,Cardi B,8,13,28,False
2018-12-22,30,Love Lies,Khalid & Normani,43,9,27,False
2018-12-22,31,Last Christmas,Wham!,7,31,34,False
2018-12-22,32,Let It Snow! Let It Snow! Let It Snow!,Dean Martin,2,32,41,False
2018-12-22,33,BAD!,XXXTENTACION,5,16,75,False
2018-12-22,34,Speechless,Dan + Shay,14,33,40,False
2018-12-22,35,Better,Khalid,13,29,33,False
2018-12-22,36,Beautiful,Bazzi Featuring Camila Cabello,19,30,37,False
2018-12-22,37,whoa (mind in awe),XXXTENTACION,1,37,0,True
2018-12-22,38,I Like It,"Cardi B, Bad Bunny & J Balvin",36,1,42,False
2018-12-22,39,Shallow,Lady Gaga & Bradley Cooper,11,5,38,False
2018-12-22,40,Here Comes Santa Claus (Right Down Santa Claus Lane),Gene Autry,1,40,0,True
2018-12-22,41,Sleigh Ride,The Ronettes,1,41,0,True
2018-12-22,42,Feliz Navidad,Jose Feliciano,3,42,0,False
2018-12-22,43,Natural,Imagine Dragons,21,13,35,False
2018-12-22,44,Uproar,Lil Wayne,11,7,50,False
2018-12-22,45,Broken,lovelytheband,22,29,45,False
2018-12-22,46,Taste,Tyga Featuring Offset,29,8,47,False
2018-12-22,47,She Got The Best Of Me,Luke Combs,18,34,49,False
2018-12-22,48,Guardian Angel,XXXTENTACION,1,48,0,True
2018-12-22,49,Dangerous,Meek Mill Featuring Jeremih & PnB Rock,17,31,31,False
2018-12-22,50,God Is A Woman,Ariana Grande,22,8,48,False
2018-12-22,51,I Don't Let Go,XXXTENTACION,1,51,0,True
2018-12-22,52,Best Shot,Jimmie Allen,13,46,59,False
2018-12-22,53,Calling My Spirit,Kodak Black,2,53,64,False
2018-12-22,54,Drunk Me,Mitchell Tenpenny,18,53,56,False
2018-12-22,55,Pure Cocaine,Lil Baby,2,46,46,False
2018-12-22,56,Lost In Japan,Shawn Mendes X Zedd,12,48,71,False
2018-12-22,57,Arms Around You,XXXTENTACION x Lil Pump Featuring Maluma & Swae Lee,7,28,74,False
2018-12-22,58,You Say,Lauren Daigle,22,44,69,False
2018-12-22,59,Close To Me,Ellie Goulding X Diplo Featuring Swae Lee,4,59,93,False
2018-12-22,60,KIKA,6ix9ine Featuring Tory Lanez,3,44,44,False
2018-12-22,61,What's Free,Meek Mill Featuring Rick Ross & Jay-Z,2,20,20,False
2018-12-22,62,One Minute,XXXTENTACION Featuring Kanye West & Travis Barker,1,62,0,True
2018-12-22,63,Be Alright,Dean Lewis,7,63,79,False
2018-12-22,64,Train Food,XXXTENTACION,1,64,0,True
2018-12-22,65,What Are You So Afraid Of,XXXTENTACION,1,65,0,True
2018-12-22,66,Backin' It Up,Pardison Fontaine Featuring Cardi B,9,65,86,False
2018-12-22,67,Armed And Dangerous,Juice WRLD,5,44,76,False
2018-12-22,68,Staring At The Sky,XXXTENTACION,1,68,0,True
2018-12-22,69,When The Party's Over,Billie Eilish,8,52,68,False
2018-12-22,70,Lie,NF,20,48,65,False
2018-12-22,71,This Feeling,The Chainsmokers Featuring Kelsea Ballerini,9,71,87,False
2018-12-22,72,Consequences,Camila Cabello,6,72,94,False
2018-12-22,73,Burning Man,Dierks Bentley Featuring Brothers Osborne,8,69,90,False
2018-12-22,74,Talk To Me,Tory Lanez & Rich The Kid,7,72,83,False
2018-12-22,75,MAMA,6ix9ine Featuring Nicki Minaj & Kanye West,3,43,43,False
2018-12-22,76,Sixteen,Thomas Rhett,5,76,99,False
2018-12-22,77,Girl Like You,Jason Aldean,3,77,0,False
2018-12-22,78,WAKA,6ix9ine Featuring A Boogie wit da Hoodie,3,51,51,False
2018-12-22,79,Uptown Vibes,Meek Mill Featuring Fabolous & Anuel AA,2,39,39,False
2018-12-22,80,Nothing Breaks Like A Heart,Mark Ronson Featuring Miley Cyrus,2,67,67,False
2018-12-22,81,Good Girl,Dustin Lynch,5,81,96,False
2018-12-22,82,On Me,Meek Mill Featuring Cardi B,2,30,30,False
2018-12-22,83,You,Jacquees,3,83,100,False
2018-12-22,84,Difference (Interlude),XXXTENTACION,1,84,0,True
2018-12-22,85,No Stylist,French Montana Featuring Drake,12,47,95,False
2018-12-22,86,24/7,Meek Mill Featuring Ella Mai,2,54,54,False
2018-12-22,87,Last Shot,Kip Moore,4,87,0,False
2018-12-22,88,Smile (Living My Best Life),Lil' Duval Featuring Snoop Dogg & Ball Greezy,16,56,92,False
2018-12-22,89,Fine China,Future & Juice WRLD,8,26,88,False
2018-12-22,90,Close Friends,Lil Baby,10,28,84,False
2018-12-22,91,TIC TOC,6ix9ine Featuring Lil Baby,3,53,53,False
2018-12-22,92,That's On Me,Yella Beezy,20,56,80,False
2018-12-22,93,Ella Quiere Beber,Anuel AA & Romeo Santos,6,79,97,False
2018-12-22,94,Good Form,Nicki Minaj Featuring Lil Wayne,2,60,60,False
2018-12-22,95,Look Back At It,A Boogie wit da Hoodie,1,95,0,True
2018-12-22,96,This Is It,Scotty McCreery,1,96,0,True
2018-12-22,97,Beautiful Crazy,Luke Combs,5,58,0,False
2018-12-22,98,Nuketown,Ski Mask The Slump God Featuring Juice WRLD,2,63,63,False
2018-12-22,99,Dip,Tyga & Nicki Minaj,6,63,0,False
2018-12-22,100,Yosemite,Travis Scott,9,25,0,False
2018-12-29,1,"Thank U, Next",Ariana Grande,7,1,1,False
2018-12-29,2,Without Me,Halsey,11,2,2,False
2018-12-29,3,Sicko Mode,Travis Scott,20,1,3,False
2018-12-29,4,Sunflower (Spider-Man: Into The Spider-Verse),Post Malone & Swae Lee,9,4,7,False
2018-12-29,5,Happier,Marshmello & Bastille,18,3,4,False
2018-12-29,6,High Hopes,Panic! At The Disco,20,5,5,False
2018-12-29,7,All I Want For Christmas Is You,Mariah Carey,29,6,6,False
2018-12-29,8,ZEZE,Kodak Black Featuring Travis Scott & Offset,10,2,9,False
2018-12-29,9,Drip Too Hard,Lil Baby & Gunna,14,4,8,False
2018-12-29,10,It's The Most Wonderful Time Of The Year,Andy Williams,9,10,13,False
2018-12-29,11,Rockin' Around The Christmas Tree,Brenda Lee,26,11,18,False
2018-12-29,12,A Holly Jolly Christmas,Burl Ives,9,12,21,False
2018-12-29,13,Jingle Bell Rock,Bobby Helms,24,13,15,False
2018-12-29,14,Wake Up In The Sky,Gucci Mane X Bruno Mars X Kodak Black,14,11,11,False
2018-12-29,15,Girls Like You,Maroon 5 Featuring Cardi B,30,1,10,False
2018-12-29,16,Mo Bamba,Sheck Wes,17,6,12,False
2018-12-29,17,The Christmas Song (Merry Christmas To You),"Nat ""King"" Cole",16,17,24,False
2018-12-29,18,Eastside,"Benny Blanco, Halsey & Khalid",23,16,16,False
2018-12-29,19,Breathin,Ariana Grande,18,12,14,False
2018-12-29,20,Youngblood,5 Seconds of Summer,29,7,22,False
2018-12-29,21,Better Now,Post Malone,34,3,20,False
2018-12-29,22,Going Bad,Meek Mill Featuring Drake,3,6,17,False
2018-12-29,23,Lucid Dreams,Juice WRLD,32,2,19,False
2018-12-29,24,Imagine,Ariana Grande,1,24,0,True
2018-12-29,25,Taki Taki,"DJ Snake Featuring Selena Gomez, Ozuna & Cardi B",12,11,25,False
2018-12-29,26,MIA,Bad Bunny Featuring Drake,10,5,26,False
2018-12-29,27,Last Christmas,Wham!,8,27,31,False
2018-12-29,28,Rudolph The Red-Nosed Reindeer,Gene Autry & The Pinafores,3,27,27,False
2018-12-29,29,Trip,Ella Mai,20,11,23,False
2018-12-29,30,Money,Cardi B,9,13,29,False
2018-12-29,31,Leave Me Alone,Flipp Dinero,14,27,28,False
2018-12-29,32,Let It Snow! Let It Snow! Let It Snow!,Dean Martin,3,32,32,False
2018-12-29,33,Sleigh Ride,The Ronettes,2,33,41,False
2018-12-29,34,Feliz Navidad,Jose Feliciano,4,34,42,False
2018-12-29,35,Here Comes Santa Claus (Right Down Santa Claus Lane),Gene Autry,2,35,40,False
2018-12-29,36,Speechless,Dan + Shay,15,33,34,False
2018-12-29,37,Love Lies,Khalid & Normani,44,9,30,False
2018-12-29,38,Beautiful,Bazzi Featuring Camila Cabello,20,30,36,False
2018-12-29,39,Better,Khalid,14,29,35,False
2018-12-29,40,I Like It,"Cardi B, Bad Bunny & J Balvin",37,1,38,False
2018-12-29,41,(There's No Place Like) Home For The Holidays (1959),Perry Como With Mitchell Ayers And His Orchestra,1,41,0,True
2018-12-29,42,It's Beginning To Look A Lot Like Christmas,Perry Como And The Fontane Sisters With Mitchell Ayres And His Orchestra,1,42,0,True
2018-12-29,43,Natural,Imagine Dragons,22,13,43,False
2018-12-29,44,Shallow,Lady Gaga & Bradley Cooper,12,5,39,False
2018-12-29,45,Happy Xmas (War Is Over),John & Yoko/The Plastic Ono Band With The Harlem Community Choir,1,45,0,True
2018-12-29,46,Calling My Spirit,Kodak Black,3,46,53,False
2018-12-29,47,Wonderful Christmastime,Paul McCartney,1,47,0,True
2018-12-29,48,White Christmas (1947),Bing Crosby With Ken Darby Singers & John Scott Trotter & His Orchestra,14,12,0,False
2018-12-29,49,Uproar,Lil Wayne,12,7,44,False
2018-12-29,50,Christmas (Baby Please Come Home),Darlene Love,1,50,0,True
2018-12-29,51,She Got The Best Of Me,Luke Combs,19,34,47,False
2018-12-29,52,BAD!,XXXTENTACION,6,16,33,False
2018-12-29,53,Dangerous,Meek Mill Featuring Jeremih & PnB Rock,18,31,49,False
2018-12-29,54,Drunk Me,Mitchell Tenpenny,19,53,54,False
2018-12-29,55,Best Shot,Jimmie Allen,14,46,52,False
2018-12-29,56,Nothing Breaks Like A Heart,Mark Ronson Featuring Miley Cyrus,3,56,80,False
2018-12-29,57,Close To Me,Ellie Goulding X Diplo Featuring Swae Lee,5,57,59,False
2018-12-29,58,MoshPit,Kodak Black Featuring Juice WRLD,1,58,0,True
2018-12-29,59,You Say,Lauren Daigle,23,44,58,False
2018-12-29,60,Armed And Dangerous,Juice WRLD,6,44,67,False
2018-12-29,61,Talk To Me,Tory Lanez & Rich The Kid,8,61,74,False
2018-12-29,62,Arms Around You,XXXTENTACION x Lil Pump Featuring Maluma & Swae Lee,8,28,57,False
2018-12-29,63,Be Alright,Dean Lewis,8,63,63,False
2018-12-29,64,Backin' It Up,Pardison Fontaine Featuring Cardi B,10,64,66,False
2018-12-29,65,Burning Man,Dierks Bentley Featuring Brothers Osborne,9,65,73,False
2018-12-29,66,This Feeling,The Chainsmokers Featuring Kelsea Ballerini,10,66,71,False
2018-12-29,67,Sixteen,Thomas Rhett,6,67,76,False
2018-12-29,68,Cozy Little Christmas,Katy Perry,1,68,0,True
2018-12-29,69,Consequences,Camila Cabello,7,69,72,False
2018-12-29,70,Pure Cocaine,Lil Baby,3,46,55,False
2018-12-29,71,Girl Like You,Jason Aldean,4,71,77,False
2018-12-29,72,Good Girl,Dustin Lynch,6,72,81,False
2018-12-29,73,No Stylist,French Montana Featuring Drake,13,47,85,False
2018-12-29,74,Testimony,Kodak Black,1,74,0,True
2018-12-29,75,You,Jacquees,4,75,83,False
2018-12-29,76,KIKA,6ix9ine Featuring Tory Lanez,4,44,60,False
2018-12-29,77,When The Party's Over,Billie Eilish,9,52,69,False
2018-12-29,78,Last Shot,Kip Moore,5,78,87,False
2018-12-29,79,whoa (mind in awe),XXXTENTACION,2,37,37,False
2018-12-29,80,Ella Quiere Beber,Anuel AA & Romeo Santos,7,79,93,False
2018-12-29,81,Beautiful Crazy,Luke Combs,6,58,97,False
2018-12-29,82,Fine China,Future & Juice WRLD,9,26,89,False
2018-12-29,83,Lost In Japan,Shawn Mendes X Zedd,13,48,56,False
2018-12-29,84,This Is It,Scotty McCreery,2,84,96,False
2018-12-29,85,Smile (Living My Best Life),Lil' Duval Featuring Snoop Dogg & Ball Greezy,17,56,88,False
2018-12-29,86,Close Friends,Lil Baby,11,28,90,False
2018-12-29,87,Sweet But Psycho,Ava Max,1,87,0,True
2018-12-29,88,Gnarly,Kodak Black Featuring Lil Pump,1,88,0,True
2018-12-29,89,Lovely,Billie Eilish & Khalid,8,78,0,False
2018-12-29,90,The Christmas Song,Lauren Daigle,1,90,0,True
2018-12-29,91,Envy Me,Calboy,1,91,0,True
2018-12-29,92,Yosemite,Travis Scott,10,25,100,False
2018-12-29,93,Electricity,Silk City x Dua Lipa,6,93,0,False
2018-12-29,94,Good Form,Nicki Minaj Featuring Lil Wayne,3,60,94,False
2018-12-29,95,Millionaire,Chris Stapleton,3,95,0,False
2018-12-29,96,Look Back At It,A Boogie wit da Hoodie,2,95,95,False
2018-12-29,97,24/7,Meek Mill Featuring Ella Mai,3,54,86,False
2018-12-29,98,Uptown Vibes,Meek Mill Featuring Fabolous & Anuel AA,3,39,79,False
2018-12-29,99,Nuketown,Ski Mask The Slump God Featuring Juice WRLD,3,63,98,False
2018-12-29,100,MAMA,6ix9ine Featuring Nicki Minaj & Kanye West,4,43,75,False
2019-01-05,1,"Thank U, Next",Ariana Grande,8,1,1,False
2019-01-05,2,Without Me,Halsey,12,2,2,False
2019-01-05,3,All I Want For Christmas Is You,Mariah Carey,30,3,7,False
2019-01-05,4,Sicko Mode,Travis Scott,21,1,3,False
2019-01-05,5,Sunflower (Spider-Man: Into The Spider-Verse),Post Malone & Swae Lee,10,4,4,False
2019-01-05,6,High Hopes,Panic! At The Disco,21,5,6,False
2019-01-05,7,Happier,Marshmello & Bastille,19,3,5,False
2019-01-05,8,Jingle Bell Rock,Bobby Helms,25,8,13,False
2019-01-05,9,Rockin' Around The Christmas Tree,Brenda Lee,27,9,11,False
2019-01-05,10,A Holly Jolly Christmas,Burl Ives,10,10,12,False
2019-01-05,11,The Christmas Song (Merry Christmas To You),"Nat ""King"" Cole",17,11,17,False
2019-01-05,12,Drip Too Hard,Lil Baby & Gunna,15,4,9,False
2019-01-05,13,It's The Most Wonderful Time Of The Year,Andy Williams,10,10,10,False
2019-01-05,14,Girls Like You,Maroon 5 Featuring Cardi B,31,1,15,False
2019-01-05,15,ZEZE,Kodak Black Featuring Travis Scott & Offset,11,2,8,False
2019-01-05,16,Rudolph The Red-Nosed Reindeer,Gene Autry & The Pinafores,4,16,28,False
2019-01-05,17,Mo Bamba,Sheck Wes,18,6,16,False
2019-01-05,18,Wake Up In The Sky,Gucci Mane X Bruno Mars X Kodak Black,15,11,14,False
2019-01-05,19,Money,Cardi B,10,13,30,False
2019-01-05,20,Let It Snow! Let It Snow! Let It Snow!,Dean Martin,4,20,32,False
2019-01-05,21,Eastside,"Benny Blanco, Halsey & Khalid",24,16,18,False
2019-01-05,22,Breathin,Ariana Grande,19,12,19,False
2019-01-05,23,Better Now,Post Malone,35,3,21,False
2019-01-05,24,Youngblood,5 Seconds of Summer,30,7,20,False
2019-01-05,25,Last Christmas,Wham!,9,25,27,False
2019-01-05,26,Sleigh Ride,The Ronettes,3,26,33,False
2019-01-05,27,Lucid Dreams,Juice WRLD,33,2,23,False
2019-01-05,28,Here Comes Santa Claus (Right Down Santa Claus Lane),Gene Autry,3,28,35,False
2019-01-05,29,Feliz Navidad,Jose Feliciano,5,29,34,False
2019-01-05,30,Taki Taki,"DJ Snake Featuring Selena Gomez, Ozuna & Cardi B",13,11,25,False
2019-01-05,31,MIA,Bad Bunny Featuring Drake,11,5,26,False
2019-01-05,32,(There's No Place Like) Home For The Holidays (1959),Perry Como With Mitchell Ayers And His Orchestra,2,32,41,False
2019-01-05,33,Leave Me Alone,Flipp Dinero,15,27,31,False
2019-01-05,34,White Christmas (1947),Bing Crosby With Ken Darby Singers & John Scott Trotter & His Orchestra,15,12,48,False
2019-01-05,35,It's Beginning To Look A Lot Like Christmas,Perry Como And The Fontane Sisters With Mitchell Ayres And His Orchestra,2,35,42,False
2019-01-05,36,Going Bad,Meek Mill Featuring Drake,4,6,22,False
2019-01-05,37,A Lot,21 Savage,1,37,0,True
2019-01-05,38,Trip,Ella Mai,21,11,29,False
2019-01-05,39,I Like It,"Cardi B, Bad Bunny & J Balvin",38,1,40,False
2019-01-05,40,Blue Christmas,Elvis Presley,1,40,0,True
2019-01-05,41,Speechless,Dan + Shay,16,33,36,False
2019-01-05,42,Happy Xmas (War Is Over),John & Yoko/The Plastic Ono Band With The Harlem Community Choir,2,42,45,False
2019-01-05,43,Christmas (Baby Please Come Home),Darlene Love,2,43,50,False
2019-01-05,44,Underneath The Tree,Kelly Clarkson,4,44,0,False
2019-01-05,45,Run Rudolph Run,Chuck Berry,4,45,0,False
2019-01-05,46,Natural,Imagine Dragons,23,13,43,False
2019-01-05,47,Wow.,Post Malone,1,47,0,True
2019-01-05,48,Love Lies,Khalid & Normani,45,9,37,False
2019-01-05,49,Jingle Bells,Frank Sinatra With The Orchestra & Chorus Of Gordon Jenkins,1,49,0,True
2019-01-05,50,Beautiful,Bazzi Featuring Camila Cabello,21,30,38,False
2019-01-05,51,Better,Khalid,15,29,39,False
2019-01-05,52,Shallow,Lady Gaga & Bradley Cooper,13,5,44,False
2019-01-05,53,Cozy Little Christmas,Katy Perry,2,53,68,False
2019-01-05,54,She Got The Best Of Me,Luke Combs,20,34,51,False
2019-01-05,55,The Christmas Song,Lauren Daigle,2,55,90,False
2019-01-05,56,Uproar,Lil Wayne,13,7,49,False
2019-01-05,57,Swervin,A Boogie wit da Hoodie Featuring 6ix9ine,1,57,0,True
2019-01-05,58,Can't Leave Without It,21 Savage,1,58,0,True
2019-01-05,59,You Say,Lauren Daigle,24,44,59,False
2019-01-05,60,Close To Me,Ellie Goulding X Diplo Featuring Swae Lee,6,57,57,False
2019-01-05,61,Best Shot,Jimmie Allen,15,46,55,False
2019-01-05,62,Dangerous,Meek Mill Featuring Jeremih & PnB Rock,19,31,53,False
2019-01-05,63,Be Alright,Dean Lewis,9,63,63,False
2019-01-05,64,Drunk Me,Mitchell Tenpenny,20,53,54,False
2019-01-05,65,Startender,A Boogie wit da Hoodie Featuring Offset & Tyga,1,65,0,True
2019-01-05,66,Look Back At It,A Boogie wit da Hoodie,3,66,96,False
2019-01-05,67,All My Friends,21 Savage,1,67,0,True
2019-01-05,68,BAD!,XXXTENTACION,7,16,52,False
2019-01-05,69,Backin' It Up,Pardison Fontaine Featuring Cardi B,11,64,64,False
2019-01-05,70,Break Da Law,21 Savage,1,70,0,True
2019-01-05,71,Imagine,Ariana Grande,2,24,24,False
2019-01-05,72,Talk To Me,Tory Lanez & Rich The Kid,9,61,61,False
2019-01-05,73,Monster,21 Savage,1,73,0,True
2019-01-05,74,Calling My Spirit,Kodak Black,4,46,46,False
2019-01-05,75,Consequences,Camila Cabello,8,69,69,False
2019-01-05,76,Armed And Dangerous,Juice WRLD,7,44,60,False
2019-01-05,77,Arms Around You,XXXTENTACION x Lil Pump Featuring Maluma & Swae Lee,9,28,62,False
2019-01-05,78,Nothing Breaks Like A Heart,Mark Ronson Featuring Miley Cyrus,4,56,56,False
2019-01-05,79,Sixteen,Thomas Rhett,7,67,67,False
2019-01-05,80,Burning Man,Dierks Bentley Featuring Brothers Osborne,10,65,65,False
2019-01-05,81,Beautiful Crazy,Luke Combs,7,58,81,False
2019-01-05,82,When The Party's Over,Billie Eilish,10,52,77,False
2019-01-05,83,Sweet But Psycho,Ava Max,2,83,87,False
2019-01-05,84,This Feeling,The Chainsmokers Featuring Kelsea Ballerini,11,66,66,False
2019-01-05,85,You,Jacquees,5,75,75,False
2019-01-05,86,1.5,21 Savage,1,86,0,True
2019-01-05,87,Girl Like You,Jason Aldean,5,71,71,False
2019-01-05,88,Out For The Night,21 Savage,1,88,0,True
2019-01-05,89,Good Girl,Dustin Lynch,7,72,72,False
2019-01-05,90,No Stylist,French Montana Featuring Drake,14,47,73,False
2019-01-05,91,Lovely,Billie Eilish & Khalid,9,78,89,False
2019-01-05,92,Ella Quiere Beber,Anuel AA & Romeo Santos,8,79,80,False
2019-01-05,93,Gun Smoke,21 Savage,1,93,0,True
2019-01-05,94,Demons And Angels,A Boogie wit da Hoodie Featuring Juice WRLD,1,94,0,True
2019-01-05,95,ASMR,21 Savage,1,95,0,True
2019-01-05,96,Last Shot,Kip Moore,6,78,78,False
2019-01-05,97,Fine China,Future & Juice WRLD,10,26,82,False
2019-01-05,98,Envy Me,Calboy,2,91,91,False
2019-01-05,99,Lost In Japan,Shawn Mendes X Zedd,14,48,83,False
2019-01-05,100,This Is It,Scotty McCreery,3,84,84,False
2019-01-12,1,Without Me,Halsey,13,1,2,False
2019-01-12,2,"Thank U, Next",Ariana Grande,9,1,1,False
2019-01-12,3,Sunflower (Spider-Man: Into The Spider-Verse),Post Malone & Swae Lee,11,3,5,False
2019-01-12,4,Sicko Mode,Travis Scott,22,1,4,False
2019-01-12,5,High Hopes,Panic! At The Disco,22,5,6,False
2019-01-12,6,Happier,Marshmello & Bastille,20,3,7,False
2019-01-12,7,Girls Like You,Maroon 5 Featuring Cardi B,32,1,14,False
2019-01-12,8,Drip Too Hard,Lil Baby & Gunna,16,4,12,False
2019-01-12,9,ZEZE,Kodak Black Featuring Travis Scott & Offset,12,2,15,False
2019-01-12,10,Better Now,Post Malone,36,3,23,False
2019-01-12,11,Eastside,"Benny Blanco, Halsey & Khalid",25,11,21,False
2019-01-12,12,Wake Up In The Sky,Gucci Mane X Bruno Mars X Kodak Black,16,11,18,False
2019-01-12,13,Wow.,Post Malone,2,13,47,False
2019-01-12,14,Youngblood,5 Seconds of Summer,31,7,24,False
2019-01-12,15,Mo Bamba,Sheck Wes,19,6,17,False
2019-01-12,16,Breathin,Ariana Grande,20,12,22,False
2019-01-12,17,Money,Cardi B,11,13,19,False
2019-01-12,18,Lucid Dreams,Juice WRLD,34,2,27,False
2019-01-12,19,Taki Taki,"DJ Snake Featuring Selena Gomez, Ozuna & Cardi B",14,11,30,False
2019-01-12,20,MIA,Bad Bunny Featuring Drake,12,5,31,False
2019-01-12,21,Going Bad,Meek Mill Featuring Drake,5,6,36,False
2019-01-12,22,Leave Me Alone,Flipp Dinero,16,22,33,False
2019-01-12,23,Trip,Ella Mai,22,11,38,False
2019-01-12,24,Speechless,Dan + Shay,17,24,41,False
2019-01-12,25,Natural,Imagine Dragons,24,13,46,False
2019-01-12,26,I Like It,"Cardi B, Bad Bunny & J Balvin",39,1,39,False
2019-01-12,27,Love Lies,Khalid & Normani,46,9,48,False
2019-01-12,28,Beautiful,Bazzi Featuring Camila Cabello,22,28,50,False
2019-01-12,29,Shallow,Lady Gaga & Bradley Cooper,14,5,52,False
2019-01-12,30,Better,Khalid,16,29,51,False
2019-01-12,31,She Got The Best Of Me,Luke Combs,21,31,54,False
2019-01-12,32,Baby Shark,Pinkfong,1,32,0,True
2019-01-12,33,Close To Me,Ellie Goulding X Diplo Featuring Swae Lee,7,33,60,False
2019-01-12,34,You Say,Lauren Daigle,25,34,59,False
2019-01-12,35,Uproar,Lil Wayne,14,7,56,False
2019-01-12,36,A Lot,21 Savage,2,36,37,False
2019-01-12,37,Best Shot,Jimmie Allen,16,37,61,False
2019-01-12,38,Swervin,A Boogie wit da Hoodie Featuring 6ix9ine,2,38,57,False
2019-01-12,39,Drunk Me,Mitchell Tenpenny,21,39,64,False
2019-01-12,40,Be Alright,Dean Lewis,10,40,63,False
2019-01-12,41,Sweet But Psycho,Ava Max,3,41,83,False
2019-01-12,42,Sixteen,Thomas Rhett,8,42,79,False
2019-01-12,43,Talk To Me,Tory Lanez & Rich The Kid,10,43,72,False
2019-01-12,44,Backin' It Up,Pardison Fontaine Featuring Cardi B,12,44,69,False
2019-01-12,45,Burning Man,Dierks Bentley Featuring Brothers Osborne,11,45,80,False
2019-01-12,46,Dangerous,Meek Mill Featuring Jeremih & PnB Rock,20,31,62,False
2019-01-12,47,Good Girl,Dustin Lynch,8,47,89,False
2019-01-12,48,Beautiful Crazy,Luke Combs,8,48,81,False
2019-01-12,49,Nothing Breaks Like A Heart,Mark Ronson Featuring Miley Cyrus,5,49,78,False
2019-01-12,50,This Feeling,The Chainsmokers Featuring Kelsea Ballerini,12,50,84,False
2019-01-12,51,Consequences,Camila Cabello,9,51,75,False
2019-01-12,52,Girl Like You,Jason Aldean,6,52,87,False
2019-01-12,53,Last Shot,Kip Moore,7,53,96,False
2019-01-12,54,Look Back At It,A Boogie wit da Hoodie,4,54,66,False
2019-01-12,55,Arms Around You,XXXTENTACION x Lil Pump Featuring Maluma & Swae Lee,10,28,77,False
2019-01-12,56,Armed And Dangerous,Juice WRLD,8,44,76,False
2019-01-12,57,This Is It,Scotty McCreery,4,57,100,False
2019-01-12,58,Calling My Spirit,Kodak Black,5,46,74,False
2019-01-12,59,You,Jacquees,6,59,85,False
2019-01-12,60,No Stylist,French Montana Featuring Drake,15,47,90,False
2019-01-12,61,Startender,A Boogie wit da Hoodie Featuring Offset & Tyga,2,61,65,False
2019-01-12,62,Electricity,Silk City x Dua Lipa,7,62,0,False
2019-01-12,63,Imagine,Ariana Grande,3,24,71,False
2019-01-12,64,Ella Quiere Beber,Anuel AA & Romeo Santos,9,64,92,False
2019-01-12,65,Can't Leave Without It,21 Savage,2,58,58,False
2019-01-12,66,Envy Me,Calboy,3,66,98,False
2019-01-12,67,Smile (Living My Best Life),Lil' Duval Featuring Snoop Dogg & Ball Greezy,18,56,0,False
2019-01-12,68,When The Party's Over,Billie Eilish,11,52,82,False
2019-01-12,69,Millionaire,Chris Stapleton,4,69,0,False
2019-01-12,70,BAD!,XXXTENTACION,8,16,68,False
2019-01-12,71,Lost In Japan,Shawn Mendes X Zedd,15,48,99,False
2019-01-12,72,Pure Cocaine,Lil Baby,4,46,0,False
2019-01-12,73,Lovely,Billie Eilish & Khalid,10,73,91,False
2019-01-12,74,Fine China,Future & Juice WRLD,11,26,97,False
2019-01-12,75,Take It From Me,Jordan Davis,1,75,0,True
2019-01-12,76,What Makes You Country,Luke Bryan,1,76,0,True
2019-01-12,77,Yosemite,Travis Scott,11,25,0,False
2019-01-12,78,Monster,21 Savage,2,73,73,False
2019-01-12,79,Blue Tacoma,Russell Dickerson,16,52,0,False
2019-01-12,80,Down To The Honkytonk,Jake Owen,1,80,0,True
2019-01-12,81,Close Friends,Lil Baby,12,28,0,False
2019-01-12,82,Love Someone,Lukas Graham,1,82,0,True
2019-01-12,83,Love Wins,Carrie Underwood,1,83,0,True
2019-01-12,84,KIKA,6ix9ine Featuring Tory Lanez,5,44,0,False
2019-01-12,85,Nuketown,Ski Mask The Slump God Featuring Juice WRLD,4,63,0,False
2019-01-12,86,Ruin My Life,Zara Larsson,1,86,0,True
2019-01-12,87,Body,Loud Luxury Featuring Brando,1,87,0,True
2019-01-12,88,Dip,Tyga & Nicki Minaj,7,63,0,False
2019-01-12,89,Good Form,Nicki Minaj Featuring Lil Wayne,4,60,0,False
2019-01-12,90,Demons And Angels,A Boogie wit da Hoodie Featuring Juice WRLD,2,90,94,False
2019-01-12,91,Here Tonight,Brett Young,1,91,0,True
2019-01-12,92,Burn Out,Midland,1,92,0,True
2019-01-12,93,Solo de Mi,Bad Bunny,1,93,0,True
2019-01-12,94,Lucky You,Eminem Featuring Joyner Lucas,13,6,0,False
2019-01-12,95,Roses,Benny Blanco & Juice WRLD Featuring Brendon Urie,1,95,0,True
2019-01-12,96,whoa (mind in awe),XXXTENTACION,3,37,0,False
2019-01-12,97,All My Friends,21 Savage,2,67,67,False
2019-01-12,98,Make It Sweet,Old Dominion,1,98,0,True
2019-01-12,99,Ocean Eyes,Billie Eilish,3,96,0,False
2019-01-12,100,idontwannabeyouanymore,Billie Eilish,1,100,0,True
2019-01-19,1,Sunflower (Spider-Man: Into The Spider-Verse),Post Malone & Swae Lee,12,1,3,False
2019-01-19,2,Without Me,Halsey,14,1,1,False
2019-01-19,3,"Thank U, Next",Ariana Grande,10,1,2,False
2019-01-19,4,Sicko Mode,Travis Scott,23,1,4,False
2019-01-19,5,High Hopes,Panic! At The Disco,23,5,5,False
2019-01-19,6,Happier,Marshmello & Bastille,21,3,6,False
2019-01-19,7,Girls Like You,Maroon 5 Featuring Cardi B,33,1,7,False
2019-01-19,8,Drip Too Hard,Lil Baby & Gunna,17,4,8,False
2019-01-19,9,Eastside,"Benny Blanco, Halsey & Khalid",26,9,11,False
2019-01-19,10,ZEZE,Kodak Black Featuring Travis Scott & Offset,13,2,9,False
2019-01-19,11,Wow.,Post Malone,3,11,13,False
2019-01-19,12,Wake Up In The Sky,Gucci Mane X Bruno Mars X Kodak Black,17,11,12,False
2019-01-19,13,Better Now,Post Malone,37,3,10,False
2019-01-19,14,Mo Bamba,Sheck Wes,20,6,15,False
2019-01-19,15,Breathin,Ariana Grande,21,12,16,False
2019-01-19,16,Youngblood,5 Seconds of Summer,32,7,14,False
2019-01-19,17,Money,Cardi B,12,13,17,False
2019-01-19,18,Going Bad,Meek Mill Featuring Drake,6,6,21,False
2019-01-19,19,Taki Taki,"DJ Snake Featuring Selena Gomez, Ozuna & Cardi B",15,11,19,False
2019-01-19,20,MIA,Bad Bunny Featuring Drake,13,5,20,False
2019-01-19,21,Leave Me Alone,Flipp Dinero,17,21,22,False
2019-01-19,22,Lucid Dreams,Juice WRLD,35,2,18,False
2019-01-19,23,Shallow,Lady Gaga & Bradley Cooper,15,5,29,False
2019-01-19,24,Better,Khalid,17,24,30,False
2019-01-19,25,Speechless,Dan + Shay,18,24,24,False
2019-01-19,26,Trip,Ella Mai,23,11,23,False
2019-01-19,27,Beautiful,Bazzi Featuring Camila Cabello,23,27,28,False
2019-01-19,28,Love Lies,Khalid & Normani,47,9,27,False
2019-01-19,29,Natural,Imagine Dragons,25,13,25,False
2019-01-19,30,I Like It,"Cardi B, Bad Bunny & J Balvin",40,1,26,False
2019-01-19,31,Close To Me,Ellie Goulding X Diplo Featuring Swae Lee,8,31,33,False
2019-01-19,32,She Got The Best Of Me,Luke Combs,22,31,31,False
2019-01-19,33,A Lot,21 Savage,3,33,36,False
2019-01-19,34,You Say,Lauren Daigle,26,34,34,False
2019-01-19,35,Undecided,Chris Brown,1,35,0,True
2019-01-19,36,Uproar,Lil Wayne,15,7,35,False
2019-01-19,37,Sweet But Psycho,Ava Max,4,37,41,False
2019-01-19,38,Baby Shark,Pinkfong,2,32,32,False
2019-01-19,39,Best Shot,Jimmie Allen,17,37,37,False
2019-01-19,40,Swervin,A Boogie wit da Hoodie Featuring 6ix9ine,3,38,38,False
2019-01-19,41,Beautiful Crazy,Luke Combs,9,41,48,False
2019-01-19,42,Be Alright,Dean Lewis,11,40,40,False
2019-01-19,43,Nothing Breaks Like A Heart,Mark Ronson Featuring Miley Cyrus,6,43,49,False
2019-01-19,44,Good Girl,Dustin Lynch,9,44,47,False
2019-01-19,45,Sixteen,Thomas Rhett,9,42,42,False
2019-01-19,46,Crushed Up,Future,1,46,0,True
2019-01-19,47,Burning Man,Dierks Bentley Featuring Brothers Osborne,12,45,45,False
2019-01-19,48,Backin' It Up,Pardison Fontaine Featuring Cardi B,13,44,44,False
2019-01-19,49,Look Back At It,A Boogie wit da Hoodie,5,49,54,False
2019-01-19,50,Girl Like You,Jason Aldean,7,50,52,False
2019-01-19,51,This Feeling,The Chainsmokers Featuring Kelsea Ballerini,13,50,50,False
2019-01-19,52,Consequences,Camila Cabello,10,51,51,False
2019-01-19,53,This Is It,Scotty McCreery,5,53,57,False
2019-01-19,54,Armed And Dangerous,Juice WRLD,9,44,56,False
2019-01-19,55,Arms Around You,XXXTENTACION x Lil Pump Featuring Maluma & Swae Lee,11,28,55,False
2019-01-19,56,Calling My Spirit,Kodak Black,6,46,58,False
2019-01-19,57,Talk To Me,Tory Lanez & Rich The Kid,11,43,43,False
2019-01-19,58,You,Jacquees,7,58,59,False
2019-01-19,59,Startender,A Boogie wit da Hoodie Featuring Offset & Tyga,3,59,61,False
2019-01-19,60,Last Shot,Kip Moore,8,53,53,False
2019-01-19,61,No Stylist,French Montana Featuring Drake,16,47,60,False
2019-01-19,62,Electricity,Silk City x Dua Lipa,8,62,62,False
2019-01-19,63,Envy Me,Calboy,4,63,66,False
2019-01-19,64,Ella Quiere Beber,Anuel AA & Romeo Santos,10,64,64,False
2019-01-19,65,Lovely,Billie Eilish & Khalid,11,65,73,False
2019-01-19,66,Pure Cocaine,Lil Baby,5,46,72,False
2019-01-19,67,Millionaire,Chris Stapleton,5,67,69,False
2019-01-19,68,When The Party's Over,Billie Eilish,12,52,68,False
2019-01-19,69,Take It From Me,Jordan Davis,2,69,75,False
2019-01-19,70,Can't Leave Without It,21 Savage,3,58,65,False
2019-01-19,71,Yosemite,Travis Scott,12,25,77,False
2019-01-19,72,Fine China,Future & Juice WRLD,12,26,74,False
2019-01-19,73,Imagine,Ariana Grande,4,24,63,False
2019-01-19,74,What Makes You Country,Luke Bryan,2,74,76,False
2019-01-19,75,Down To The Honkytonk,Jake Owen,2,75,80,False
2019-01-19,76,Ruin My Life,Zara Larsson,2,76,86,False
2019-01-19,77,BAD!,XXXTENTACION,9,16,70,False
2019-01-19,78,Smile (Living My Best Life),Lil' Duval Featuring Snoop Dogg & Ball Greezy,19,56,67,False
2019-01-19,79,Blue Tacoma,Russell Dickerson,17,52,79,False
2019-01-19,80,Body,Loud Luxury Featuring Brando,2,80,87,False
2019-01-19,81,Butterfly Doors,Lil Pump,1,81,0,True
2019-01-19,82,Love Someone,Lukas Graham,2,82,82,False
2019-01-19,83,Space Cadet,Metro Boomin Featuring Gunna,5,51,0,False
2019-01-19,84,Lost In Japan,Shawn Mendes X Zedd,16,48,71,False
2019-01-19,85,Love Wins,Carrie Underwood,2,83,83,False
2019-01-19,86,Nuketown,Ski Mask The Slump God Featuring Juice WRLD,5,63,85,False
2019-01-19,87,Valuable Pain,YoungBoy Never Broke Again,1,87,0,True
2019-01-19,88,Here Tonight,Brett Young,2,88,91,False
2019-01-19,89,Close Friends,Lil Baby,13,28,81,False
2019-01-19,90,Monster,21 Savage,3,73,78,False
2019-01-19,91,Roses,Benny Blanco & Juice WRLD Featuring Brendon Urie,2,91,95,False
2019-01-19,92,Make It Sweet,Old Dominion,2,92,98,False
2019-01-19,93,Burn Out,Midland,2,92,92,False
2019-01-19,94,Good Form,Nicki Minaj Featuring Lil Wayne,5,60,89,False
2019-01-19,95,Demons And Angels,A Boogie wit da Hoodie Featuring Juice WRLD,3,90,90,False
2019-01-19,96,KIKA,6ix9ine Featuring Tory Lanez,6,44,84,False
2019-01-19,97,Ocean Eyes,Billie Eilish,4,96,99,False
2019-01-19,98,idontwannabeyouanymore,Billie Eilish,2,98,100,False
2019-01-19,99,Dip,Tyga & Nicki Minaj,8,63,88,False
2019-01-19,100,Lucky You,Eminem Featuring Joyner Lucas,14,6,94,False
2019-01-26,1,Without Me,Halsey,15,1,2,False
2019-01-26,2,Sunflower (Spider-Man: Into The Spider-Verse),Post Malone & Swae Lee,13,1,1,False
2019-01-26,3,Sicko Mode,Travis Scott,24,1,4,False
2019-01-26,4,High Hopes,Panic! At The Disco,24,4,5,False
2019-01-26,5,"Thank U, Next",Ariana Grande,11,1,3,False
2019-01-26,6,Happier,Marshmello & Bastille,22,3,6,False
2019-01-26,7,Girls Like You,Maroon 5 Featuring Cardi B,34,1,7,False
2019-01-26,8,Drip Too Hard,Lil Baby & Gunna,18,4,8,False
2019-01-26,9,Wow.,Post Malone,4,9,11,False
2019-01-26,10,ZEZE,Kodak Black Featuring Travis Scott & Offset,14,2,10,False
2019-01-26,11,Eastside,"Benny Blanco, Halsey & Khalid",27,9,9,False
2019-01-26,12,Wake Up In The Sky,Gucci Mane X Bruno Mars X Kodak Black,18,11,12,False
2019-01-26,13,Money,Cardi B,13,13,17,False
2019-01-26,14,Mo Bamba,Sheck Wes,21,6,14,False
2019-01-26,15,Better Now,Post Malone,38,3,13,False
2019-01-26,16,Youngblood,5 Seconds of Summer,33,7,16,False
2019-01-26,17,Going Bad,Meek Mill Featuring Drake,7,6,18,False
2019-01-26,18,Breathin,Ariana Grande,22,12,15,False
2019-01-26,19,Taki Taki,"DJ Snake Featuring Selena Gomez, Ozuna & Cardi B",16,11,19,False
2019-01-26,20,MIA,Bad Bunny Featuring Drake,14,5,20,False
2019-01-26,21,Leave Me Alone,Flipp Dinero,18,21,21,False
2019-01-26,22,Better,Khalid,18,22,24,False
2019-01-26,23,Lucid Dreams,Juice WRLD,36,2,22,False
2019-01-26,24,Shallow,Lady Gaga & Bradley Cooper,16,5,23,False
2019-01-26,25,Speechless,Dan + Shay,19,24,25,False
2019-01-26,26,Beautiful,Bazzi Featuring Camila Cabello,24,26,27,False
2019-01-26,27,Lost In The Fire,Gesaffelstein & The Weeknd,1,27,0,True
2019-01-26,28,Love Lies,Khalid & Normani,48,9,28,False
2019-01-26,29,Trip,Ella Mai,24,11,26,False
2019-01-26,30,I Like It,"Cardi B, Bad Bunny & J Balvin",41,1,30,False
2019-01-26,31,Natural,Imagine Dragons,26,13,29,False
2019-01-26,32,Close To Me,Ellie Goulding X Diplo Featuring Swae Lee,9,31,31,False
2019-01-26,33,Dancing With A Stranger,Sam Smith & Normani,1,33,0,True
2019-01-26,34,A Lot,21 Savage,4,33,33,False
2019-01-26,35,You Say,Lauren Daigle,27,34,34,False
2019-01-26,36,Sweet But Psycho,Ava Max,5,36,37,False
2019-01-26,37,Baby Shark,Pinkfong,3,32,38,False
2019-01-26,38,She Got The Best Of Me,Luke Combs,23,31,32,False
2019-01-26,39,Swervin,A Boogie wit da Hoodie Featuring 6ix9ine,4,38,40,False
2019-01-26,40,Look Back At It,A Boogie wit da Hoodie,6,40,49,False
2019-01-26,41,Envy Me,Calboy,5,41,63,False
2019-01-26,42,Beautiful Crazy,Luke Combs,10,41,41,False
2019-01-26,43,Sixteen,Thomas Rhett,10,42,45,False
2019-01-26,44,Be Alright,Dean Lewis,12,40,42,False
2019-01-26,45,Backin' It Up,Pardison Fontaine Featuring Cardi B,14,44,48,False
2019-01-26,46,Girl Like You,Jason Aldean,8,46,50,False
2019-01-26,47,Burning Man,Dierks Bentley Featuring Brothers Osborne,13,45,47,False
2019-01-26,48,Best Shot,Jimmie Allen,18,37,39,False
2019-01-26,49,Uproar,Lil Wayne,16,7,36,False
2019-01-26,50,Nothing Breaks Like A Heart,Mark Ronson Featuring Miley Cyrus,7,43,43,False
2019-01-26,51,This Feeling,The Chainsmokers Featuring Kelsea Ballerini,14,50,51,False
2019-01-26,52,This Is It,Scotty McCreery,6,52,53,False
2019-01-26,53,Good Girl,Dustin Lynch,10,44,44,False
2019-01-26,54,Twerk,City Girls Featuring Cardi B,2,54,0,False
2019-01-26,55,Calling My Spirit,Kodak Black,7,46,56,False
2019-01-26,56,Undecided,Chris Brown,2,35,35,False
2019-01-26,57,Saturday Nights,Khalid & Kane Brown,2,57,0,False
2019-01-26,58,Armed And Dangerous,Juice WRLD,10,44,54,False
2019-01-26,59,Crushed Up,Future,2,46,46,False
2019-01-26,60,Consequences,Camila Cabello,11,51,52,False
2019-01-26,61,You,Jacquees,8,58,58,False
2019-01-26,62,Arms Around You,XXXTENTACION x Lil Pump Featuring Maluma & Swae Lee,12,28,55,False
2019-01-26,63,No Stylist,French Montana Featuring Drake,17,47,61,False
2019-01-26,64,Lovely,Billie Eilish & Khalid,12,64,65,False
2019-01-26,65,Startender,A Boogie wit da Hoodie Featuring Offset & Tyga,4,59,59,False
2019-01-26,66,Ella Quiere Beber,Anuel AA & Romeo Santos,11,64,64,False
2019-01-26,67,Pure Cocaine,Lil Baby,6,46,66,False
2019-01-26,68,Electricity,Silk City x Dua Lipa,9,62,62,False
2019-01-26,69,Nights Like This,Kehlani Featuring Ty Dolla $ign,1,69,0,True
2019-01-26,70,Yosemite,Travis Scott,13,25,71,False
2019-01-26,71,Millionaire,Chris Stapleton,6,67,67,False
2019-01-26,72,Talk To Me,Tory Lanez & Rich The Kid,12,43,57,False
2019-01-26,73,What Makes You Country,Luke Bryan,3,73,74,False
2019-01-26,74,When The Party's Over,Billie Eilish,13,52,68,False
2019-01-26,75,Thotiana,Blueface,1,75,0,True
2019-01-26,76,Take It From Me,Jordan Davis,3,69,69,False
2019-01-26,77,Ruin My Life,Zara Larsson,3,76,76,False
2019-01-26,78,Down To The Honkytonk,Jake Owen,3,75,75,False
2019-01-26,79,Let Me Down Slowly,Alec Benjamin + Alessia Cara,1,79,0,True
2019-01-26,80,Jumpin On A Jet,Future,1,80,0,True
2019-01-26,81,Love Someone,Lukas Graham,3,81,82,False
2019-01-26,82,Body,Loud Luxury Featuring Brando,3,80,80,False
2019-01-26,83,Fine China,Future & Juice WRLD,13,26,72,False
2019-01-26,84,Nuketown,Ski Mask The Slump God Featuring Juice WRLD,6,63,86,False
2019-01-26,85,BAD!,XXXTENTACION,10,16,77,False
2019-01-26,86,Love Wins,Carrie Underwood,3,83,85,False
2019-01-26,87,Roses,Benny Blanco & Juice WRLD Featuring Brendon Urie,3,87,91,False
2019-01-26,88,Space Cadet,Metro Boomin Featuring Gunna,6,51,83,False
2019-01-26,89,Butterfly Doors,Lil Pump,2,81,81,False
2019-01-26,90,Valuable Pain,YoungBoy Never Broke Again,2,87,87,False
2019-01-26,91,Blue Tacoma,Russell Dickerson,18,52,79,False
2019-01-26,92,Close Friends,Lil Baby,14,28,89,False
2019-01-26,93,Can't Leave Without It,21 Savage,4,58,70,False
2019-01-26,94,Good Form,Nicki Minaj Featuring Lil Wayne,6,60,94,False
2019-01-26,95,Here Tonight,Brett Young,3,88,88,False
2019-01-26,96,idontwannabeyouanymore,Billie Eilish,3,96,98,False
2019-01-26,97,Ocean Eyes,Billie Eilish,5,96,97,False
2019-01-26,98,Burn Out,Midland,3,92,93,False
2019-01-26,99,Splashin,Rich The Kid,1,99,0,True
2019-01-26,100,Make It Sweet,Old Dominion,3,92,92,False
2019-02-02,1,7 Rings,Ariana Grande,1,1,0,True
2019-02-02,2,Without Me,Halsey,16,1,1,False
2019-02-02,3,Sunflower (Spider-Man: Into The Spider-Verse),Post Malone & Swae Lee,14,1,2,False
2019-02-02,4,"Thank U, Next",Ariana Grande,12,1,5,False
2019-02-02,5,Sicko Mode,Travis Scott,25,1,3,False
2019-02-02,6,High Hopes,Panic! At The Disco,25,4,4,False
2019-02-02,7,Happier,Marshmello & Bastille,23,3,6,False
2019-02-02,8,Wow.,Post Malone,5,8,9,False
2019-02-02,9,Girls Like You,Maroon 5 Featuring Cardi B,35,1,7,False
2019-02-02,10,Drip Too Hard,Lil Baby & Gunna,19,4,8,False
2019-02-02,11,Eastside,"Benny Blanco, Halsey & Khalid",28,9,11,False
2019-02-02,12,ZEZE,Kodak Black Featuring Travis Scott & Offset,15,2,10,False
2019-02-02,13,Money,Cardi B,14,13,13,False
2019-02-02,14,Going Bad,Meek Mill Featuring Drake,8,6,17,False
2019-02-02,15,Wake Up In The Sky,Gucci Mane X Bruno Mars X Kodak Black,19,11,12,False
2019-02-02,16,Mo Bamba,Sheck Wes,22,6,14,False
2019-02-02,17,Youngblood,5 Seconds of Summer,34,7,16,False
2019-02-02,18,Taki Taki,"DJ Snake Featuring Selena Gomez, Ozuna & Cardi B",17,11,19,False
2019-02-02,19,MIA,Bad Bunny Featuring Drake,15,5,20,False
2019-02-02,20,Better Now,Post Malone,39,3,15,False
2019-02-02,21,Leave Me Alone,Flipp Dinero,19,21,21,False
2019-02-02,22,Breathin,Ariana Grande,23,12,18,False
2019-02-02,23,Better,Khalid,19,22,22,False
2019-02-02,24,Shallow,Lady Gaga & Bradley Cooper,17,5,24,False
2019-02-02,25,Lucid Dreams,Juice WRLD,37,2,23,False
2019-02-02,26,Middle Child,J. Cole,1,26,0,True
2019-02-02,27,Beautiful,Bazzi Featuring Camila Cabello,25,26,26,False
2019-02-02,28,Close To Me,Ellie Goulding X Diplo Featuring Swae Lee,10,28,32,False
2019-02-02,29,Twerk,City Girls Featuring Cardi B,3,29,54,False
2019-02-02,30,Trip,Ella Mai,25,11,29,False
2019-02-02,31,Speechless,Dan + Shay,20,24,25,False
2019-02-02,32,Love Lies,Khalid & Normani,49,9,28,False
2019-02-02,33,Lost In The Fire,Gesaffelstein & The Weeknd,2,27,27,False
2019-02-02,34,A Lot,21 Savage,5,33,34,False
2019-02-02,35,Sweet But Psycho,Ava Max,6,35,36,False
2019-02-02,36,Baby Shark,Pinkfong,4,32,37,False
2019-02-02,37,I Like It,"Cardi B, Bad Bunny & J Balvin",42,1,30,False
2019-02-02,38,Keanu Reeves,Logic,1,38,0,True
2019-02-02,39,You Say,Lauren Daigle,28,34,35,False
2019-02-02,40,Backin' It Up,Pardison Fontaine Featuring Cardi B,15,40,45,False
2019-02-02,41,Dancing With A Stranger,Sam Smith & Normani,2,33,33,False
2019-02-02,42,Beautiful Crazy,Luke Combs,11,41,42,False
2019-02-02,43,Crushed Up,Future,3,43,59,False
2019-02-02,44,Look Back At It,A Boogie wit da Hoodie,7,40,40,False
2019-02-02,45,Envy Me,Calboy,6,41,41,False
2019-02-02,46,Swervin,A Boogie wit da Hoodie Featuring 6ix9ine,5,38,39,False
2019-02-02,47,First Off,Future Featuring Travis Scott,1,47,0,True
2019-02-02,48,Burning Man,Dierks Bentley Featuring Brothers Osborne,14,45,47,False
2019-02-02,49,Sixteen,Thomas Rhett,11,42,43,False
2019-02-02,50,Natural,Imagine Dragons,27,13,31,False
2019-02-02,51,Girl Like You,Jason Aldean,9,46,46,False
2019-02-02,52,Be Alright,Dean Lewis,13,40,44,False
2019-02-02,53,This Is It,Scotty McCreery,7,52,52,False
2019-02-02,54,Nothing Breaks Like A Heart,Mark Ronson Featuring Miley Cyrus,8,43,50,False
2019-02-02,55,Undecided,Chris Brown,3,35,56,False
2019-02-02,56,This Feeling,The Chainsmokers Featuring Kelsea Ballerini,15,50,51,False
2019-02-02,57,Jumpin On A Jet,Future,2,57,80,False
2019-02-02,58,Good Girl,Dustin Lynch,11,44,53,False
2019-02-02,59,Uproar,Lil Wayne,17,7,49,False
2019-02-02,60,Best Shot,Jimmie Allen,19,37,48,False
2019-02-02,61,Ella Quiere Beber,Anuel AA & Romeo Santos,12,61,66,False
2019-02-02,62,Calling My Spirit,Kodak Black,8,46,55,False
2019-02-02,63,Armed And Dangerous,Juice WRLD,11,44,58,False
2019-02-02,64,Arms Around You,XXXTENTACION x Lil Pump Featuring Maluma & Swae Lee,13,28,62,False
2019-02-02,65,Never Stop,Future,1,65,0,True
2019-02-02,66,Thotiana,Blueface,2,66,75,False
2019-02-02,67,You,Jacquees,9,58,61,False
2019-02-02,68,Secreto,Anuel AA & Karol G,1,68,0,True
2019-02-02,69,No Stylist,French Montana Featuring Drake,18,47,63,False
2019-02-02,70,What Makes You Country,Luke Bryan,4,70,73,False
2019-02-02,71,Mixed Personalities,YNW Melly Featuring Kanye West,1,71,0,True
2019-02-02,72,Consequences,Camila Cabello,12,51,60,False
2019-02-02,73,Millionaire,Chris Stapleton,7,67,71,False
2019-02-02,74,Yosemite,Travis Scott,14,25,70,False
2019-02-02,75,Saturday Nights,Khalid & Kane Brown,3,57,57,False
2019-02-02,76,Temptation,Future,1,76,0,True
2019-02-02,77,Ruin My Life,Zara Larsson,4,76,77,False
2019-02-02,78,Take It From Me,Jordan Davis,4,69,76,False
2019-02-02,79,Rocket Ship,Future,1,79,0,True
2019-02-02,80,Startender,A Boogie wit da Hoodie Featuring Offset & Tyga,5,59,65,False
2019-02-02,81,Pure Water,Mustard & Migos,1,81,0,True
2019-02-02,82,Lovely,Billie Eilish & Khalid,13,64,64,False
2019-02-02,83,F&N,Future,1,83,0,True
2019-02-02,84,Down To The Honkytonk,Jake Owen,4,75,78,False
2019-02-02,85,Body,Loud Luxury Featuring Brando,4,80,82,False
2019-02-02,86,Love Someone,Lukas Graham,4,81,81,False
2019-02-02,87,When The Party's Over,Billie Eilish,14,52,74,False
2019-02-02,88,Nights Like This,Kehlani Featuring Ty Dolla $ign,2,69,69,False
2019-02-02,89,Pure Cocaine,Lil Baby,7,46,67,False
2019-02-02,90,Electricity,Silk City x Dua Lipa,10,62,68,False
2019-02-02,91,On My Way To You,Cody Johnson,1,91,0,True
2019-02-02,92,Make It Sweet,Old Dominion,4,92,100,False
2019-02-02,93,Love Wins,Carrie Underwood,4,83,86,False
2019-02-02,94,Talk To Me,Tory Lanez & Rich The Kid,13,43,72,False
2019-02-02,95,Murder On My Mind,YNW Melly,1,95,0,True
2019-02-02,96,GIRL,Maren Morris,1,96,0,True
2019-02-02,97,Roses,Benny Blanco & Juice WRLD Featuring Brendon Urie,4,87,87,False
2019-02-02,98,Face My Fears,Hikaru Utada & Skrillex,1,98,0,True
2019-02-02,99,Imagine,Ariana Grande,5,24,0,False
2019-02-02,100,Call The Coroner,Future,1,100,0,True
2019-02-09,1,7 Rings,Ariana Grande,2,1,1,False
2019-02-09,2,Without Me,Halsey,17,1,2,False
2019-02-09,3,Sunflower (Spider-Man: Into The Spider-Verse),Post Malone & Swae Lee,15,1,3,False
2019-02-09,4,Middle Child,J. Cole,2,4,26,False
2019-02-09,5,Sicko Mode,Travis Scott,26,1,5,False
2019-02-09,6,"Thank U, Next",Ariana Grande,13,1,4,False
2019-02-09,7,High Hopes,Panic! At The Disco,26,4,6,False
2019-02-09,8,Happier,Marshmello & Bastille,24,3,7,False
2019-02-09,9,Wow.,Post Malone,6,8,8,False
2019-02-09,10,Girls Like You,Maroon 5 Featuring Cardi B,36,1,9,False
2019-02-09,11,Eastside,"Benny Blanco, Halsey & Khalid",29,9,11,False
2019-02-09,12,Drip Too Hard,Lil Baby & Gunna,20,4,10,False
2019-02-09,13,Money,Cardi B,15,13,13,False
2019-02-09,14,ZEZE,Kodak Black Featuring Travis Scott & Offset,16,2,12,False
2019-02-09,15,Going Bad,Meek Mill Featuring Drake,9,6,14,False
2019-02-09,16,Shallow,Lady Gaga & Bradley Cooper,18,5,24,False
2019-02-09,17,Wake Up In The Sky,Gucci Mane X Bruno Mars X Kodak Black,20,11,15,False
2019-02-09,18,Mo Bamba,Sheck Wes,23,6,16,False
2019-02-09,19,Better Now,Post Malone,40,3,20,False
2019-02-09,20,Leave Me Alone,Flipp Dinero,20,20,21,False
2019-02-09,21,Youngblood,5 Seconds of Summer,35,7,17,False
2019-02-09,22,MIA,Bad Bunny Featuring Drake,16,5,19,False
2019-02-09,23,Better,Khalid,20,22,23,False
2019-02-09,24,Taki Taki,"DJ Snake Featuring Selena Gomez, Ozuna & Cardi B",18,11,18,False
2019-02-09,25,Breathin,Ariana Grande,24,12,22,False
2019-02-09,26,A Lot,21 Savage,6,26,34,False
2019-02-09,27,Lucid Dreams,Juice WRLD,38,2,25,False
2019-02-09,28,Thotiana,Blueface,3,28,66,False
2019-02-09,29,Tequila,Dan + Shay,39,21,0,False
2019-02-09,30,Close To Me,Ellie Goulding X Diplo Featuring Swae Lee,11,28,28,False
2019-02-09,31,Dancing With A Stranger,Sam Smith & Normani,3,31,41,False
2019-02-09,32,Sweet But Psycho,Ava Max,7,32,35,False
2019-02-09,33,Beautiful,Bazzi Featuring Camila Cabello,26,26,27,False
2019-02-09,34,Speechless,Dan + Shay,21,24,31,False
2019-02-09,35,Trip,Ella Mai,26,11,30,False
2019-02-09,36,Baby Shark,Pinkfong,5,32,36,False
2019-02-09,37,Love Lies,Khalid & Normani,50,9,32,False
2019-02-09,38,Beautiful Crazy,Luke Combs,12,38,42,False
2019-02-09,39,You Say,Lauren Daigle,29,34,39,False
2019-02-09,40,Look Back At It,A Boogie wit da Hoodie,8,40,44,False
2019-02-09,41,I Like It,"Cardi B, Bad Bunny & J Balvin",43,1,37,False
2019-02-09,42,Lost In The Fire,Gesaffelstein & The Weeknd,3,27,33,False
2019-02-09,43,Envy Me,Calboy,7,41,45,False
2019-02-09,44,Be Alright,Dean Lewis,14,40,52,False
2019-02-09,45,Swervin,A Boogie wit da Hoodie Featuring 6ix9ine,6,38,46,False
2019-02-09,46,Twerk,City Girls Featuring Cardi B,4,29,29,False
2019-02-09,47,Backin' It Up,Pardison Fontaine Featuring Cardi B,16,40,40,False
2019-02-09,48,Girl Like You,Jason Aldean,10,46,51,False
2019-02-09,49,This Is It,Scotty McCreery,8,49,53,False
2019-02-09,50,Sixteen,Thomas Rhett,12,42,49,False
2019-02-09,51,Nothing Breaks Like A Heart,Mark Ronson Featuring Miley Cyrus,9,43,54,False
2019-02-09,52,This Feeling,The Chainsmokers Featuring Kelsea Ballerini,16,50,56,False
2019-02-09,53,Burning Man,Dierks Bentley Featuring Brothers Osborne,15,45,48,False
2019-02-09,54,Undecided,Chris Brown,4,35,55,False
2019-02-09,55,Best Shot,Jimmie Allen,20,37,60,False
2019-02-09,56,Pure Cocaine,Lil Baby,8,46,89,False
2019-02-09,57,First Off,Future Featuring Travis Scott,2,47,47,False
2019-02-09,58,Uproar,Lil Wayne,18,7,59,False
2019-02-09,59,Good Girl,Dustin Lynch,12,44,58,False
2019-02-09,60,Armed And Dangerous,Juice WRLD,12,44,63,False
2019-02-09,61,Saturday Nights,Khalid & Kane Brown,4,57,75,False
2019-02-09,62,Keanu Reeves,Logic,2,38,38,False
2019-02-09,63,You,Jacquees,10,58,67,False
2019-02-09,64,Calling My Spirit,Kodak Black,9,46,62,False
2019-02-09,65,Put A Date On It,Yo Gotti Featuring Lil Baby,1,65,0,True
2019-02-09,66,No Stylist,French Montana Featuring Drake,19,47,69,False
2019-02-09,67,Ella Quiere Beber,Anuel AA & Romeo Santos,13,61,61,False
2019-02-09,68,Take It From Me,Jordan Davis,5,68,78,False
2019-02-09,69,What Makes You Country,Luke Bryan,5,69,70,False
2019-02-09,70,Millionaire,Chris Stapleton,8,67,73,False
2019-02-09,71,Crushed Up,Future,4,43,43,False
2019-02-09,72,Arms Around You,XXXTENTACION x Lil Pump Featuring Maluma & Swae Lee,14,28,64,False
2019-02-09,73,Mixed Personalities,YNW Melly Featuring Kanye West,2,71,71,False
2019-02-09,74,Bury A Friend,Billie Eilish,1,74,0,True
2019-02-09,75,Yosemite,Travis Scott,15,25,74,False
2019-02-09,76,When The Party's Over,Billie Eilish,15,52,87,False
2019-02-09,77,Secreto,Anuel AA & Karol G,2,68,68,False
2019-02-09,78,Murder On My Mind,YNW Melly,2,78,95,False
2019-02-09,79,Ruin My Life,Zara Larsson,5,76,77,False
2019-02-09,80,Love Someone,Lukas Graham,5,80,86,False
2019-02-09,81,Lovely,Billie Eilish & Khalid,14,64,82,False
2019-02-09,82,Down To The Honkytonk,Jake Owen,5,75,84,False
2019-02-09,83,Nights Like This,Kehlani Featuring Ty Dolla $ign,3,69,88,False
2019-02-09,84,Startender,A Boogie wit da Hoodie Featuring Offset & Tyga,6,59,80,False
2019-02-09,85,Roses,Benny Blanco & Juice WRLD Featuring Brendon Urie,5,85,97,False
2019-02-09,86,I'm So Tired...,Lauv & Troye Sivan,1,86,0,True
2019-02-09,87,Body,Loud Luxury Featuring Brando,5,80,85,False
2019-02-09,88,Shot Clock,Ella Mai,1,88,0,True
2019-02-09,89,Sauce!,XXXTENTACION,1,89,0,True
2019-02-09,90,Con Calma,Daddy Yankee & Katy Perry Featuring Snow,1,90,0,True
2019-02-09,91,Love Wins,Carrie Underwood,5,83,93,False
2019-02-09,92,Splashin,Rich The Kid,2,92,0,False
2019-02-09,93,Make It Sweet,Old Dominion,5,92,92,False
2019-02-09,94,Talk To Me,Tory Lanez & Rich The Kid,14,43,94,False
2019-02-09,95,Burn Out,Midland,4,92,0,False
2019-02-09,96,Here Tonight,Brett Young,4,88,0,False
2019-02-09,97,BAD!,XXXTENTACION,11,16,0,False
2019-02-09,98,Night Shift,Jon Pardi,1,98,0,True
2019-02-09,99,Blue Tacoma,Russell Dickerson,19,52,0,False
2019-02-09,100,Let Me Down Slowly,Alec Benjamin + Alessia Cara,2,79,0,False
2019-02-16,1,7 Rings,Ariana Grande,3,1,1,False
2019-02-16,2,Happier,Marshmello & Bastille,25,2,8,False
2019-02-16,3,Without Me,Halsey,18,1,2,False
2019-02-16,4,Sunflower (Spider-Man: Into The Spider-Verse),Post Malone & Swae Lee,16,1,3,False
2019-02-16,5,Sicko Mode,Travis Scott,27,1,5,False
2019-02-16,6,High Hopes,Panic! At The Disco,27,4,7,False
2019-02-16,7,"Thank U, Next",Ariana Grande,14,1,6,False
2019-02-16,8,Middle Child,J. Cole,3,4,4,False
2019-02-16,9,Wow.,Post Malone,7,8,9,False
2019-02-16,10,Girls Like You,Maroon 5 Featuring Cardi B,37,1,10,False
2019-02-16,11,Eastside,"Benny Blanco, Halsey & Khalid",30,9,11,False
2019-02-16,12,A Lot,21 Savage,7,12,26,False
2019-02-16,13,Drip Too Hard,Lil Baby & Gunna,21,4,12,False
2019-02-16,14,Bury A Friend,Billie Eilish,2,14,74,False
2019-02-16,15,Going Bad,Meek Mill Featuring Drake,10,6,15,False
2019-02-16,16,Money,Cardi B,16,13,13,False
2019-02-16,17,ZEZE,Kodak Black Featuring Travis Scott & Offset,17,2,14,False
2019-02-16,18,Better,Khalid,21,18,23,False
2019-02-16,19,MIA,Bad Bunny Featuring Drake,17,5,22,False
2019-02-16,20,Thotiana,Blueface,4,20,28,False
2019-02-16,21,Better Now,Post Malone,41,3,19,False
2019-02-16,22,Wake Up In The Sky,Gucci Mane X Bruno Mars X Kodak Black,21,11,17,False
2019-02-16,23,Youngblood,5 Seconds of Summer,36,7,21,False
2019-02-16,24,Shallow,Lady Gaga & Bradley Cooper,19,5,16,False
2019-02-16,25,Leave Me Alone,Flipp Dinero,21,20,20,False
2019-02-16,26,Dancing With A Stranger,Sam Smith & Normani,4,26,31,False
2019-02-16,27,Mo Bamba,Sheck Wes,24,6,18,False
2019-02-16,28,Alone,Marshmello,11,28,0,False
2019-02-16,29,Taki Taki,"DJ Snake Featuring Selena Gomez, Ozuna & Cardi B",19,11,24,False
2019-02-16,30,Sweet But Psycho,Ava Max,8,30,32,False
2019-02-16,31,Tequila,Dan + Shay,40,21,29,False
2019-02-16,32,Look Back At It,A Boogie wit da Hoodie,9,32,40,False
2019-02-16,33,Close To Me,Ellie Goulding X Diplo Featuring Swae Lee,12,28,30,False
2019-02-16,34,Lucid Dreams,Juice WRLD,39,2,27,False
2019-02-16,35,Breathin,Ariana Grande,25,12,25,False
2019-02-16,36,Beautiful Crazy,Luke Combs,13,36,38,False
2019-02-16,37,You Say,Lauren Daigle,30,34,39,False
2019-02-16,38,Trip,Ella Mai,27,11,35,False
2019-02-16,39,I Like It,"Cardi B, Bad Bunny & J Balvin",44,1,41,False
2019-02-16,40,Baby Shark,Pinkfong,6,32,36,False
2019-02-16,41,Love Lies,Khalid & Normani,51,9,37,False
2019-02-16,42,This Is It,Scotty McCreery,9,42,49,False
2019-02-16,43,Be Alright,Dean Lewis,15,40,44,False
2019-02-16,44,Speechless,Dan + Shay,22,24,34,False
2019-02-16,45,Envy Me,Calboy,8,41,43,False
2019-02-16,46,Swervin,A Boogie wit da Hoodie Featuring 6ix9ine,7,38,45,False
2019-02-16,47,Beautiful,Bazzi Featuring Camila Cabello,27,26,33,False
2019-02-16,48,Backin' It Up,Pardison Fontaine Featuring Cardi B,17,40,47,False
2019-02-16,49,Lost In The Fire,Gesaffelstein & The Weeknd,4,27,42,False
2019-02-16,50,Twerk,City Girls Featuring Cardi B,5,29,46,False
2019-02-16,51,Girl Like You,Jason Aldean,11,46,48,False
2019-02-16,52,This Feeling,The Chainsmokers Featuring Kelsea Ballerini,17,50,52,False
2019-02-16,53,Nothing Breaks Like A Heart,Mark Ronson Featuring Miley Cyrus,10,43,51,False
2019-02-16,54,Undecided,Chris Brown,5,35,54,False
2019-02-16,55,Sixteen,Thomas Rhett,13,42,50,False
2019-02-16,56,One Call,Gunna,1,56,0,True
2019-02-16,57,Pure Cocaine,Lil Baby,9,46,56,False
2019-02-16,58,Take It From Me,Jordan Davis,6,58,68,False
2019-02-16,59,Put A Date On It,Yo Gotti Featuring Lil Baby,2,59,65,False
2019-02-16,60,Burning Man,Dierks Bentley Featuring Brothers Osborne,16,45,53,False
2019-02-16,61,When The Party's Over,Billie Eilish,16,52,76,False
2019-02-16,62,Armed And Dangerous,Juice WRLD,13,44,60,False
2019-02-16,63,What Makes You Country,Luke Bryan,6,63,69,False
2019-02-16,64,Pure Water,Mustard & Migos,2,64,0,False
2019-02-16,65,Uproar,Lil Wayne,19,7,58,False
2019-02-16,66,Lovely,Billie Eilish & Khalid,15,64,81,False
2019-02-16,67,Calling My Spirit,Kodak Black,10,46,64,False
2019-02-16,68,Ella Quiere Beber,Anuel AA & Romeo Santos,14,61,67,False
2019-02-16,69,Millionaire,Chris Stapleton,9,67,70,False
2019-02-16,70,You,Jacquees,11,58,63,False
2019-02-16,71,Good Girl,Dustin Lynch,13,44,59,False
2019-02-16,72,Love Someone,Lukas Graham,6,72,80,False
2019-02-16,73,Murder On My Mind,YNW Melly,3,73,78,False
2019-02-16,74,Down To The Honkytonk,Jake Owen,6,74,82,False
2019-02-16,75,Saturday Nights,Khalid & Kane Brown,5,57,61,False
2019-02-16,76,Nights Like This,Kehlani Featuring Ty Dolla $ign,4,69,83,False
2019-02-16,77,Yosemite,Travis Scott,16,25,75,False
2019-02-16,78,Ruin My Life,Zara Larsson,6,76,79,False
2019-02-16,79,Arms Around You,XXXTENTACION x Lil Pump Featuring Maluma & Swae Lee,15,28,72,False
2019-02-16,80,First Off,Future Featuring Travis Scott,3,47,57,False
2019-02-16,81,Body,Loud Luxury Featuring Brando,6,80,87,False
2019-02-16,82,Shot Clock,Ella Mai,2,82,88,False
2019-02-16,83,Talk To Me,Tory Lanez & Rich The Kid,15,43,94,False
2019-02-16,84,Love Wins,Carrie Underwood,6,83,91,False
2019-02-16,85,Startender,A Boogie wit da Hoodie Featuring Offset & Tyga,7,59,84,False
2019-02-16,86,Mixed Personalities,YNW Melly Featuring Kanye West,3,71,73,False
2019-02-16,87,Make It Sweet,Old Dominion,6,87,93,False
2019-02-16,88,Roses,Benny Blanco & Juice WRLD Featuring Brendon Urie,6,85,85,False
2019-02-16,89,Here Tonight,Brett Young,5,88,96,False
2019-02-16,90,Splashin,Rich The Kid,3,90,92,False
2019-02-16,91,Keanu Reeves,Logic,3,38,62,False
2019-02-16,92,No Stylist,French Montana Featuring Drake,20,47,66,False
2019-02-16,93,Burn Out,Midland,5,92,95,False
2019-02-16,94,Let Me Down Slowly,Alec Benjamin + Alessia Cara,3,79,100,False
2019-02-16,95,Miss Me More,Kelsea Ballerini,1,95,0,True
2019-02-16,96,Ocean Eyes,Billie Eilish,6,96,0,False
2019-02-16,97,Crushed Up,Future,5,43,71,False
2019-02-16,98,Night Shift,Jon Pardi,2,98,98,False
2019-02-16,99,Close Friends,Lil Baby,15,28,0,False
2019-02-16,100,On My Way To You,Cody Johnson,2,91,0,False
2019-02-23,1,7 Rings,Ariana Grande,4,1,1,False
2019-02-23,2,"Break Up With Your Girlfriend, I'm Bored",Ariana Grande,1,2,0,True
2019-02-23,3,"Thank U, Next",Ariana Grande,15,1,7,False
2019-02-23,4,Without Me,Halsey,19,1,3,False
2019-02-23,5,Sunflower (Spider-Man: Into The Spider-Verse),Post Malone & Swae Lee,17,1,4,False
2019-02-23,6,Happier,Marshmello & Bastille,26,2,2,False
2019-02-23,7,Sicko Mode,Travis Scott,28,1,5,False
2019-02-23,8,High Hopes,Panic! At The Disco,28,4,6,False
2019-02-23,9,Wow.,Post Malone,8,8,9,False
2019-02-23,10,Eastside,"Benny Blanco, Halsey & Khalid",31,9,11,False
2019-02-23,11,Middle Child,J. Cole,4,4,8,False
2019-02-23,12,Girls Like You,Maroon 5 Featuring Cardi B,38,1,10,False
2019-02-23,13,Going Bad,Meek Mill Featuring Drake,11,6,15,False
2019-02-23,14,Needy,Ariana Grande,1,14,0,True
2019-02-23,15,A Lot,21 Savage,8,12,12,False
2019-02-23,16,Drip Too Hard,Lil Baby & Gunna,22,4,13,False
2019-02-23,17,NASA,Ariana Grande,1,17,0,True
2019-02-23,18,Shallow,Lady Gaga & Bradley Cooper,20,5,24,False
2019-02-23,19,Money,Cardi B,17,13,16,False
2019-02-23,20,Thotiana,Blueface,5,20,20,False
2019-02-23,21,Imagine,Ariana Grande,6,21,0,False
2019-02-23,22,Bloodline,Ariana Grande,1,22,0,True
2019-02-23,23,Better,Khalid,22,18,18,False
2019-02-23,24,ZEZE,Kodak Black Featuring Travis Scott & Offset,18,2,17,False
2019-02-23,25,Ghostin,Ariana Grande,1,25,0,True
2019-02-23,26,Fake Smile,Ariana Grande,1,26,0,True
2019-02-23,27,Bad Idea,Ariana Grande,1,27,0,True
2019-02-23,28,MIA,Bad Bunny Featuring Drake,18,5,19,False
2019-02-23,29,Better Now,Post Malone,42,3,21,False
2019-02-23,30,Dancing With A Stranger,Sam Smith & Normani,5,26,26,False
2019-02-23,31,Tequila,Dan + Shay,41,21,31,False
2019-02-23,32,Bury A Friend,Billie Eilish,3,14,14,False
2019-02-23,33,Leave Me Alone,Flipp Dinero,22,20,25,False
2019-02-23,34,Youngblood,5 Seconds of Summer,37,7,23,False
2019-02-23,35,Wake Up In The Sky,Gucci Mane X Bruno Mars X Kodak Black,22,11,22,False
2019-02-23,36,Beautiful Crazy,Luke Combs,14,36,36,False
2019-02-23,37,Sweet But Psycho,Ava Max,9,30,30,False
2019-02-23,38,In My Head,Ariana Grande,1,38,0,True
2019-02-23,39,Taki Taki,"DJ Snake Featuring Selena Gomez, Ozuna & Cardi B",20,11,29,False
2019-02-23,40,You Say,Lauren Daigle,31,34,37,False
2019-02-23,41,Mo Bamba,Sheck Wes,25,6,27,False
2019-02-23,42,Close To Me,Ellie Goulding X Diplo Featuring Swae Lee,13,28,33,False
2019-02-23,43,Lucid Dreams,Juice WRLD,40,2,34,False
2019-02-23,44,Talk,Khalid,1,44,0,True
2019-02-23,45,I Like It,"Cardi B, Bad Bunny & J Balvin",45,1,39,False
2019-02-23,46,Be Alright,Dean Lewis,16,40,43,False
2019-02-23,47,Look Back At It,A Boogie wit da Hoodie,10,32,32,False
2019-02-23,48,Make Up,Ariana Grande,1,48,0,True
2019-02-23,49,Baby Shark,Pinkfong,7,32,40,False
2019-02-23,50,Envy Me,Calboy,9,41,45,False
2019-02-23,51,Swervin,A Boogie wit da Hoodie Featuring 6ix9ine,8,38,46,False
2019-02-23,52,This Is It,Scotty McCreery,10,42,42,False
2019-02-23,53,Backin' It Up,Pardison Fontaine Featuring Cardi B,18,40,48,False
2019-02-23,54,Twerk,City Girls Featuring Cardi B,6,29,50,False
2019-02-23,55,Girl Like You,Jason Aldean,12,46,51,False
2019-02-23,56,Who Do You Love,The Chainsmokers Featuring 5 Seconds of Summer,1,56,0,True
2019-02-23,57,This Feeling,The Chainsmokers Featuring Kelsea Ballerini,18,50,52,False
2019-02-23,58,Lost In The Fire,Gesaffelstein & The Weeknd,5,27,49,False
2019-02-23,59,Murder On My Mind,YNW Melly,4,59,73,False
2019-02-23,60,Nothing Breaks Like A Heart,Mark Ronson Featuring Miley Cyrus,11,43,53,False
2019-02-23,61,Pure Water,Mustard & Migos,3,61,64,False
2019-02-23,62,Take It From Me,Jordan Davis,7,58,58,False
2019-02-23,63,Undecided,Chris Brown,6,35,54,False
2019-02-23,64,What Makes You Country,Luke Bryan,7,63,63,False
2019-02-23,65,Armed And Dangerous,Juice WRLD,14,44,62,False
2019-02-23,66,Millionaire,Chris Stapleton,10,66,69,False
2019-02-23,67,Pure Cocaine,Lil Baby,10,46,57,False
2019-02-23,68,Close Friends,Lil Baby,16,28,99,False
2019-02-23,69,Sixteen,Thomas Rhett,14,42,55,False
2019-02-23,70,Love Someone,Lukas Graham,7,70,72,False
2019-02-23,71,Calling My Spirit,Kodak Black,11,46,67,False
2019-02-23,72,Put A Date On It,Yo Gotti Featuring Lil Baby,3,59,59,False
2019-02-23,73,Uproar,Lil Wayne,20,7,65,False
2019-02-23,74,Ella Quiere Beber,Anuel AA & Romeo Santos,15,61,68,False
2019-02-23,75,Lovely,Billie Eilish & Khalid,16,64,66,False
2019-02-23,76,Burning Man,Dierks Bentley Featuring Brothers Osborne,17,45,60,False
2019-02-23,77,You,Jacquees,12,58,70,False
2019-02-23,78,When The Party's Over,Billie Eilish,17,52,61,False
2019-02-23,79,Down To The Honkytonk,Jake Owen,7,74,74,False
2019-02-23,80,Secreto,Anuel AA & Karol G,3,68,0,False
2019-02-23,81,Shot Clock,Ella Mai,3,81,82,False
2019-02-23,82,Body,Loud Luxury Featuring Brando,7,80,81,False
2019-02-23,83,Good Girl,Dustin Lynch,14,44,71,False
2019-02-23,84,Make It Sweet,Old Dominion,7,84,87,False
2019-02-23,85,Burn Out,Midland,6,85,93,False
2019-02-23,86,Ruin My Life,Zara Larsson,7,76,78,False
2019-02-23,87,Love Wins,Carrie Underwood,7,83,84,False
2019-02-23,88,Arms Around You,XXXTENTACION x Lil Pump Featuring Maluma & Swae Lee,16,28,79,False
2019-02-23,89,Nights Like This,Kehlani Featuring Ty Dolla $ign,5,69,76,False
2019-02-23,90,Yosemite,Travis Scott,17,25,77,False
2019-02-23,91,Miss Me More,Kelsea Ballerini,2,91,95,False
2019-02-23,92,Here Tonight,Brett Young,6,88,89,False
2019-02-23,93,Mixed Personalities,YNW Melly Featuring Kanye West,4,71,86,False
2019-02-23,94,Let Me Down Slowly,Alec Benjamin + Alessia Cara,4,79,94,False
2019-02-23,95,Con Calma,Daddy Yankee & Katy Perry Featuring Snow,2,90,0,False
2019-02-23,96,Talk To Me,Tory Lanez & Rich The Kid,16,43,83,False
2019-02-23,97,Splashin,Rich The Kid,4,90,90,False
2019-02-23,98,Rainbow,Kacey Musgraves,1,98,0,True
2019-02-23,99,Startender,A Boogie wit da Hoodie Featuring Offset & Tyga,8,59,85,False
2019-02-23,100,On My Way To You,Cody Johnson,3,91,100,False
2019-03-02,1,7 Rings,Ariana Grande,5,1,1,False
2019-03-02,2,Without Me,Halsey,20,1,4,False
2019-03-02,3,Sunflower (Spider-Man: Into The Spider-Verse),Post Malone & Swae Lee,18,1,5,False
2019-03-02,4,"Thank U, Next",Ariana Grande,16,1,3,False
2019-03-02,5,Please Me,Cardi B & Bruno Mars,1,5,0,True
2019-03-02,6,Happier,Marshmello & Bastille,27,2,6,False
2019-03-02,7,Sicko Mode,Travis Scott,29,1,7,False
2019-03-02,8,"Break Up With Your Girlfriend, I'm Bored",Ariana Grande,2,2,2,False
2019-03-02,9,High Hopes,Panic! At The Disco,29,4,8,False
2019-03-02,10,Wow.,Post Malone,9,8,9,False
2019-03-02,11,Middle Child,J. Cole,5,4,11,False
2019-03-02,12,Eastside,"Benny Blanco, Halsey & Khalid",32,9,10,False
2019-03-02,13,Thotiana,Blueface,6,13,20,False
2019-03-02,14,Murder On My Mind,YNW Melly,5,14,59,False
2019-03-02,15,Going Bad,Meek Mill Featuring Drake,12,6,13,False
2019-03-02,16,Money,Cardi B,18,13,19,False
2019-03-02,17,A Lot,21 Savage,9,12,15,False
2019-03-02,18,Drip Too Hard,Lil Baby & Gunna,23,4,16,False
2019-03-02,19,Girls Like You,Maroon 5 Featuring Cardi B,39,1,12,False
2019-03-02,20,Better,Khalid,23,18,23,False
2019-03-02,21,Shallow,Lady Gaga & Bradley Cooper,21,5,18,False
2019-03-02,22,ZEZE,Kodak Black Featuring Travis Scott & Offset,19,2,24,False
2019-03-02,23,Beautiful Crazy,Luke Combs,15,23,36,False
2019-03-02,24,MIA,Bad Bunny Featuring Drake,19,5,28,False
2019-03-02,25,Dancing With A Stranger,Sam Smith & Normani,6,25,30,False
2019-03-02,26,Youngblood,5 Seconds of Summer,38,7,34,False
2019-03-02,27,Robbery,Juice WRLD,1,27,0,True
2019-03-02,28,Better Now,Post Malone,43,3,29,False
2019-03-02,29,Sweet But Psycho,Ava Max,10,29,37,False
2019-03-02,30,Be Alright,Dean Lewis,17,30,46,False
2019-03-02,31,Tequila,Dan + Shay,42,21,31,False
2019-03-02,32,Bury A Friend,Billie Eilish,4,14,32,False
2019-03-02,33,I Like It,"Cardi B, Bad Bunny & J Balvin",46,1,45,False
2019-03-02,34,You Say,Lauren Daigle,32,34,40,False
2019-03-02,35,Leave Me Alone,Flipp Dinero,23,20,33,False
2019-03-02,36,Wake Up In The Sky,Gucci Mane X Bruno Mars X Kodak Black,23,11,35,False
2019-03-02,37,Close To Me,Ellie Goulding X Diplo Featuring Swae Lee,14,28,42,False
2019-03-02,38,Baby Shark,Pinkfong,8,32,49,False
2019-03-02,39,Look Back At It,A Boogie wit da Hoodie,11,32,47,False
2019-03-02,40,Mo Bamba,Sheck Wes,26,6,41,False
2019-03-02,41,Lucid Dreams,Juice WRLD,41,2,43,False
2019-03-02,42,Envy Me,Calboy,10,41,50,False
2019-03-02,43,Swervin,A Boogie wit da Hoodie Featuring 6ix9ine,9,38,51,False
2019-03-02,44,Taki Taki,"DJ Snake Featuring Selena Gomez, Ozuna & Cardi B",21,11,39,False
2019-03-02,45,This Is It,Scotty McCreery,11,42,52,False
2019-03-02,46,NASA,Ariana Grande,2,17,17,False
2019-03-02,47,Backin' It Up,Pardison Fontaine Featuring Cardi B,19,40,53,False
2019-03-02,48,Needy,Ariana Grande,2,14,14,False
2019-03-02,49,Red Room,Offset,1,49,0,True
2019-03-02,50,Talk,Khalid,2,44,44,False
2019-03-02,51,Girl Like You,Jason Aldean,13,46,55,False
2019-03-02,52,Twerk,City Girls Featuring Cardi B,7,29,54,False
2019-03-02,53,Bloodline,Ariana Grande,2,22,22,False
2019-03-02,54,What Makes You Country,Luke Bryan,8,54,64,False
2019-03-02,55,Bad Idea,Ariana Grande,2,27,27,False
2019-03-02,56,Pure Water,Mustard & Migos,4,56,61,False
2019-03-02,57,Fake Smile,Ariana Grande,2,26,26,False
2019-03-02,58,Imagine,Ariana Grande,7,21,21,False
2019-03-02,59,Take It From Me,Jordan Davis,8,58,62,False
2019-03-02,60,Mixed Personalities,YNW Melly Featuring Kanye West,5,60,93,False
2019-03-02,61,Lost In The Fire,Gesaffelstein & The Weeknd,6,27,58,False
2019-03-02,62,Ghostin,Ariana Grande,2,25,25,False
2019-03-02,63,Nothing Breaks Like A Heart,Mark Ronson Featuring Miley Cyrus,12,43,60,False
2019-03-02,64,This Feeling,The Chainsmokers Featuring Kelsea Ballerini,19,50,57,False
2019-03-02,65,Undecided,Chris Brown,7,35,63,False
2019-03-02,66,Millionaire,Chris Stapleton,11,66,66,False
2019-03-02,67,Here Tonight,Brett Young,7,67,92,False
2019-03-02,68,Calling My Spirit,Kodak Black,12,46,71,False
2019-03-02,69,Sixteen,Thomas Rhett,15,42,69,False
2019-03-02,70,Love Someone,Lukas Graham,8,70,70,False
2019-03-02,71,Armed And Dangerous,Juice WRLD,15,44,65,False
2019-03-02,72,Nights Like This,Kehlani Featuring Ty Dolla $ign,6,69,89,False
2019-03-02,73,Close Friends,Lil Baby,17,28,68,False
2019-03-02,74,In My Head,Ariana Grande,2,38,38,False
2019-03-02,75,Put A Date On It,Yo Gotti Featuring Lil Baby,4,59,72,False
2019-03-02,76,Pure Cocaine,Lil Baby,11,46,67,False
2019-03-02,77,Down To The Honkytonk,Jake Owen,8,74,79,False
2019-03-02,78,Ella Quiere Beber,Anuel AA & Romeo Santos,16,61,74,False
2019-03-02,79,Lovely,Billie Eilish & Khalid,17,64,75,False
2019-03-02,80,Talk You Out Of It,Florida Georgia Line,1,80,0,True
2019-03-02,81,Miss Me More,Kelsea Ballerini,3,81,91,False
2019-03-02,82,Body,Loud Luxury Featuring Brando,8,80,82,False
2019-03-02,83,Burn Out,Midland,7,83,85,False
2019-03-02,84,Eyes On You,Chase Rice,1,84,0,True
2019-03-02,85,Who Do You Love,The Chainsmokers Featuring 5 Seconds of Summer,2,56,56,False
2019-03-02,86,365,Zedd & Katy Perry,1,86,0,True
2019-03-02,87,Worth It,YK Osiris,1,87,0,True
2019-03-02,88,When The Party's Over,Billie Eilish,18,52,78,False
2019-03-02,89,Yosemite,Travis Scott,18,25,90,False
2019-03-02,90,Shot Clock,Ella Mai,4,81,81,False
2019-03-02,91,There Was This Girl,Riley Green,1,91,0,True
2019-03-02,92,Con Calma,Daddy Yankee & Katy Perry Featuring Snow,3,90,95,False
2019-03-02,93,On My Way To You,Cody Johnson,4,91,100,False
2019-03-02,94,Let Me Down Slowly,Alec Benjamin + Alessia Cara,5,79,94,False
2019-03-02,95,Make Up,Ariana Grande,2,48,48,False
2019-03-02,96,Make It Sweet,Old Dominion,8,84,84,False
2019-03-02,97,Good Girl,Dustin Lynch,15,44,83,False
2019-03-02,98,Arms Around You,XXXTENTACION x Lil Pump Featuring Maluma & Swae Lee,17,28,88,False
2019-03-02,99,Startender,A Boogie wit da Hoodie Featuring Offset & Tyga,9,59,99,False
2019-03-02,100,One That Got Away,Michael Ray,1,100,0,True
2019-03-09,1,Shallow,Lady Gaga & Bradley Cooper,22,1,21,False
2019-03-09,2,7 Rings,Ariana Grande,6,1,1,False
2019-03-09,3,Without Me,Halsey,21,1,2,False
2019-03-09,4,Sunflower (Spider-Man: Into The Spider-Verse),Post Malone & Swae Lee,19,1,3,False
2019-03-09,5,Middle Child,J. Cole,6,4,11,False
2019-03-09,6,Happier,Marshmello & Bastille,28,2,6,False
2019-03-09,7,"Thank U, Next",Ariana Grande,17,1,4,False
2019-03-09,8,Wow.,Post Malone,10,8,10,False
2019-03-09,9,Thotiana,Blueface,7,9,13,False
2019-03-09,10,Sicko Mode,Travis Scott,30,1,7,False
2019-03-09,11,High Hopes,Panic! At The Disco,30,4,9,False
2019-03-09,12,Eastside,"Benny Blanco, Halsey & Khalid",33,9,12,False
2019-03-09,13,"Break Up With Your Girlfriend, I'm Bored",Ariana Grande,3,2,8,False
2019-03-09,14,Please Me,Cardi B & Bruno Mars,2,5,5,False
2019-03-09,15,Murder On My Mind,YNW Melly,6,14,14,False
2019-03-09,16,Going Bad,Meek Mill Featuring Drake,13,6,15,False
2019-03-09,17,Girls Like You,Maroon 5 Featuring Cardi B,40,1,19,False
2019-03-09,18,A Lot,21 Savage,10,12,17,False
2019-03-09,19,Drip Too Hard,Lil Baby & Gunna,24,4,18,False
2019-03-09,20,Money,Cardi B,19,13,16,False
2019-03-09,21,Better,Khalid,24,18,20,False
2019-03-09,22,Dancing With A Stranger,Sam Smith & Normani,7,22,25,False
2019-03-09,23,Beautiful Crazy,Luke Combs,16,23,23,False
2019-03-09,24,Sweet But Psycho,Ava Max,11,24,29,False
2019-03-09,25,ZEZE,Kodak Black Featuring Travis Scott & Offset,20,2,22,False
2019-03-09,26,MIA,Bad Bunny Featuring Drake,20,5,24,False
2019-03-09,27,Better Now,Post Malone,44,3,28,False
2019-03-09,28,Robbery,Juice WRLD,2,27,27,False
2019-03-09,29,Be Alright,Dean Lewis,18,29,30,False
2019-03-09,30,You Say,Lauren Daigle,33,30,34,False
2019-03-09,31,Youngblood,5 Seconds of Summer,39,7,26,False
2019-03-09,32,Tequila,Dan + Shay,43,21,31,False
2019-03-09,33,Close To Me,Ellie Goulding X Diplo Featuring Swae Lee,15,28,37,False
2019-03-09,34,Baby Shark,Pinkfong,9,32,38,False
2019-03-09,35,Look Back At It,A Boogie wit da Hoodie,12,32,39,False
2019-03-09,36,Wake Up In The Sky,Gucci Mane X Bruno Mars X Kodak Black,24,11,36,False
2019-03-09,37,Leave Me Alone,Flipp Dinero,24,20,35,False
2019-03-09,38,Taki Taki,"DJ Snake Featuring Selena Gomez, Ozuna & Cardi B",22,11,44,False
2019-03-09,39,I Like It,"Cardi B, Bad Bunny & J Balvin",47,1,33,False
2019-03-09,40,Lucid Dreams,Juice WRLD,42,2,41,False
2019-03-09,41,Bury A Friend,Billie Eilish,5,14,32,False
2019-03-09,42,Envy Me,Calboy,11,41,42,False
2019-03-09,43,Mo Bamba,Sheck Wes,27,6,40,False
2019-03-09,44,Swervin,A Boogie wit da Hoodie Featuring 6ix9ine,10,38,43,False
2019-03-09,45,Twerk,City Girls Featuring Cardi B,8,29,52,False
2019-03-09,46,Take It From Me,Jordan Davis,9,46,59,False
2019-03-09,47,Always Remember Us This Way,Lady Gaga,7,41,0,False
2019-03-09,48,Backin' It Up,Pardison Fontaine Featuring Cardi B,20,40,47,False
2019-03-09,49,Legacy,Offset Featuring Travis Scott & 21 Savage,1,49,0,True
2019-03-09,50,Red Room,Offset,2,49,49,False
2019-03-09,51,This Is It,Scotty McCreery,12,42,45,False
2019-03-09,52,Pure Water,Mustard & Migos,5,52,56,False
2019-03-09,53,Close Friends,Lil Baby,18,28,73,False
2019-03-09,54,Walk Me Home,P!nk,1,54,0,True
2019-03-09,55,Talk,Khalid,3,44,50,False
2019-03-09,56,Mixed Personalities,YNW Melly Featuring Kanye West,6,56,60,False
2019-03-09,57,Millionaire,Chris Stapleton,12,57,66,False
2019-03-09,58,Girl Like You,Jason Aldean,14,46,51,False
2019-03-09,59,Con Calma,Daddy Yankee & Katy Perry Featuring Snow,4,59,92,False
2019-03-09,60,Needy,Ariana Grande,3,14,48,False
2019-03-09,61,What Makes You Country,Luke Bryan,9,54,54,False
2019-03-09,62,I'll Never Love Again,Lady Gaga,7,36,0,False
2019-03-09,63,Undecided,Chris Brown,8,35,65,False
2019-03-09,64,Clout,Offset Featuring Cardi B,1,64,0,True
2019-03-09,65,How Did I Get Here,Offset Featuring  J. Cole,1,65,0,True
2019-03-09,66,Who Do You Love,The Chainsmokers Featuring 5 Seconds of Summer,3,56,85,False
2019-03-09,67,Nights Like This,Kehlani Featuring Ty Dolla $ign,7,67,72,False
2019-03-09,68,NASA,Ariana Grande,3,17,46,False
2019-03-09,69,Burn Out,Midland,8,69,83,False
2019-03-09,70,Outstanding,Gunna,1,70,0,True
2019-03-09,71,Here Tonight,Brett Young,8,67,67,False
2019-03-09,72,Be Like Me,Lil Pump Featuring Lil Wayne,1,72,0,True
2019-03-09,73,Worth It,YK Osiris,2,73,87,False
2019-03-09,74,3 Headed Snake,Gunna Featuring Young Thug,1,74,0,True
2019-03-09,75,Wit It,Gunna,1,75,0,True
2019-03-09,76,Ella Quiere Beber,Anuel AA & Romeo Santos,17,61,78,False
2019-03-09,77,This Feeling,The Chainsmokers Featuring Kelsea Ballerini,20,50,64,False
2019-03-09,78,One Call,Gunna,2,56,0,False
2019-03-09,79,Armed And Dangerous,Juice WRLD,16,44,71,False
2019-03-09,80,Down To The Honkytonk,Jake Owen,9,74,77,False
2019-03-09,81,Shot Clock,Ella Mai,5,81,90,False
2019-03-09,82,Miss Me More,Kelsea Ballerini,4,81,81,False
2019-03-09,83,Calling My Spirit,Kodak Black,13,46,68,False
2019-03-09,84,Nothing Breaks Like A Heart,Mark Ronson Featuring Miley Cyrus,13,43,63,False
2019-03-09,85,Imagine,Ariana Grande,8,21,58,False
2019-03-09,86,Lick,Offset,1,86,0,True
2019-03-09,87,Girls Need Love,Summer Walker X Drake,1,87,0,True
2019-03-09,88,Eyes On You,Chase Rice,2,84,84,False
2019-03-09,89,Love Someone,Lukas Graham,9,70,70,False
2019-03-09,90,Bad Idea,Ariana Grande,3,27,55,False
2019-03-09,91,Speed It Up,Gunna,1,91,0,True
2019-03-09,92,Secreto,Anuel AA & Karol G,4,68,0,False
2019-03-09,93,Bloodline,Ariana Grande,3,22,53,False
2019-03-09,94,I Guess I Just Feel Like,John Mayer,1,94,0,True
2019-03-09,95,Good As You,Kane Brown,1,95,0,True
2019-03-09,96,Put A Date On It,Yo Gotti Featuring Lil Baby,5,59,75,False
2019-03-09,97,Same Yung N***a,Gunna Featuring Playboi Carti,1,97,0,True
2019-03-09,98,Talk You Out Of It,Florida Georgia Line,2,80,80,False
2019-03-09,99,Make It Sweet,Old Dominion,9,84,96,False
2019-03-09,100,Faucet Failure,Ski Mask The Slump God,1,100,0,True
2019-03-16,1,Sucker,Jonas Brothers,1,1,0,True
2019-03-16,2,7 Rings,Ariana Grande,7,1,2,False
2019-03-16,3,Please Me,Cardi B & Bruno Mars,3,3,14,False
2019-03-16,4,Sunflower (Spider-Man: Into The Spider-Verse),Post Malone & Swae Lee,20,1,4,False
2019-03-16,5,Without Me,Halsey,22,1,3,False
2019-03-16,6,Shallow,Lady Gaga & Bradley Cooper,23,1,1,False
2019-03-16,7,Wow.,Post Malone,11,7,8,False
2019-03-16,8,Happier,Marshmello & Bastille,29,2,6,False
2019-03-16,9,Middle Child,J. Cole,7,4,5,False
2019-03-16,10,Sicko Mode,Travis Scott,31,1,10,False
2019-03-16,11,"Thank U, Next",Ariana Grande,18,1,7,False
2019-03-16,12,High Hopes,Panic! At The Disco,31,4,11,False
2019-03-16,13,Thotiana,Blueface,8,9,9,False
2019-03-16,14,Eastside,"Benny Blanco, Halsey & Khalid",34,9,12,False
2019-03-16,15,"Break Up With Your Girlfriend, I'm Bored",Ariana Grande,4,2,13,False
2019-03-16,16,Going Bad,Meek Mill Featuring Drake,14,6,16,False
2019-03-16,17,Murder On My Mind,YNW Melly,7,14,15,False
2019-03-16,18,A Lot,21 Savage,11,12,18,False
2019-03-16,19,Girls Like You,Maroon 5 Featuring Cardi B,41,1,17,False
2019-03-16,20,Dancing With A Stranger,Sam Smith & Normani,8,20,22,False
2019-03-16,21,Better,Khalid,25,18,21,False
2019-03-16,22,Drip Too Hard,Lil Baby & Gunna,25,4,19,False
2019-03-16,23,Money,Cardi B,20,13,20,False
2019-03-16,24,Sweet But Psycho,Ava Max,12,24,24,False
2019-03-16,25,Beautiful Crazy,Luke Combs,17,23,23,False
2019-03-16,26,Be Alright,Dean Lewis,19,26,29,False
2019-03-16,27,MIA,Bad Bunny Featuring Drake,21,5,26,False
2019-03-16,28,ZEZE,Kodak Black Featuring Travis Scott & Offset,21,2,25,False
2019-03-16,29,Better Now,Post Malone,45,3,27,False
2019-03-16,30,Youngblood,5 Seconds of Summer,40,7,31,False
2019-03-16,31,Close To Me,Ellie Goulding X Diplo Featuring Swae Lee,16,28,33,False
2019-03-16,32,You Say,Lauren Daigle,34,30,30,False
2019-03-16,33,Tequila,Dan + Shay,44,21,32,False
2019-03-16,34,Robbery,Juice WRLD,3,27,28,False
2019-03-16,35,Look Back At It,A Boogie wit da Hoodie,13,32,35,False
2019-03-16,36,Lucid Dreams,Juice WRLD,43,2,40,False
2019-03-16,37,Girls Need Love,Summer Walker X Drake,2,37,87,False
2019-03-16,38,Baby Shark,Pinkfong,10,32,34,False
2019-03-16,39,I,Lil Skies,1,39,0,True
2019-03-16,40,Envy Me,Calboy,12,40,42,False
2019-03-16,41,I Like It,"Cardi B, Bad Bunny & J Balvin",48,1,39,False
2019-03-16,42,Bury A Friend,Billie Eilish,6,14,41,False
2019-03-16,43,Taki Taki,"DJ Snake Featuring Selena Gomez, Ozuna & Cardi B",23,11,38,False
2019-03-16,44,Wake Up In The Sky,Gucci Mane X Bruno Mars X Kodak Black,25,11,36,False
2019-03-16,45,Leave Me Alone,Flipp Dinero,25,20,37,False
2019-03-16,46,Twerk,City Girls Featuring Cardi B,9,29,45,False
2019-03-16,47,Mo Bamba,Sheck Wes,28,6,43,False
2019-03-16,48,Swervin,A Boogie wit da Hoodie Featuring 6ix9ine,11,38,44,False
2019-03-16,49,Talk,Khalid,4,44,55,False
2019-03-16,50,Mixed Personalities,YNW Melly Featuring Kanye West,7,50,56,False
2019-03-16,51,Pure Water,Mustard & Migos,6,51,52,False
2019-03-16,52,Look What God Gave Her,Thomas Rhett,1,52,0,True
2019-03-16,53,This Is It,Scotty McCreery,13,42,51,False
2019-03-16,54,Take It From Me,Jordan Davis,10,46,46,False
2019-03-16,55,Millionaire,Chris Stapleton,13,55,57,False
2019-03-16,56,Hear Me Calling,Juice WRLD,1,56,0,True
2019-03-16,57,Con Calma,Daddy Yankee & Katy Perry Featuring Snow,5,57,59,False
2019-03-16,58,Undecided,Chris Brown,9,35,63,False
2019-03-16,59,Close Friends,Lil Baby,19,28,53,False
2019-03-16,60,Who Do You Love,The Chainsmokers Featuring 5 Seconds of Summer,4,56,66,False
2019-03-16,61,Girl Like You,Jason Aldean,15,46,58,False
2019-03-16,62,Here Tonight,Brett Young,9,62,71,False
2019-03-16,63,Burn Out,Midland,9,63,69,False
2019-03-16,64,Always Remember Us This Way,Lady Gaga,8,41,47,False
2019-03-16,65,Worth It,YK Osiris,3,65,73,False
2019-03-16,66,What Makes You Country,Luke Bryan,10,54,61,False
2019-03-16,67,Ella Quiere Beber,Anuel AA & Romeo Santos,18,61,76,False
2019-03-16,68,Shot Clock,Ella Mai,6,68,81,False
2019-03-16,69,Down To The Honkytonk,Jake Owen,10,69,80,False
2019-03-16,70,Eyes On You,Chase Rice,3,70,88,False
2019-03-16,71,There Was This Girl,Riley Green,2,71,0,False
2019-03-16,72,Bad Liar,Imagine Dragons,2,72,0,False
2019-03-16,73,Red Room,Offset,3,49,50,False
2019-03-16,74,Wish You Were Gay,Billie Eilish,1,74,0,True
2019-03-16,75,Whip,2 Chainz Featuring Travis Scott,1,75,0,True
2019-03-16,76,Make It Sweet,Old Dominion,10,76,99,False
2019-03-16,77,Act Up,City Girls,1,77,0,True
2019-03-16,78,Good As You,Kane Brown,2,78,95,False
2019-03-16,79,Nights Like This,Kehlani Featuring Ty Dolla $ign,8,67,67,False
2019-03-16,80,Calling My Spirit,Kodak Black,14,46,83,False
2019-03-16,81,Miss Me More,Kelsea Ballerini,5,81,82,False
2019-03-16,82,Armed And Dangerous,Juice WRLD,17,44,79,False
2019-03-16,83,Old Town Road,Lil Nas X Featuring Billy Ray Cyrus,1,83,0,True
2019-03-16,84,Secreto,Anuel AA & Karol G,5,68,92,False
2019-03-16,85,Whiskey Glasses,Morgan Wallen,1,85,0,True
2019-03-16,86,Night Shift,Jon Pardi,3,86,0,False
2019-03-16,87,Faucet Failure,Ski Mask The Slump God,2,87,100,False
2019-03-16,88,Walk Me Home,P!nk,2,54,54,False
2019-03-16,89,One That Got Away,Michael Ray,2,89,0,False
2019-03-16,90,Put A Date On It,Yo Gotti Featuring Lil Baby,6,59,96,False
2019-03-16,91,Lovely,Billie Eilish & Khalid,18,64,0,False
2019-03-16,92,Needy,Ariana Grande,4,14,60,False
2019-03-16,93,I Can't Get Enough,"Benny Blanco, Tainy, Selena Gomez & J Balvin",1,93,0,True
2019-03-16,94,Rule The World,2 Chainz Featuring Ariana Grande,1,94,0,True
2019-03-16,95,When The Party's Over,Billie Eilish,19,52,0,False
2019-03-16,96,Love Someone,Lukas Graham,10,70,89,False
2019-03-16,97,Talk You Out Of It,Florida Georgia Line,3,80,98,False
2019-03-16,98,Love Wins,Carrie Underwood,8,83,0,False
2019-03-16,99,On My Way To You,Cody Johnson,5,91,0,False
2019-03-16,100,Momma I Hit A Lick,2 Chainz Featuring Kendrick Lamar,1,100,0,True
2019-03-23,1,7 Rings,Ariana Grande,8,1,2,False
2019-03-23,2,Sunflower (Spider-Man: Into The Spider-Verse),Post Malone & Swae Lee,21,1,4,False
2019-03-23,3,Without Me,Halsey,23,1,5,False
2019-03-23,4,Please Me,Cardi B & Bruno Mars,4,3,3,False
2019-03-23,5,Wow.,Post Malone,12,5,7,False
2019-03-23,6,Sucker,Jonas Brothers,2,1,1,False
2019-03-23,7,Happier,Marshmello & Bastille,30,2,8,False
2019-03-23,8,Middle Child,J. Cole,8,4,9,False
2019-03-23,9,Shallow,Lady Gaga & Bradley Cooper,24,1,6,False
2019-03-23,10,Sicko Mode,Travis Scott,32,1,10,False
2019-03-23,11,Thotiana,Blueface,9,9,13,False
2019-03-23,12,High Hopes,Panic! At The Disco,32,4,12,False
2019-03-23,13,Eastside,"Benny Blanco, Halsey & Khalid",35,9,14,False
2019-03-23,14,Going Bad,Meek Mill Featuring Drake,15,6,16,False
2019-03-23,15,"Break Up With Your Girlfriend, I'm Bored",Ariana Grande,5,2,15,False
2019-03-23,16,"Thank U, Next",Ariana Grande,19,1,11,False
2019-03-23,17,Murder On My Mind,YNW Melly,8,14,17,False
2019-03-23,18,Dancing With A Stranger,Sam Smith & Normani,9,18,20,False
2019-03-23,19,Better,Khalid,26,18,21,False
2019-03-23,20,Girls Like You,Maroon 5 Featuring Cardi B,42,1,19,False
2019-03-23,21,A Lot,21 Savage,12,12,18,False
2019-03-23,22,Sweet But Psycho,Ava Max,13,22,24,False
2019-03-23,23,Money,Cardi B,21,13,23,False
2019-03-23,24,Drip Too Hard,Lil Baby & Gunna,26,4,22,False
2019-03-23,25,Be Alright,Dean Lewis,20,25,26,False
2019-03-23,26,Beautiful Crazy,Luke Combs,18,23,25,False
2019-03-23,27,Robbery,Juice WRLD,4,27,34,False
2019-03-23,28,MIA,Bad Bunny Featuring Drake,22,5,27,False
2019-03-23,29,ZEZE,Kodak Black Featuring Travis Scott & Offset,22,2,28,False
2019-03-23,30,Better Now,Post Malone,46,3,29,False
2019-03-23,31,Close To Me,Ellie Goulding X Diplo Featuring Swae Lee,17,28,31,False
2019-03-23,32,You Say,Lauren Daigle,35,30,32,False
2019-03-23,33,Youngblood,5 Seconds of Summer,41,7,30,False
2019-03-23,34,Tequila,Dan + Shay,45,21,33,False
2019-03-23,35,Baby Shark,Pinkfong,11,32,38,False
2019-03-23,36,Look Back At It,A Boogie wit da Hoodie,14,32,35,False
2019-03-23,37,Lucid Dreams,Juice WRLD,44,2,36,False
2019-03-23,38,Hear Me Calling,Juice WRLD,2,38,56,False
2019-03-23,39,Taki Taki,"DJ Snake Featuring Selena Gomez, Ozuna & Cardi B",24,11,43,False
2019-03-23,40,Pure Water,Mustard & Migos,7,40,51,False
2019-03-23,41,Empty,Juice WRLD,1,41,0,True
2019-03-23,42,Talk,Khalid,5,42,49,False
2019-03-23,43,Envy Me,Calboy,13,40,40,False
2019-03-23,44,I Like It,"Cardi B, Bad Bunny & J Balvin",49,1,41,False
2019-03-23,45,Bury A Friend,Billie Eilish,7,14,42,False
2019-03-23,46,Mixed Personalities,YNW Melly Featuring Kanye West,8,46,50,False
2019-03-23,47,Fast,Juice WRLD,1,47,0,True
2019-03-23,48,Wake Up In The Sky,Gucci Mane X Bruno Mars X Kodak Black,26,11,44,False
2019-03-23,49,Swervin,A Boogie wit da Hoodie Featuring 6ix9ine,12,38,48,False
2019-03-23,50,Twerk,City Girls Featuring Cardi B,10,29,46,False
2019-03-23,51,Old Town Road,Lil Nas X Featuring Billy Ray Cyrus,2,51,83,False
2019-03-23,52,Girls Need Love,Summer Walker X Drake,3,37,37,False
2019-03-23,53,Millionaire,Chris Stapleton,14,53,55,False
2019-03-23,54,Con Calma,Daddy Yankee & Katy Perry Featuring Snow,6,54,57,False
2019-03-23,55,This Is It,Scotty McCreery,14,42,53,False
2019-03-23,56,Put A Date On It,Yo Gotti Featuring Lil Baby,7,56,90,False
2019-03-23,57,I,Lil Skies,2,39,39,False
2019-03-23,58,Take It From Me,Jordan Davis,11,46,54,False
2019-03-23,59,Wish You Were Gay,Billie Eilish,2,59,74,False
2019-03-23,60,Here Tonight,Brett Young,10,60,62,False
2019-03-23,61,GIRL,Maren Morris,2,61,0,False
2019-03-23,62,Worth It,YK Osiris,4,62,65,False
2019-03-23,63,Act Up,City Girls,2,63,77,False
2019-03-23,64,Who Do You Love,The Chainsmokers Featuring 5 Seconds of Summer,5,56,60,False
2019-03-23,65,Maze,Juice WRLD,1,65,0,True
2019-03-23,66,Close Friends,Lil Baby,20,28,59,False
2019-03-23,67,Undecided,Chris Brown,10,35,58,False
2019-03-23,68,Girl Like You,Jason Aldean,16,46,61,False
2019-03-23,69,Eyes On You,Chase Rice,4,69,70,False
2019-03-23,70,Bad Liar,Imagine Dragons,3,70,72,False
2019-03-23,71,Shot Clock,Ella Mai,7,68,68,False
2019-03-23,72,Pure Cocaine,Lil Baby,12,46,0,False
2019-03-23,73,Good As You,Kane Brown,3,73,78,False
2019-03-23,74,There Was This Girl,Riley Green,3,71,71,False
2019-03-23,75,Here With Me,Marshmello Featuring Chvrches,1,75,0,True
2019-03-23,76,Down To The Honkytonk,Jake Owen,11,69,69,False
2019-03-23,77,My Bad,Khalid,1,77,0,True
2019-03-23,78,Saturday Nights,Khalid & Kane Brown,6,57,0,False
2019-03-23,79,Make It Sweet,Old Dominion,11,76,76,False
2019-03-23,80,Whiskey Glasses,Morgan Wallen,2,80,85,False
2019-03-23,81,Ella Quiere Beber,Anuel AA & Romeo Santos,19,61,67,False
2019-03-23,82,Look What God Gave Her,Thomas Rhett,2,52,52,False
2019-03-23,83,Miss Me More,Kelsea Ballerini,6,81,81,False
2019-03-23,84,One That Got Away,Michael Ray,3,84,89,False
2019-03-23,85,Undrunk,Fletcher,1,85,0,True
2019-03-23,86,Night Shift,Jon Pardi,4,86,86,False
2019-03-23,87,Calling My Spirit,Kodak Black,15,46,80,False
2019-03-23,88,Rumor,Lee Brice,1,88,0,True
2019-03-23,89,Secreto,Anuel AA & Karol G,6,68,84,False
2019-03-23,90,What Makes You Country,Luke Bryan,11,54,66,False
2019-03-23,91,Flaws And Sins,Juice WRLD,1,91,0,True
2019-03-23,92,Calma,Pedro Capo X Farruko,1,92,0,True
2019-03-23,93,Lovely,Billie Eilish & Khalid,19,64,91,False
2019-03-23,94,When The Party's Over,Billie Eilish,20,52,95,False
2019-03-23,95,Nights Like This,Kehlani Featuring Ty Dolla $ign,9,67,79,False
2019-03-23,96,I've Been Waiting,Lil Peep & iLoveMakonnen Featuring Fall Out Boy,1,96,0,True
2019-03-23,97,I Can't Get Enough,"Benny Blanco, Tainy, Selena Gomez & J Balvin",2,93,93,False
2019-03-23,98,Talk You Out Of It,Florida Georgia Line,4,80,97,False
2019-03-23,99,Faucet Failure,Ski Mask The Slump God,3,87,87,False
2019-03-23,100,Always Remember Us This Way,Lady Gaga,9,41,64,False
2019-03-30,1,7 Rings,Ariana Grande,9,1,1,False
2019-03-30,2,Without Me,Halsey,24,1,3,False
2019-03-30,3,Sunflower (Spider-Man: Into The Spider-Verse),Post Malone & Swae Lee,22,1,2,False
2019-03-30,4,Wow.,Post Malone,13,4,5,False
2019-03-30,5,Please Me,Cardi B & Bruno Mars,5,3,4,False
2019-03-30,6,Happier,Marshmello & Bastille,31,2,7,False
2019-03-30,7,Shallow,Lady Gaga & Bradley Cooper,25,1,9,False
2019-03-30,8,Sucker,Jonas Brothers,3,1,6,False
2019-03-30,9,Middle Child,J. Cole,9,4,8,False
2019-03-30,10,Going Bad,Meek Mill Featuring Drake,16,6,14,False
2019-03-30,11,Thotiana,Blueface,10,9,11,False
2019-03-30,12,Eastside,"Benny Blanco, Halsey & Khalid",36,9,13,False
2019-03-30,13,Sicko Mode,Travis Scott,33,1,10,False
2019-03-30,14,High Hopes,Panic! At The Disco,33,4,12,False
2019-03-30,15,"Break Up With Your Girlfriend, I'm Bored",Ariana Grande,6,2,15,False
2019-03-30,16,Murder On My Mind,YNW Melly,9,14,17,False
2019-03-30,17,Dancing With A Stranger,Sam Smith & Normani,10,17,18,False
2019-03-30,18,Better,Khalid,27,18,19,False
2019-03-30,19,"Thank U, Next",Ariana Grande,20,1,16,False
2019-03-30,20,Sweet But Psycho,Ava Max,14,20,22,False
2019-03-30,21,A Lot,21 Savage,13,12,21,False
2019-03-30,22,Girls Like You,Maroon 5 Featuring Cardi B,43,1,20,False
2019-03-30,23,Be Alright,Dean Lewis,21,23,25,False
2019-03-30,24,Drip Too Hard,Lil Baby & Gunna,27,4,24,False
2019-03-30,25,Beautiful Crazy,Luke Combs,19,23,26,False
2019-03-30,26,Money,Cardi B,22,13,23,False
2019-03-30,27,Better Now,Post Malone,47,3,30,False
2019-03-30,28,Close To Me,Ellie Goulding X Diplo Featuring Swae Lee,18,28,31,False
2019-03-30,29,You Say,Lauren Daigle,36,29,32,False
2019-03-30,30,MIA,Bad Bunny Featuring Drake,23,5,28,False
2019-03-30,31,ZEZE,Kodak Black Featuring Travis Scott & Offset,23,2,29,False
2019-03-30,32,Old Town Road,Lil Nas X Featuring Billy Ray Cyrus,3,32,51,False
2019-03-30,33,Youngblood,5 Seconds of Summer,42,7,33,False
2019-03-30,34,Pure Water,Mustard & Migos,8,34,40,False
2019-03-30,35,Robbery,Juice WRLD,5,27,27,False
2019-03-30,36,Look Back At It,A Boogie wit da Hoodie,15,32,36,False
2019-03-30,37,Baby Shark,Pinkfong,12,32,35,False
2019-03-30,38,Tequila,Dan + Shay,46,21,34,False
2019-03-30,39,Envy Me,Calboy,14,39,43,False
2019-03-30,40,Lucid Dreams,Juice WRLD,45,2,37,False
2019-03-30,41,Talk,Khalid,6,41,42,False
2019-03-30,42,Taki Taki,"DJ Snake Featuring Selena Gomez, Ozuna & Cardi B",25,11,39,False
2019-03-30,43,Mixed Personalities,YNW Melly Featuring Kanye West,9,43,46,False
2019-03-30,44,I Like It,"Cardi B, Bad Bunny & J Balvin",50,1,44,False
2019-03-30,45,Swervin,A Boogie wit da Hoodie Featuring 6ix9ine,13,38,49,False
2019-03-30,46,Bury A Friend,Billie Eilish,8,14,45,False
2019-03-30,47,Millionaire,Chris Stapleton,15,47,53,False
2019-03-30,48,Con Calma,Daddy Yankee & Katy Perry Featuring Snow,7,48,54,False
2019-03-30,49,Put A Date On It,Yo Gotti Featuring Lil Baby,8,49,56,False
2019-03-30,50,Act Up,City Girls,3,50,63,False
2019-03-30,51,Twerk,City Girls Featuring Cardi B,11,29,50,False
2019-03-30,52,Girls Need Love,Summer Walker X Drake,4,37,52,False
2019-03-30,53,Here Tonight,Brett Young,11,53,60,False
2019-03-30,54,Who Do You Love,The Chainsmokers Featuring 5 Seconds of Summer,6,54,64,False
2019-03-30,55,Numb Numb Juice,ScHoolboy Q,1,55,0,True
2019-03-30,56,Worth It,YK Osiris,5,56,62,False
2019-03-30,57,Pure Cocaine,Lil Baby,13,46,72,False
2019-03-30,58,Close Friends,Lil Baby,21,28,66,False
2019-03-30,59,Bad Liar,Imagine Dragons,4,59,70,False
2019-03-30,60,Hear Me Calling,Juice WRLD,3,38,38,False
2019-03-30,61,Eyes On You,Chase Rice,5,61,69,False
2019-03-30,62,Sally Walker,Iggy Azalea,1,62,0,True
2019-03-30,63,Take It From Me,Jordan Davis,12,46,58,False
2019-03-30,64,This Is It,Scotty McCreery,15,42,55,False
2019-03-30,65,Shot Clock,Ella Mai,8,65,71,False
2019-03-30,66,I Can't Get Enough,"Benny Blanco, Tainy, Selena Gomez & J Balvin",3,66,97,False
2019-03-30,67,Empty,Juice WRLD,2,41,41,False
2019-03-30,68,Undrunk,Fletcher,2,68,85,False
2019-03-30,69,Good As You,Kane Brown,4,69,73,False
2019-03-30,70,Saturday Nights,Khalid & Kane Brown,7,57,78,False
2019-03-30,71,I,Lil Skies,3,39,57,False
2019-03-30,72,There Was This Girl,Riley Green,4,71,74,False
2019-03-30,73,Undecided,Chris Brown,11,35,67,False
2019-03-30,74,Girl Like You,Jason Aldean,17,46,68,False
2019-03-30,75,Whiskey Glasses,Morgan Wallen,3,75,80,False
2019-03-30,76,Make It Sweet,Old Dominion,12,76,79,False
2019-03-30,77,Miss Me More,Kelsea Ballerini,7,77,83,False
2019-03-30,78,One That Got Away,Michael Ray,4,78,84,False
2019-03-30,79,Here With Me,Marshmello Featuring Chvrches,2,75,75,False
2019-03-30,80,Look What God Gave Her,Thomas Rhett,3,52,82,False
2019-03-30,81,Down To The Honkytonk,Jake Owen,12,69,76,False
2019-03-30,82,GIRL,Maren Morris,3,61,61,False
2019-03-30,83,Ella Quiere Beber,Anuel AA & Romeo Santos,20,61,81,False
2019-03-30,84,I've Been Waiting,Lil Peep & iLoveMakonnen Featuring Fall Out Boy,2,84,96,False
2019-03-30,85,Night Shift,Jon Pardi,5,85,86,False
2019-03-30,86,Fast,Juice WRLD,2,47,47,False
2019-03-30,87,Wish You Were Gay,Billie Eilish,3,59,59,False
2019-03-30,88,Rumor,Lee Brice,2,88,88,False
2019-03-30,89,Walk Me Home,P!nk,3,54,0,False
2019-03-30,90,Faucet Failure,Ski Mask The Slump God,4,87,99,False
2019-03-30,91,Calma,Pedro Capo X Farruko,2,91,92,False
2019-03-30,92,Calling My Spirit,Kodak Black,16,46,87,False
2019-03-30,93,Talk You Out Of It,Florida Georgia Line,5,80,98,False
2019-03-30,94,Secreto,Anuel AA & Karol G,7,68,89,False
2019-03-30,95,On My Way To You,Cody Johnson,6,91,0,False
2019-03-30,96,Slow Dancing In The Dark,Joji,1,96,0,True
2019-03-30,97,Let Me Down Slowly,Alec Benjamin + Alessia Cara,6,79,0,False
2019-03-30,98,Lovely,Billie Eilish & Khalid,20,64,93,False
2019-03-30,99,My Bad,Khalid,2,77,77,False
2019-03-30,100,Love Wins,Carrie Underwood,9,83,0,False
2019-04-06,1,7 Rings,Ariana Grande,10,1,1,False
2019-04-06,2,Wow.,Post Malone,14,2,4,False
2019-04-06,3,Sunflower (Spider-Man: Into The Spider-Verse),Post Malone & Swae Lee,23,1,3,False
2019-04-06,4,Without Me,Halsey,25,1,2,False
2019-04-06,5,Please Me,Cardi B & Bruno Mars,6,3,5,False
2019-04-06,6,Happier,Marshmello & Bastille,32,2,6,False
2019-04-06,7,Middle Child,J. Cole,10,4,9,False
2019-04-06,8,Thotiana,Blueface,11,8,11,False
2019-04-06,9,Sucker,Jonas Brothers,4,1,8,False
2019-04-06,10,Shallow,Lady Gaga & Bradley Cooper,26,1,7,False
2019-04-06,11,Eastside,"Benny Blanco, Halsey & Khalid",37,9,12,False
2019-04-06,12,Going Bad,Meek Mill Featuring Drake,17,6,10,False
2019-04-06,13,High Hopes,Panic! At The Disco,34,4,14,False
2019-04-06,14,"Break Up With Your Girlfriend, I'm Bored",Ariana Grande,7,2,15,False
2019-04-06,15,Old Town Road,Lil Nas X Featuring Billy Ray Cyrus,4,15,32,False
2019-04-06,16,Better,Khalid,28,16,18,False
2019-04-06,17,Dancing With A Stranger,Sam Smith & Normani,11,17,17,False
2019-04-06,18,Sicko Mode,Travis Scott,34,1,13,False
2019-04-06,19,Murder On My Mind,YNW Melly,10,14,16,False
2019-04-06,20,Sweet But Psycho,Ava Max,15,20,20,False
2019-04-06,21,"Thank U, Next",Ariana Grande,21,1,19,False
2019-04-06,22,A Lot,21 Savage,14,12,21,False
2019-04-06,23,Girls Like You,Maroon 5 Featuring Cardi B,44,1,22,False
2019-04-06,24,Be Alright,Dean Lewis,22,23,23,False
2019-04-06,25,Beautiful Crazy,Luke Combs,20,23,25,False
2019-04-06,26,Drip Too Hard,Lil Baby & Gunna,28,4,24,False
2019-04-06,27,Close To Me,Ellie Goulding X Diplo Featuring Swae Lee,19,27,28,False
2019-04-06,28,Money,Cardi B,23,13,26,False
2019-04-06,29,Better Now,Post Malone,48,3,27,False
2019-04-06,30,You Say,Lauren Daigle,37,29,29,False
2019-04-06,31,Pure Water,Mustard & Migos,9,31,34,False
2019-04-06,32,Youngblood,5 Seconds of Summer,43,7,33,False
2019-04-06,33,Baby Shark,Pinkfong,13,32,37,False
2019-04-06,34,MIA,Bad Bunny Featuring Drake,24,5,30,False
2019-04-06,35,Look Back At It,A Boogie wit da Hoodie,16,32,36,False
2019-04-06,36,Envy Me,Calboy,15,36,39,False
2019-04-06,37,Robbery,Juice WRLD,6,27,35,False
2019-04-06,38,ZEZE,Kodak Black Featuring Travis Scott & Offset,24,2,31,False
2019-04-06,39,Tequila,Dan + Shay,47,21,38,False
2019-04-06,40,Talk,Khalid,7,40,41,False
2019-04-06,41,Bury A Friend,Billie Eilish,9,14,46,False
2019-04-06,42,Mixed Personalities,YNW Melly Featuring Kanye West,10,42,43,False
2019-04-06,43,Act Up,City Girls,4,43,50,False
2019-04-06,44,Swervin,A Boogie wit da Hoodie Featuring 6ix9ine,14,38,45,False
2019-04-06,45,I Like It,"Cardi B, Bad Bunny & J Balvin",51,1,44,False
2019-04-06,46,Put A Date On It,Yo Gotti Featuring Lil Baby,9,46,49,False
2019-04-06,47,Lucid Dreams,Juice WRLD,46,2,40,False
2019-04-06,48,Taki Taki,"DJ Snake Featuring Selena Gomez, Ozuna & Cardi B",26,11,42,False
2019-04-06,49,Con Calma,Daddy Yankee & Katy Perry Featuring Snow,8,48,48,False
2019-04-06,50,Twerk,City Girls Featuring Cardi B,12,29,51,False
2019-04-06,51,Here Tonight,Brett Young,12,51,53,False
2019-04-06,52,Who Do You Love,The Chainsmokers Featuring 5 Seconds of Summer,7,52,54,False
2019-04-06,53,Here With Me,Marshmello Featuring Chvrches,3,53,79,False
2019-04-06,54,Eyes On You,Chase Rice,6,54,61,False
2019-04-06,55,Worth It,YK Osiris,6,55,56,False
2019-04-06,56,Bad Liar,Imagine Dragons,5,56,59,False
2019-04-06,57,Close Friends,Lil Baby,22,28,58,False
2019-04-06,58,Girls Need Love,Summer Walker X Drake,5,37,52,False
2019-04-06,59,Good As You,Kane Brown,5,59,69,False
2019-04-06,60,Miss Me More,Kelsea Ballerini,8,60,77,False
2019-04-06,61,Undrunk,Fletcher,3,61,68,False
2019-04-06,62,Shot Clock,Ella Mai,9,62,65,False
2019-04-06,63,Walk Me Home,P!nk,4,54,89,False
2019-04-06,64,Millionaire,Chris Stapleton,16,47,47,False
2019-04-06,65,Down To The Honkytonk,Jake Owen,13,65,81,False
2019-04-06,66,Whiskey Glasses,Morgan Wallen,4,66,75,False
2019-04-06,67,One That Got Away,Michael Ray,5,67,78,False
2019-04-06,68,This Is It,Scotty McCreery,16,42,64,False
2019-04-06,69,Look What God Gave Her,Thomas Rhett,4,52,80,False
2019-04-06,70,Pure Cocaine,Lil Baby,14,46,57,False
2019-04-06,71,There Was This Girl,Riley Green,5,71,72,False
2019-04-06,72,Price On My Head,Nav Featuring The Weeknd,1,72,0,True
2019-04-06,73,Saturday Nights,Khalid & Kane Brown,8,57,70,False
2019-04-06,74,Make It Sweet,Old Dominion,13,74,76,False
2019-04-06,75,I've Been Waiting,Lil Peep & iLoveMakonnen Featuring Fall Out Boy,3,75,84,False
2019-04-06,76,Girl Like You,Jason Aldean,18,46,74,False
2019-04-06,77,GIRL,Maren Morris,4,61,82,False
2019-04-06,78,Confessions Of A Dangerous Mind,Logic,1,78,0,True
2019-04-06,79,Take It From Me,Jordan Davis,13,46,63,False
2019-04-06,80,Splashin,Rich The Kid,5,80,0,False
2019-04-06,81,Night Shift,Jon Pardi,6,81,85,False
2019-04-06,82,I,Lil Skies,4,39,71,False
2019-04-06,83,Rumor,Lee Brice,3,83,88,False
2019-04-06,84,Wish You Were Gay,Billie Eilish,4,59,87,False
2019-04-06,85,I Can't Get Enough,"Benny Blanco, Tainy, Selena Gomez & J Balvin",4,66,66,False
2019-04-06,86,Hear Me Calling,Juice WRLD,4,38,60,False
2019-04-06,87,Faucet Failure,Ski Mask The Slump God,5,87,90,False
2019-04-06,88,Talk You Out Of It,Florida Georgia Line,6,80,93,False
2019-04-06,89,Tap,Nav Featuring Meek Mill,1,89,0,True
2019-04-06,90,Calma,Pedro Capo X Farruko,3,90,91,False
2019-04-06,91,Undecided,Chris Brown,12,35,73,False
2019-04-06,92,On My Way To You,Cody Johnson,7,91,95,False
2019-04-06,93,Secreto,Anuel AA & Karol G,8,68,94,False
2019-04-06,94,Calling My Spirit,Kodak Black,17,46,92,False
2019-04-06,95,Pop Out,Polo G Featuring Lil Tjay,1,95,0,True
2019-04-06,96,Lovely,Billie Eilish & Khalid,21,64,98,False
2019-04-06,97,Don't Call Me Up,Mabel,1,97,0,True
2019-04-06,98,Last Hurrah,Bebe Rexha,1,98,0,True
2019-04-06,99,Empty,Juice WRLD,3,41,67,False
2019-04-06,100,Love Wins,Carrie Underwood,10,83,100,False
2019-04-13,1,Old Town Road,Lil Nas X Featuring Billy Ray Cyrus,5,1,15,False
2019-04-13,2,Sunflower (Spider-Man: Into The Spider-Verse),Post Malone & Swae Lee,24,1,3,False
2019-04-13,3,7 Rings,Ariana Grande,11,1,1,False
2019-04-13,4,Wow.,Post Malone,15,2,2,False
2019-04-13,5,Without Me,Halsey,26,1,4,False
2019-04-13,6,Please Me,Cardi B & Bruno Mars,7,3,5,False
2019-04-13,7,Bad Guy,Billie Eilish,1,7,0,True
2019-04-13,8,Sucker,Jonas Brothers,5,1,9,False
2019-04-13,9,Happier,Marshmello & Bastille,33,2,6,False
2019-04-13,10,Middle Child,J. Cole,11,4,7,False
2019-04-13,11,Shallow,Lady Gaga & Bradley Cooper,27,1,10,False
2019-04-13,12,Eastside,"Benny Blanco, Halsey & Khalid",38,9,11,False
2019-04-13,13,Thotiana,Blueface,12,8,8,False
2019-04-13,14,Going Bad,Meek Mill Featuring Drake,18,6,12,False
2019-04-13,15,Dancing With A Stranger,Sam Smith & Normani,12,15,17,False
2019-04-13,16,Better,Khalid,29,16,16,False
2019-04-13,17,High Hopes,Panic! At The Disco,35,4,13,False
2019-04-13,18,"Break Up With Your Girlfriend, I'm Bored",Ariana Grande,8,2,14,False
2019-04-13,19,Sweet But Psycho,Ava Max,16,19,20,False
2019-04-13,20,Sicko Mode,Travis Scott,35,1,18,False
2019-04-13,21,Murder On My Mind,YNW Melly,11,14,19,False
2019-04-13,22,A Lot,21 Savage,15,12,22,False
2019-04-13,23,Girls Like You,Maroon 5 Featuring Cardi B,45,1,23,False
2019-04-13,24,"Thank U, Next",Ariana Grande,22,1,21,False
2019-04-13,25,Bury A Friend,Billie Eilish,10,14,41,False
2019-04-13,26,Beautiful Crazy,Luke Combs,21,23,25,False
2019-04-13,27,Close To Me,Ellie Goulding X Diplo Featuring Swae Lee,20,27,27,False
2019-04-13,28,Be Alright,Dean Lewis,23,23,24,False
2019-04-13,29,When The Party's Over,Billie Eilish,21,29,0,False
2019-04-13,30,Drip Too Hard,Lil Baby & Gunna,29,4,26,False
2019-04-13,31,Wish You Were Gay,Billie Eilish,5,31,84,False
2019-04-13,32,You Say,Lauren Daigle,38,29,30,False
2019-04-13,33,Pure Water,Mustard & Migos,10,31,31,False
2019-04-13,34,Better Now,Post Malone,49,3,29,False
2019-04-13,35,Xanny,Billie Eilish,1,35,0,True
2019-04-13,36,Money,Cardi B,24,13,28,False
2019-04-13,37,Look Back At It,A Boogie wit da Hoodie,17,32,35,False
2019-04-13,38,Envy Me,Calboy,16,36,36,False
2019-04-13,39,Talk,Khalid,8,39,40,False
2019-04-13,40,Youngblood,5 Seconds of Summer,44,7,32,False
2019-04-13,41,You Should See Me In A Crown,Billie Eilish,2,41,0,False
2019-04-13,42,Baby Shark,Pinkfong,14,32,33,False
2019-04-13,43,My Strange Addiction,Billie Eilish,1,43,0,True
2019-04-13,44,Racks In The Middle,Nipsey Hussle Featuring Roddy Ricch & Hit-Boy,1,44,0,True
2019-04-13,45,MIA,Bad Bunny Featuring Drake,25,5,34,False
2019-04-13,46,All The Good Girls Go To Hell,Billie Eilish,1,46,0,True
2019-04-13,47,Act Up,City Girls,5,43,43,False
2019-04-13,48,Robbery,Juice WRLD,7,27,37,False
2019-04-13,49,ZEZE,Kodak Black Featuring Travis Scott & Offset,25,2,38,False
2019-04-13,50,Tequila,Dan + Shay,48,21,39,False
2019-04-13,51,Here Tonight,Brett Young,13,51,51,False
2019-04-13,52,Swervin,A Boogie wit da Hoodie Featuring 6ix9ine,15,38,44,False
2019-04-13,53,I Love You,Billie Eilish,1,53,0,True
2019-04-13,54,Mixed Personalities,YNW Melly Featuring Kanye West,11,42,42,False
2019-04-13,55,Here With Me,Marshmello Featuring Chvrches,4,53,53,False
2019-04-13,56,Who Do You Love,The Chainsmokers Featuring 5 Seconds of Summer,8,52,52,False
2019-04-13,57,Put A Date On It,Yo Gotti Featuring Lil Baby,10,46,46,False
2019-04-13,58,Con Calma,Daddy Yankee & Katy Perry Featuring Snow,9,48,49,False
2019-04-13,59,God's Country,Blake Shelton,1,59,0,True
2019-04-13,60,Worth It,YK Osiris,7,55,55,False
2019-04-13,61,Eyes On You,Chase Rice,7,54,54,False
2019-04-13,62,Ilomilo,Billie Eilish,1,62,0,True
2019-04-13,63,Listen Before I Go,Billie Eilish,1,63,0,True
2019-04-13,64,Close Friends,Lil Baby,23,28,57,False
2019-04-13,65,Double Up,Nipsey Hussle Featuring Belly & Dom Kennedy,1,65,0,True
2019-04-13,66,Bad Liar,Imagine Dragons,6,56,56,False
2019-04-13,67,Whiskey Glasses,Morgan Wallen,5,66,66,False
2019-04-13,68,Good As You,Kane Brown,6,59,59,False
2019-04-13,69,One That Got Away,Michael Ray,6,67,67,False
2019-04-13,70,Monopoly,Ariana Grande & Victoria Monet,1,70,0,True
2019-04-13,71,Miss Me More,Kelsea Ballerini,9,60,60,False
2019-04-13,72,Shot Clock,Ella Mai,10,62,62,False
2019-04-13,73,Make It Sweet,Old Dominion,14,73,74,False
2019-04-13,74,Look What God Gave Her,Thomas Rhett,5,52,69,False
2019-04-13,75,There Was This Girl,Riley Green,6,71,71,False
2019-04-13,76,Girls Need Love,Summer Walker X Drake,6,37,58,False
2019-04-13,77,Undrunk,Fletcher,4,61,61,False
2019-04-13,78,I've Been Waiting,Lil Peep & iLoveMakonnen Featuring Fall Out Boy,4,75,75,False
2019-04-13,79,8,Billie Eilish,1,79,0,True
2019-04-13,80,Walk Me Home,P!nk,5,54,63,False
2019-04-13,81,Saturday Nights,Khalid & Kane Brown,9,57,73,False
2019-04-13,82,Last Time That I Checc'd,Nipsey Hussle Featuring YG,1,82,0,True
2019-04-13,83,Twerk,City Girls Featuring Cardi B,13,29,50,False
2019-04-13,84,GIRL,Maren Morris,5,61,77,False
2019-04-13,85,Lovely,Billie Eilish & Khalid,22,64,96,False
2019-04-13,86,Calma,Pedro Capo X Farruko,4,86,90,False
2019-04-13,87,Suge,DaBaby,1,87,0,True
2019-04-13,88,Night Shift,Jon Pardi,7,81,81,False
2019-04-13,89,This Is It,Scotty McCreery,17,42,68,False
2019-04-13,90,Rumor,Lee Brice,4,83,83,False
2019-04-13,91,I Can't Get Enough,"Benny Blanco, Tainy, Selena Gomez & J Balvin",5,66,85,False
2019-04-13,92,Don't Call Me Up,Mabel,2,92,97,False
2019-04-13,93,Dedication,Nipsey Hussle Featuring Kendrick Lamar,1,93,0,True
2019-04-13,94,Ocean Eyes,Billie Eilish,7,94,0,False
2019-04-13,95,Millionaire,Chris Stapleton,17,47,64,False
2019-04-13,96,Talk You Out Of It,Florida Georgia Line,7,80,88,False
2019-04-13,97,Faucet Failure,Ski Mask The Slump God,6,87,87,False
2019-04-13,98,Girl Like You,Jason Aldean,19,46,76,False
2019-04-13,99,Pure Cocaine,Lil Baby,15,46,70,False
2019-04-13,100,Pop Out,Polo G Featuring Lil Tjay,2,95,95,False
2019-04-20,1,Old Town Road,Lil Nas X Featuring Billy Ray Cyrus,6,1,1,False
2019-04-20,2,Sunflower (Spider-Man: Into The Spider-Verse),Post Malone & Swae Lee,25,1,2,False
2019-04-20,3,Wow.,Post Malone,16,2,4,False
2019-04-20,4,7 Rings,Ariana Grande,12,1,3,False
2019-04-20,5,Without Me,Halsey,27,1,5,False
2019-04-20,6,Sucker,Jonas Brothers,6,1,8,False
2019-04-20,7,Please Me,Cardi B & Bruno Mars,8,3,6,False
2019-04-20,8,Better,Khalid,30,8,16,False
2019-04-20,9,Middle Child,J. Cole,12,4,10,False
2019-04-20,10,Happier,Marshmello & Bastille,34,2,9,False
2019-04-20,11,Bad Guy,Billie Eilish,2,7,7,False
2019-04-20,12,Dancing With A Stranger,Sam Smith & Normani,13,12,15,False
2019-04-20,13,Shallow,Lady Gaga & Bradley Cooper,28,1,11,False
2019-04-20,14,Eastside,"Benny Blanco, Halsey & Khalid",39,9,12,False
2019-04-20,15,Going Bad,Meek Mill Featuring Drake,19,6,14,False
2019-04-20,16,Sweet But Psycho,Ava Max,17,16,19,False
2019-04-20,17,Thotiana,Blueface,13,8,13,False
2019-04-20,18,Talk,Khalid,9,18,39,False
2019-04-20,19,"Break Up With Your Girlfriend, I'm Bored",Ariana Grande,9,2,18,False
2019-04-20,20,High Hopes,Panic! At The Disco,36,4,17,False
2019-04-20,21,Beautiful Crazy,Luke Combs,22,21,26,False
2019-04-20,22,A Lot,21 Savage,16,12,22,False
2019-04-20,23,Girls Like You,Maroon 5 Featuring Cardi B,46,1,23,False
2019-04-20,24,Close To Me,Ellie Goulding X Diplo Featuring Swae Lee,21,24,27,False
2019-04-20,25,Sicko Mode,Travis Scott,36,1,20,False
2019-04-20,26,Racks In The Middle,Nipsey Hussle Featuring Roddy Ricch & Hit-Boy,2,26,44,False
2019-04-20,27,Cool,Jonas Brothers,1,27,0,True
2019-04-20,28,Murder On My Mind,YNW Melly,12,14,21,False
2019-04-20,29,Be Alright,Dean Lewis,24,23,28,False
2019-04-20,30,Bury A Friend,Billie Eilish,11,14,25,False
2019-04-20,31,"Thank U, Next",Ariana Grande,23,1,24,False
2019-04-20,32,Drip Too Hard,Lil Baby & Gunna,30,4,30,False
2019-04-20,33,Pure Water,Mustard & Migos,11,31,33,False
2019-04-20,34,Envy Me,Calboy,17,34,38,False
2019-04-20,35,You Say,Lauren Daigle,39,29,32,False
2019-04-20,36,Look Back At It,A Boogie wit da Hoodie,18,32,37,False
2019-04-20,37,Better Now,Post Malone,50,3,34,False
2019-04-20,38,Tequila,Dan + Shay,49,21,50,False
2019-04-20,39,When The Party's Over,Billie Eilish,22,29,29,False
2019-04-20,40,Act Up,City Girls,6,40,47,False
2019-04-20,41,Kill This Love,BLACKPINK,1,41,0,True
2019-04-20,42,Baby Shark,Pinkfong,15,32,42,False
2019-04-20,43,Youngblood,5 Seconds of Summer,45,7,40,False
2019-04-20,44,Money,Cardi B,25,13,36,False
2019-04-20,45,Here Tonight,Brett Young,14,45,51,False
2019-04-20,46,Here With Me,Marshmello Featuring Chvrches,5,46,55,False
2019-04-20,47,MIA,Bad Bunny Featuring Drake,26,5,45,False
2019-04-20,48,Look What God Gave Her,Thomas Rhett,6,48,74,False
2019-04-20,49,God's Country,Blake Shelton,2,49,59,False
2019-04-20,50,Swervin,A Boogie wit da Hoodie Featuring 6ix9ine,16,38,52,False
2019-04-20,51,Wish You Were Gay,Billie Eilish,6,31,31,False
2019-04-20,52,Eyes On You,Chase Rice,8,52,61,False
2019-04-20,53,Good As You,Kane Brown,7,53,68,False
2019-04-20,54,Who Do You Love,The Chainsmokers Featuring 5 Seconds of Summer,9,52,56,False
2019-04-20,55,My Bad,Khalid,3,55,0,False
2019-04-20,56,Mixed Personalities,YNW Melly Featuring Kanye West,12,42,54,False
2019-04-20,57,Saturday Nights,Khalid & Kane Brown,10,57,81,False
2019-04-20,58,Outta My Head,Khalid With John Mayer,1,58,0,True
2019-04-20,59,Robbery,Juice WRLD,8,27,48,False
2019-04-20,60,Make It Sweet,Old Dominion,15,60,73,False
2019-04-20,61,Worth It,YK Osiris,8,55,60,False
2019-04-20,62,Whiskey Glasses,Morgan Wallen,6,62,67,False
2019-04-20,63,Suge,DaBaby,2,63,87,False
2019-04-20,64,Con Calma,Daddy Yankee & Katy Perry Featuring Snow,10,48,58,False
2019-04-20,65,Close Friends,Lil Baby,24,28,64,False
2019-04-20,66,Miss Me More,Kelsea Ballerini,10,60,71,False
2019-04-20,67,I've Been Waiting,Lil Peep & iLoveMakonnen Featuring Fall Out Boy,5,67,78,False
2019-04-20,68,You Should See Me In A Crown,Billie Eilish,3,41,41,False
2019-04-20,69,Monopoly,Ariana Grande & Victoria Monet,2,69,70,False
2019-04-20,70,There Was This Girl,Riley Green,7,70,75,False
2019-04-20,71,My Strange Addiction,Billie Eilish,2,43,43,False
2019-04-20,72,Shot Clock,Ella Mai,11,62,72,False
2019-04-20,73,Walk Me Home,P!nk,6,54,80,False
2019-04-20,74,Bad Liar,Imagine Dragons,7,56,66,False
2019-04-20,75,Double Up,Nipsey Hussle Featuring Belly & Dom Kennedy,2,65,65,False
2019-04-20,76,Last Time That I Checc'd,Nipsey Hussle Featuring YG,2,76,82,False
2019-04-20,77,Undrunk,Fletcher,5,61,77,False
2019-04-20,78,Rumor,Lee Brice,5,78,90,False
2019-04-20,79,Night Shift,Jon Pardi,8,79,88,False
2019-04-20,80,Don't Call Me Up,Mabel,3,80,92,False
2019-04-20,81,Girls Need Love,Summer Walker X Drake,7,37,76,False
2019-04-20,82,GIRL,Maren Morris,6,61,84,False
2019-04-20,83,Put A Date On It,Yo Gotti Featuring Lil Baby,11,46,57,False
2019-04-20,84,Don't Pretend,Khalid x SAFE,1,84,0,True
2019-04-20,85,Calma,Pedro Capo X Farruko,5,85,86,False
2019-04-20,86,Xanny,Billie Eilish,2,35,35,False
2019-04-20,87,Bad Luck,Khalid,1,87,0,True
2019-04-20,88,One That Got Away,Michael Ray,7,67,69,False
2019-04-20,89,Pop Out,Polo G Featuring Lil Tjay,3,89,100,False
2019-04-20,90,This Is It,Scotty McCreery,18,42,89,False
2019-04-20,91,Faucet Failure,Ski Mask The Slump God,7,87,97,False
2019-04-20,92,All The Good Girls Go To Hell,Billie Eilish,2,46,46,False
2019-04-20,93,Right Back,Khalid Featuring A Boogie wit da Hoodie,1,93,0,True
2019-04-20,94,Talk You Out Of It,Florida Georgia Line,8,80,96,False
2019-04-20,95,Inmortal,Aventura,1,95,0,True
2019-04-20,96,Ocean Eyes,Billie Eilish,8,94,94,False
2019-04-20,97,Dedication,Nipsey Hussle Featuring Kendrick Lamar,2,93,93,False
2019-04-20,98,Let Me Down Slowly,Alec Benjamin + Alessia Cara,7,79,0,False
2019-04-20,99,Big Ole Freak,Megan Thee Stallion,1,99,0,True
2019-04-20,100,Victory Lap,Nipsey Hussle Featuring Stacy Barthe,1,100,0,True
2019-04-27,1,Old Town Road,Lil Nas X Featuring Billy Ray Cyrus,7,1,1,False
2019-04-27,2,Wow.,Post Malone,17,2,3,False
2019-04-27,3,Sunflower (Spider-Man: Into The Spider-Verse),Post Malone & Swae Lee,26,1,2,False
2019-04-27,4,7 Rings,Ariana Grande,13,1,4,False
2019-04-27,5,Without Me,Halsey,28,1,5,False
2019-04-27,6,Sucker,Jonas Brothers,7,1,6,False
2019-04-27,7,Dancing With A Stranger,Sam Smith & Normani,14,7,12,False
2019-04-27,8,Boy With Luv,BTS Featuring Halsey,1,8,0,True
2019-04-27,9,Bad Guy,Billie Eilish,3,7,11,False
2019-04-27,10,Please Me,Cardi B & Bruno Mars,9,3,7,False
2019-04-27,11,Middle Child,J. Cole,13,4,9,False
2019-04-27,12,Happier,Marshmello & Bastille,35,2,10,False
2019-04-27,13,Sweet But Psycho,Ava Max,18,13,16,False
2019-04-27,14,Thotiana,Blueface,14,8,17,False
2019-04-27,15,Going Bad,Meek Mill Featuring Drake,20,6,15,False
2019-04-27,16,Shallow,Lady Gaga & Bradley Cooper,29,1,13,False
2019-04-27,17,Better,Khalid,31,8,8,False
2019-04-27,18,"Break Up With Your Girlfriend, I'm Bored",Ariana Grande,10,2,19,False
2019-04-27,19,Eastside,"Benny Blanco, Halsey & Khalid",40,9,14,False
2019-04-27,20,Talk,Khalid,10,18,18,False
2019-04-27,21,High Hopes,Panic! At The Disco,37,4,20,False
2019-04-27,22,A Lot,21 Savage,17,12,22,False
2019-04-27,23,Girls Like You,Maroon 5 Featuring Cardi B,47,1,23,False
2019-04-27,24,Beautiful Crazy,Luke Combs,23,21,21,False
2019-04-27,25,Close To Me,Ellie Goulding X Diplo Featuring Swae Lee,22,24,24,False
2019-04-27,26,Sicko Mode,Travis Scott,37,1,25,False
2019-04-27,27,Racks In The Middle,Nipsey Hussle Featuring Roddy Ricch & Hit-Boy,3,26,26,False
2019-04-27,28,Sanguine Paradise,Lil Uzi Vert,1,28,0,True
2019-04-27,29,Murder On My Mind,YNW Melly,13,14,28,False
2019-04-27,30,Be Alright,Dean Lewis,25,23,29,False
2019-04-27,31,Bury A Friend,Billie Eilish,12,14,30,False
2019-04-27,32,Drip Too Hard,Lil Baby & Gunna,31,4,32,False
2019-04-27,33,Pure Water,Mustard & Migos,12,31,33,False
2019-04-27,34,"Thank U, Next",Ariana Grande,24,1,31,False
2019-04-27,35,Envy Me,Calboy,18,34,34,False
2019-04-27,36,Act Up,City Girls,7,36,40,False
2019-04-27,37,Look Back At It,A Boogie wit da Hoodie,19,32,36,False
2019-04-27,38,When The Party's Over,Billie Eilish,23,29,39,False
2019-04-27,39,Better Now,Post Malone,51,3,37,False
2019-04-27,40,You Say,Lauren Daigle,40,29,35,False
2019-04-27,41,Here With Me,Marshmello Featuring Chvrches,6,41,46,False
2019-04-27,42,Here Tonight,Brett Young,15,42,45,False
2019-04-27,43,Baby Shark,Pinkfong,16,32,42,False
2019-04-27,44,Eyes On You,Chase Rice,9,44,52,False
2019-04-27,45,MIA,Bad Bunny Featuring Drake,27,5,47,False
2019-04-27,46,God's Country,Blake Shelton,3,46,49,False
2019-04-27,47,Youngblood,5 Seconds of Summer,46,7,43,False
2019-04-27,48,Swervin,A Boogie wit da Hoodie Featuring 6ix9ine,17,38,50,False
2019-04-27,49,Tequila,Dan + Shay,50,21,38,False
2019-04-27,50,Money,Cardi B,26,13,44,False
2019-04-27,51,Suge,DaBaby,3,51,63,False
2019-04-27,52,Who Do You Love,The Chainsmokers Featuring 5 Seconds of Summer,10,52,54,False
2019-04-27,53,Look What God Gave Her,Thomas Rhett,7,48,48,False
2019-04-27,54,Good As You,Kane Brown,8,53,53,False
2019-04-27,55,Whiskey Glasses,Morgan Wallen,7,55,62,False
2019-04-27,56,Con Calma,Daddy Yankee & Katy Perry Featuring Snow,11,48,64,False
2019-04-27,57,Make It Sweet,Old Dominion,16,57,60,False
2019-04-27,58,Close Friends,Lil Baby,25,28,65,False
2019-04-27,59,Mixed Personalities,YNW Melly Featuring Kanye West,13,42,56,False
2019-04-27,60,Worth It,YK Osiris,9,55,61,False
2019-04-27,61,Robbery,Juice WRLD,9,27,59,False
2019-04-27,62,I've Been Waiting,Lil Peep & iLoveMakonnen Featuring Fall Out Boy,6,62,67,False
2019-04-27,63,Miss Me More,Kelsea Ballerini,11,60,66,False
2019-04-27,64,Wish You Were Gay,Billie Eilish,7,31,51,False
2019-04-27,65,You Should See Me In A Crown,Billie Eilish,4,41,68,False
2019-04-27,66,Blue On Black,"Five Finger Death Punch Featuring Kenny Wayne Shepherd, Brantley Gilbert & Brian May",1,66,0,True
2019-04-27,67,Don't Call Me Up,Mabel,4,67,80,False
2019-04-27,68,SOS,Avicii Featuring Aloe Blacc,1,68,0,True
2019-04-27,69,Rumor,Lee Brice,6,69,78,False
2019-04-27,70,Night Shift,Jon Pardi,9,70,79,False
2019-04-27,71,Walk Me Home,P!nk,7,54,73,False
2019-04-27,72,Clout,Offset Featuring Cardi B,2,64,0,False
2019-04-27,73,Kill This Love,BLACKPINK,2,41,41,False
2019-04-27,74,Pop Out,Polo G Featuring Lil Tjay,4,74,89,False
2019-04-27,75,Cool,Jonas Brothers,2,27,27,False
2019-04-27,76,That's A Rack,Lil Uzi Vert,1,76,0,True
2019-04-27,77,Girls Need Love,Summer Walker X Drake,8,37,81,False
2019-04-27,78,Shot Clock,Ella Mai,12,62,72,False
2019-04-27,79,GIRL,Maren Morris,7,61,82,False
2019-04-27,80,Bad Liar,Imagine Dragons,8,56,74,False
2019-04-27,81,Love Ain't,Eli Young Band,1,81,0,True
2019-04-27,82,Double Up,Nipsey Hussle Featuring Belly & Dom Kennedy,3,65,75,False
2019-04-27,83,Undrunk,Fletcher,6,61,77,False
2019-04-27,84,Big Ole Freak,Megan Thee Stallion,2,84,99,False
2019-04-27,85,Put A Date On It,Yo Gotti Featuring Lil Baby,12,46,83,False
2019-04-27,86,Saturday Nights,Khalid & Kane Brown,11,57,57,False
2019-04-27,87,One That Got Away,Michael Ray,8,67,88,False
2019-04-27,88,My Strange Addiction,Billie Eilish,3,43,71,False
2019-04-27,89,Faucet Failure,Ski Mask The Slump God,8,87,91,False
2019-04-27,90,Xanny,Billie Eilish,3,35,86,False
2019-04-27,91,Ocean Eyes,Billie Eilish,9,91,96,False
2019-04-27,92,Last Time That I Checc'd,Nipsey Hussle Featuring YG,3,76,76,False
2019-04-27,93,Talk You Out Of It,Florida Georgia Line,9,80,94,False
2019-04-27,94,I'm So Tired...,Lauv & Troye Sivan,2,86,0,False
2019-04-27,95,Make It Right,BTS Featuring Lauv,1,95,0,True
2019-04-27,96,"Hey Look Ma, I Made It",Panic! At The Disco,1,96,0,True
2019-04-27,97,This Is It,Scotty McCreery,19,42,90,False
2019-04-27,98,There Was This Girl,Riley Green,8,70,70,False
2019-04-27,99,Let Me Down Slowly,Alec Benjamin + Alessia Cara,8,79,98,False
2019-04-27,100,On My Way To You,Cody Johnson,8,91,0,False
2019-05-04,1,Old Town Road,Lil Nas X Featuring Billy Ray Cyrus,8,1,1,False
2019-05-04,2,Wow.,Post Malone,18,2,2,False
2019-05-04,3,Sunflower (Spider-Man: Into The Spider-Verse),Post Malone & Swae Lee,27,1,3,False
2019-05-04,4,7 Rings,Ariana Grande,14,1,4,False
2019-05-04,5,Sucker,Jonas Brothers,8,1,6,False
2019-05-04,6,Without Me,Halsey,29,1,5,False
2019-05-04,7,Dancing With A Stranger,Sam Smith & Normani,15,7,7,False
2019-05-04,8,Talk,Khalid,11,8,20,False
2019-05-04,9,Bad Guy,Billie Eilish,4,7,9,False
2019-05-04,10,Middle Child,J. Cole,14,4,11,False
2019-05-04,11,Sweet But Psycho,Ava Max,19,11,13,False
2019-05-04,12,Happier,Marshmello & Bastille,36,2,12,False
2019-05-04,13,Please Me,Cardi B & Bruno Mars,10,3,10,False
2019-05-04,14,"Break Up With Your Girlfriend, I'm Bored",Ariana Grande,11,2,18,False
2019-05-04,15,Shallow,Lady Gaga & Bradley Cooper,30,1,16,False
2019-05-04,16,Going Bad,Meek Mill Featuring Drake,21,6,15,False
2019-05-04,17,Earth,Lil Dicky,1,17,0,True
2019-05-04,18,Eastside,"Benny Blanco, Halsey & Khalid",41,9,19,False
2019-05-04,19,Better,Khalid,32,8,17,False
2019-05-04,20,High Hopes,Panic! At The Disco,38,4,21,False
2019-05-04,21,Thotiana,Blueface,15,8,14,False
2019-05-04,22,Girls Like You,Maroon 5 Featuring Cardi B,48,1,23,False
2019-05-04,23,Pure Water,Mustard & Migos,13,23,33,False
2019-05-04,24,A Lot,21 Savage,18,12,22,False
2019-05-04,25,Sicko Mode,Travis Scott,38,1,26,False
2019-05-04,26,Beautiful Crazy,Luke Combs,24,21,24,False
2019-05-04,27,Be Alright,Dean Lewis,26,23,30,False
2019-05-04,28,Look Back At It,A Boogie wit da Hoodie,20,28,37,False
2019-05-04,29,Close To Me,Ellie Goulding X Diplo Featuring Swae Lee,23,24,25,False
2019-05-04,30,Act Up,City Girls,8,30,36,False
2019-05-04,31,Envy Me,Calboy,19,31,35,False
2019-05-04,32,Sanguine Paradise,Lil Uzi Vert,2,28,28,False
2019-05-04,33,Drip Too Hard,Lil Baby & Gunna,32,4,32,False
2019-05-04,34,Con Calma,Daddy Yankee & Katy Perry Featuring Snow,12,34,56,False
2019-05-04,35,Murder On My Mind,YNW Melly,14,14,29,False
2019-05-04,36,Bury A Friend,Billie Eilish,13,14,31,False
2019-05-04,37,Here With Me,Marshmello Featuring Chvrches,7,37,41,False
2019-05-04,38,When The Party's Over,Billie Eilish,24,29,38,False
2019-05-04,39,Clout,Offset Featuring Cardi B,3,39,72,False
2019-05-04,40,Boy With Luv,BTS Featuring Halsey,2,8,8,False
2019-05-04,41,"Thank U, Next",Ariana Grande,25,1,34,False
2019-05-04,42,Better Now,Post Malone,52,3,39,False
2019-05-04,43,God's Country,Blake Shelton,4,43,46,False
2019-05-04,44,Eyes On You,Chase Rice,10,44,44,False
2019-05-04,45,You Say,Lauren Daigle,41,29,40,False
2019-05-04,46,Suge,DaBaby,4,46,51,False
2019-05-04,47,Baby Shark,Pinkfong,17,32,43,False
2019-05-04,48,Whiskey Glasses,Morgan Wallen,8,48,55,False
2019-05-04,49,Here Tonight,Brett Young,16,42,42,False
2019-05-04,50,Youngblood,5 Seconds of Summer,47,7,47,False
2019-05-04,51,Racks In The Middle,Nipsey Hussle Featuring Roddy Ricch & Hit-Boy,4,26,27,False
2019-05-04,52,Good As You,Kane Brown,9,52,54,False
2019-05-04,53,Look What God Gave Her,Thomas Rhett,8,48,53,False
2019-05-04,54,Swervin,A Boogie wit da Hoodie Featuring 6ix9ine,18,38,48,False
2019-05-04,55,Who Do You Love,The Chainsmokers Featuring 5 Seconds of Summer,11,52,52,False
2019-05-04,56,Make It Sweet,Old Dominion,17,56,57,False
2019-05-04,57,Close Friends,Lil Baby,26,28,58,False
2019-05-04,58,Worth It,YK Osiris,10,55,60,False
2019-05-04,59,Miss Me More,Kelsea Ballerini,12,59,63,False
2019-05-04,60,Pop Out,Polo G Featuring Lil Tjay,5,60,74,False
2019-05-04,61,Night Shift,Jon Pardi,10,61,70,False
2019-05-04,62,Walk Me Home,P!nk,8,54,71,False
2019-05-04,63,Mixed Personalities,YNW Melly Featuring Kanye West,14,42,59,False
2019-05-04,64,I've Been Waiting,Lil Peep & iLoveMakonnen Featuring Fall Out Boy,7,62,62,False
2019-05-04,65,You Should See Me In A Crown,Billie Eilish,5,41,65,False
2019-05-04,66,Robbery,Juice WRLD,10,27,61,False
2019-05-04,67,Rumor,Lee Brice,7,67,69,False
2019-05-04,68,Love Ain't,Eli Young Band,2,68,81,False
2019-05-04,69,Cool,Jonas Brothers,3,27,75,False
2019-05-04,70,Don't Call Me Up,Mabel,5,67,67,False
2019-05-04,71,Calma,Pedro Capo X Farruko,6,71,0,False
2019-05-04,72,Girls Need Love,Summer Walker X Drake,9,37,77,False
2019-05-04,73,Wish You Were Gay,Billie Eilish,8,31,64,False
2019-05-04,74,GIRL,Maren Morris,8,61,79,False
2019-05-04,75,Before I Let Go,Beyonce,1,75,0,True
2019-05-04,76,Big Ole Freak,Megan Thee Stallion,3,76,84,False
2019-05-04,77,Put A Date On It,Yo Gotti Featuring Lil Baby,13,46,85,False
2019-05-04,78,Talk You Out Of It,Florida Georgia Line,10,78,93,False
2019-05-04,79,Shot Clock,Ella Mai,13,62,78,False
2019-05-04,80,"Hey Look Ma, I Made It",Panic! At The Disco,2,80,96,False
2019-05-04,81,I'm So Tired...,Lauv & Troye Sivan,3,81,94,False
2019-05-04,82,That's A Rack,Lil Uzi Vert,2,76,76,False
2019-05-04,83,Secreto,Anuel AA & Karol G,9,68,0,False
2019-05-04,84,Ocean Eyes,Billie Eilish,10,84,91,False
2019-05-04,85,Bad Liar,Imagine Dragons,9,56,80,False
2019-05-04,86,Kill This Love,BLACKPINK,3,41,73,False
2019-05-04,87,SOS,Avicii Featuring Aloe Blacc,2,68,68,False
2019-05-04,88,Faucet Failure,Ski Mask The Slump God,9,87,89,False
2019-05-04,89,On My Way To You,Cody Johnson,9,89,100,False
2019-05-04,90,Slide,French Montana Featuring Blueface & Lil Tjay,1,90,0,True
2019-05-04,91,Saturday Nights,Khalid & Kane Brown,12,57,86,False
2019-05-04,92,Pure Cocaine,Lil Baby,16,46,0,False
2019-05-04,93,Love Someone,Brett Eldredge,1,93,0,True
2019-05-04,94,This Is It,Scotty McCreery,20,42,97,False
2019-05-04,95,My Strange Addiction,Billie Eilish,4,43,88,False
2019-05-04,96,Shotta Flow,NLE Choppa,1,96,0,True
2019-05-04,97,Let Me Down Slowly,Alec Benjamin + Alessia Cara,9,79,99,False
2019-05-04,98,Xanny,Billie Eilish,4,35,90,False
2019-05-04,99,One That Got Away,Michael Ray,9,67,87,False
2019-05-04,100,ME!,Taylor Swift Featuring Brendon Urie,1,100,0,True
2019-05-11,1,Old Town Road,Lil Nas X Featuring Billy Ray Cyrus,9,1,1,False
2019-05-11,2,ME!,Taylor Swift Featuring Brendon Urie,2,2,100,False
2019-05-11,3,Wow.,Post Malone,19,2,2,False
2019-05-11,4,Sucker,Jonas Brothers,9,1,5,False
2019-05-11,5,Sunflower (Spider-Man: Into The Spider-Verse),Post Malone & Swae Lee,28,1,3,False
2019-05-11,6,7 Rings,Ariana Grande,15,1,4,False
2019-05-11,7,Without Me,Halsey,30,1,6,False
2019-05-11,8,Dancing With A Stranger,Sam Smith & Normani,16,7,7,False
2019-05-11,9,Bad Guy,Billie Eilish,5,7,9,False
2019-05-11,10,Talk,Khalid,12,8,8,False
2019-05-11,11,Sweet But Psycho,Ava Max,20,11,11,False
2019-05-11,12,Middle Child,J. Cole,15,4,10,False
2019-05-11,13,"Break Up With Your Girlfriend, I'm Bored",Ariana Grande,12,2,14,False
2019-05-11,14,Happier,Marshmello & Bastille,37,2,12,False
2019-05-11,15,Shallow,Lady Gaga & Bradley Cooper,31,1,15,False
2019-05-11,16,Going Bad,Meek Mill Featuring Drake,22,6,16,False
2019-05-11,17,Eastside,"Benny Blanco, Halsey & Khalid",42,9,18,False
2019-05-11,18,High Hopes,Panic! At The Disco,39,4,20,False
2019-05-11,19,Please Me,Cardi B & Bruno Mars,11,3,13,False
2019-05-11,20,Better,Khalid,33,8,19,False
2019-05-11,21,Girls Like You,Maroon 5 Featuring Cardi B,49,1,22,False
2019-05-11,22,A Lot,21 Savage,19,12,24,False
2019-05-11,23,Pure Water,Mustard & Migos,14,23,23,False
2019-05-11,24,Sicko Mode,Travis Scott,39,1,25,False
2019-05-11,25,Thotiana,Blueface,16,8,21,False
2019-05-11,26,Be Alright,Dean Lewis,27,23,27,False
2019-05-11,27,Suge,DaBaby,5,27,46,False
2019-05-11,28,Beautiful Crazy,Luke Combs,25,21,26,False
2019-05-11,29,Look Back At It,A Boogie wit da Hoodie,21,28,28,False
2019-05-11,30,Act Up,City Girls,9,30,30,False
2019-05-11,31,Here With Me,Marshmello Featuring Chvrches,8,31,37,False
2019-05-11,32,Envy Me,Calboy,20,31,31,False
2019-05-11,33,Whiskey Glasses,Morgan Wallen,9,33,48,False
2019-05-11,34,God's Country,Blake Shelton,5,34,43,False
2019-05-11,35,Con Calma,Daddy Yankee & Katy Perry Featuring Snow,13,34,34,False
2019-05-11,36,Close To Me,Ellie Goulding X Diplo Featuring Swae Lee,24,24,29,False
2019-05-11,37,Drip Too Hard,Lil Baby & Gunna,33,4,33,False
2019-05-11,38,Eyes On You,Chase Rice,11,38,44,False
2019-05-11,39,When The Party's Over,Billie Eilish,25,29,38,False
2019-05-11,40,Boy With Luv,BTS Featuring Halsey,3,8,40,False
2019-05-11,41,Earth,Lil Dicky,2,17,17,False
2019-05-11,42,Sanguine Paradise,Lil Uzi Vert,3,28,32,False
2019-05-11,43,You Say,Lauren Daigle,42,29,45,False
2019-05-11,44,Murder On My Mind,YNW Melly,15,14,35,False
2019-05-11,45,Bury A Friend,Billie Eilish,14,14,36,False
2019-05-11,46,Good As You,Kane Brown,10,46,52,False
2019-05-11,47,Clout,Offset Featuring Cardi B,4,39,39,False
2019-05-11,48,"Thank U, Next",Ariana Grande,26,1,41,False
2019-05-11,49,Walk Me Home,P!nk,9,49,62,False
2019-05-11,50,Youngblood,5 Seconds of Summer,48,7,50,False
2019-05-11,51,Pop Out,Polo G Featuring Lil Tjay,6,51,60,False
2019-05-11,52,Who Do You Love,The Chainsmokers Featuring 5 Seconds of Summer,12,52,55,False
2019-05-11,53,Look What God Gave Her,Thomas Rhett,9,48,53,False
2019-05-11,54,Here Tonight,Brett Young,17,42,49,False
2019-05-11,55,Baby Shark,Pinkfong,18,32,47,False
2019-05-11,56,Close Friends,Lil Baby,27,28,57,False
2019-05-11,57,Worth It,YK Osiris,11,55,58,False
2019-05-11,58,Swervin,A Boogie wit da Hoodie Featuring 6ix9ine,19,38,54,False
2019-05-11,59,Night Shift,Jon Pardi,11,59,61,False
2019-05-11,60,Love Ain't,Eli Young Band,3,60,68,False
2019-05-11,61,Rumor,Lee Brice,8,61,67,False
2019-05-11,62,Miss Me More,Kelsea Ballerini,13,59,59,False
2019-05-11,63,Racks In The Middle,Nipsey Hussle Featuring Roddy Ricch & Hit-Boy,5,26,51,False
2019-05-11,64,Make It Sweet,Old Dominion,18,56,56,False
2019-05-11,65,Before I Let Go,Beyonce,2,65,75,False
2019-05-11,66,"Hey Look Ma, I Made It",Panic! At The Disco,3,66,80,False
2019-05-11,67,Floating,ScHoolboy Q Featuring 21 Savage,1,67,0,True
2019-05-11,68,Robbery,Juice WRLD,11,27,66,False
2019-05-11,69,Baila Baila Baila,Ozuna x Daddy Yankee x J Balvin x Farruko x Anuel AA,1,69,0,True
2019-05-11,70,Big Ole Freak,Megan Thee Stallion,4,70,76,False
2019-05-11,71,Don't Call Me Up,Mabel,6,67,70,False
2019-05-11,72,Cool,Jonas Brothers,4,27,69,False
2019-05-11,73,Calma,Pedro Capo X Farruko,7,71,71,False
2019-05-11,74,Girls Need Love,Summer Walker X Drake,10,37,72,False
2019-05-11,75,GIRL,Maren Morris,9,61,74,False
2019-05-11,76,Mixed Personalities,YNW Melly Featuring Kanye West,15,42,63,False
2019-05-11,77,That's A Rack,Lil Uzi Vert,3,76,82,False
2019-05-11,78,I've Been Waiting,Lil Peep & iLoveMakonnen Featuring Fall Out Boy,8,62,64,False
2019-05-11,79,Wish You Were Gay,Billie Eilish,9,31,73,False
2019-05-11,80,You Should See Me In A Crown,Billie Eilish,6,41,65,False
2019-05-11,81,Put A Date On It,Yo Gotti Featuring Lil Baby,14,46,77,False
2019-05-11,82,Talk You Out Of It,Florida Georgia Line,11,78,78,False
2019-05-11,83,I'm So Tired...,Lauv & Troye Sivan,4,81,81,False
2019-05-11,84,On My Way To You,Cody Johnson,10,84,89,False
2019-05-11,85,CHopstix,ScHoolboy Q + Travis Scott,1,85,0,True
2019-05-11,86,Shotta Flow,NLE Choppa,2,86,96,False
2019-05-11,87,Shot Clock,Ella Mai,14,62,79,False
2019-05-11,88,Ocean Eyes,Billie Eilish,11,84,84,False
2019-05-11,89,Secreto,Anuel AA & Karol G,10,68,83,False
2019-05-11,90,Light It Up,"Marshmello, Tyga & Chris Brown",1,90,0,True
2019-05-11,91,Love Someone,Brett Eldredge,2,91,93,False
2019-05-11,92,Power Is Power,"SZA, The Weeknd & Travis Scott",1,92,0,True
2019-05-11,93,Faucet Failure,Ski Mask The Slump God,10,87,88,False
2019-05-11,94,Knockin' Boots,Luke Bryan,1,94,0,True
2019-05-11,95,Numb Numb Juice,ScHoolboy Q,2,55,0,False
2019-05-11,96,Love Me Anyway,P!nk Featuring Chris Stapleton,1,96,0,True
2019-05-11,97,24/7,Meek Mill Featuring Ella Mai,4,54,0,False
2019-05-11,98,Stop Snitching,YG,1,98,0,True
2019-05-11,99,SOS,Avicii Featuring Aloe Blacc,3,68,87,False
2019-05-11,100,Kill This Love,BLACKPINK,4,41,86,False
2019-05-18,1,Old Town Road,Lil Nas X Featuring Billy Ray Cyrus,10,1,1,False
2019-05-18,2,If I Can't Have You,Shawn Mendes,1,2,0,True
2019-05-18,3,ME!,Taylor Swift Featuring Brendon Urie,3,2,2,False
2019-05-18,4,Sucker,Jonas Brothers,10,1,4,False
2019-05-18,5,Homicide,Logic Featuring Eminem,1,5,0,True
2019-05-18,6,Wow.,Post Malone,20,2,3,False
2019-05-18,7,Sunflower (Spider-Man: Into The Spider-Verse),Post Malone & Swae Lee,29,1,5,False
2019-05-18,8,Without Me,Halsey,31,1,7,False
2019-05-18,9,Bad Guy,Billie Eilish,6,7,9,False
2019-05-18,10,7 Rings,Ariana Grande,16,1,6,False
2019-05-18,11,Dancing With A Stranger,Sam Smith & Normani,17,7,8,False
2019-05-18,12,Talk,Khalid,13,8,10,False
2019-05-18,13,Sweet But Psycho,Ava Max,21,11,11,False
2019-05-18,14,Middle Child,J. Cole,16,4,12,False
2019-05-18,15,"Break Up With Your Girlfriend, I'm Bored",Ariana Grande,13,2,13,False
2019-05-18,16,Happier,Marshmello & Bastille,38,2,14,False
2019-05-18,17,Going Bad,Meek Mill Featuring Drake,23,6,16,False
2019-05-18,18,Eastside,"Benny Blanco, Halsey & Khalid",43,9,17,False
2019-05-18,19,Shallow,Lady Gaga & Bradley Cooper,32,1,15,False
2019-05-18,20,High Hopes,Panic! At The Disco,40,4,18,False
2019-05-18,21,Better,Khalid,34,8,20,False
2019-05-18,22,Suge,DaBaby,6,22,27,False
2019-05-18,23,Please Me,Cardi B & Bruno Mars,12,3,19,False
2019-05-18,24,Pure Water,Mustard & Migos,15,23,23,False
2019-05-18,25,Girls Like You,Maroon 5 Featuring Cardi B,50,1,21,False
2019-05-18,26,Sicko Mode,Travis Scott,40,1,24,False
2019-05-18,27,Look Back At It,A Boogie wit da Hoodie,22,27,29,False
2019-05-18,28,Whiskey Glasses,Morgan Wallen,10,28,33,False
2019-05-18,29,Act Up,City Girls,10,29,30,False
2019-05-18,30,A Lot,21 Savage,20,12,22,False
2019-05-18,31,Con Calma,Daddy Yankee & Katy Perry Featuring Snow,14,31,35,False
2019-05-18,32,Beautiful Crazy,Luke Combs,26,21,28,False
2019-05-18,33,God's Country,Blake Shelton,6,33,34,False
2019-05-18,34,Here With Me,Marshmello Featuring Chvrches,9,31,31,False
2019-05-18,35,Envy Me,Calboy,21,31,32,False
2019-05-18,36,Thotiana,Blueface,17,8,25,False
2019-05-18,37,Be Alright,Dean Lewis,28,23,26,False
2019-05-18,38,Eyes On You,Chase Rice,12,38,38,False
2019-05-18,39,Pop Out,Polo G Featuring Lil Tjay,7,39,51,False
2019-05-18,40,When The Party's Over,Billie Eilish,26,29,39,False
2019-05-18,41,Drip Too Hard,Lil Baby & Gunna,34,4,37,False
2019-05-18,42,Good As You,Kane Brown,11,42,46,False
2019-05-18,43,Close To Me,Ellie Goulding X Diplo Featuring Swae Lee,25,24,36,False
2019-05-18,44,Clout,Offset Featuring Cardi B,5,39,47,False
2019-05-18,45,You Say,Lauren Daigle,43,29,43,False
2019-05-18,46,Bury A Friend,Billie Eilish,15,14,45,False
2019-05-18,47,Sanguine Paradise,Lil Uzi Vert,4,28,42,False
2019-05-18,48,"Thank U, Next",Ariana Grande,27,1,48,False
2019-05-18,49,Murder On My Mind,YNW Melly,16,14,44,False
2019-05-18,50,Truth Hurts,Lizzo,1,50,0,True
2019-05-18,51,Boy With Luv,BTS Featuring Halsey,4,8,40,False
2019-05-18,52,Worth It,YK Osiris,12,52,57,False
2019-05-18,53,Who Do You Love,The Chainsmokers Featuring 5 Seconds of Summer,13,52,52,False
2019-05-18,54,Close Friends,Lil Baby,28,28,56,False
2019-05-18,55,Look What God Gave Her,Thomas Rhett,10,48,53,False
2019-05-18,56,Night Shift,Jon Pardi,12,56,59,False
2019-05-18,57,Rumor,Lee Brice,9,57,61,False
2019-05-18,58,Walk Me Home,P!nk,10,49,49,False
2019-05-18,59,"Hey Look Ma, I Made It",Panic! At The Disco,4,59,66,False
2019-05-18,60,Love Ain't,Eli Young Band,4,60,60,False
2019-05-18,61,Earth,Lil Dicky,3,17,41,False
2019-05-18,62,Baby Shark,Pinkfong,19,32,55,False
2019-05-18,63,Swervin,A Boogie wit da Hoodie Featuring 6ix9ine,20,38,58,False
2019-05-18,64,Miss Me More,Kelsea Ballerini,14,59,62,False
2019-05-18,65,Big Ole Freak,Megan Thee Stallion,5,65,70,False
2019-05-18,66,Here Tonight,Brett Young,18,42,54,False
2019-05-18,67,Before I Let Go,Beyonce,3,65,65,False
2019-05-18,68,Beer Never Broke My Heart,Luke Combs,1,68,0,True
2019-05-18,69,Don't Call Me Up,Mabel,7,67,71,False
2019-05-18,70,Cool,Jonas Brothers,5,27,72,False
2019-05-18,71,Go Loko,"YG, Tyga & Jon Z",1,71,0,True
2019-05-18,72,GIRL,Maren Morris,10,61,75,False
2019-05-18,73,Racks In The Middle,Nipsey Hussle Featuring Roddy Ricch & Hit-Boy,6,26,63,False
2019-05-18,74,Robbery,Juice WRLD,12,27,68,False
2019-05-18,75,Girls Need Love,Summer Walker X Drake,11,37,74,False
2019-05-18,76,Make It Sweet,Old Dominion,19,56,64,False
2019-05-18,77,Calma,Pedro Capo X Farruko,8,71,73,False
2019-05-18,78,Mixed Personalities,YNW Melly Featuring Kanye West,16,42,76,False
2019-05-18,79,Talk You Out Of It,Florida Georgia Line,12,78,82,False
2019-05-18,80,Put A Date On It,Yo Gotti Featuring Lil Baby,15,46,81,False
2019-05-18,81,I'm So Tired...,Lauv & Troye Sivan,5,81,83,False
2019-05-18,82,Shotta Flow,NLE Choppa,3,82,86,False
2019-05-18,83,That's A Rack,Lil Uzi Vert,4,76,77,False
2019-05-18,84,Knockin' Boots,Luke Bryan,2,84,94,False
2019-05-18,85,24/7,Meek Mill Featuring Ella Mai,5,54,97,False
2019-05-18,86,You Should See Me In A Crown,Billie Eilish,7,41,80,False
2019-05-18,87,On My Way To You,Cody Johnson,11,84,84,False
2019-05-18,88,Baila Baila Baila,Ozuna x Daddy Yankee x J Balvin x Farruko x Anuel AA,2,69,69,False
2019-05-18,89,Love Someone,Brett Eldredge,3,89,91,False
2019-05-18,90,Power Is Power,"SZA, The Weeknd & Travis Scott",2,90,92,False
2019-05-18,91,Middle Child,PnB Rock & XXXTENTACION,1,91,0,True
2019-05-18,92,Shot Clock,Ella Mai,15,62,87,False
2019-05-18,93,Ocean Eyes,Billie Eilish,12,84,88,False
2019-05-18,94,Wish You Were Gay,Billie Eilish,10,31,79,False
2019-05-18,95,I've Been Waiting,Lil Peep & iLoveMakonnen Featuring Fall Out Boy,9,62,78,False
2019-05-18,96,All To Myself,Dan + Shay,1,96,0,True
2019-05-18,97,Secreto,Anuel AA & Karol G,11,68,89,False
2019-05-18,98,Paradise,Bazzi,1,98,0,True
2019-05-18,99,Die Young,Roddy Ricch,1,99,0,True
2019-05-18,100,Faucet Failure,Ski Mask The Slump God,11,87,93,False
2019-05-25,1,Old Town Road,Lil Nas X Featuring Billy Ray Cyrus,11,1,1,False
2019-05-25,2,I Don't Care,Ed Sheeran & Justin Bieber,1,2,0,True
2019-05-25,3,Sucker,Jonas Brothers,11,1,4,False
2019-05-25,4,Bad Guy,Billie Eilish,7,4,9,False
2019-05-25,5,Wow.,Post Malone,21,2,6,False
2019-05-25,6,Sunflower (Spider-Man: Into The Spider-Verse),Post Malone & Swae Lee,30,1,7,False
2019-05-25,7,Dancing With A Stranger,Sam Smith & Normani,18,7,11,False
2019-05-25,8,ME!,Taylor Swift Featuring Brendon Urie,4,2,3,False
2019-05-25,9,Talk,Khalid,14,8,12,False
2019-05-25,10,Without Me,Halsey,32,1,8,False
2019-05-25,11,7 Rings,Ariana Grande,17,1,10,False
2019-05-25,12,Sweet But Psycho,Ava Max,22,11,13,False
2019-05-25,13,If I Can't Have You,Shawn Mendes,2,2,2,False
2019-05-25,14,Middle Child,J. Cole,17,4,14,False
2019-05-25,15,"Break Up With Your Girlfriend, I'm Bored",Ariana Grande,14,2,15,False
2019-05-25,16,Suge,DaBaby,7,16,22,False
2019-05-25,17,Happier,Marshmello & Bastille,39,2,16,False
2019-05-25,18,Going Bad,Meek Mill Featuring Drake,24,6,17,False
2019-05-25,19,Eastside,"Benny Blanco, Halsey & Khalid",44,9,18,False
2019-05-25,20,High Hopes,Panic! At The Disco,41,4,20,False
2019-05-25,21,Homicide,Logic Featuring Eminem,2,5,5,False
2019-05-25,22,Shallow,Lady Gaga & Bradley Cooper,33,1,19,False
2019-05-25,23,Better,Khalid,35,8,21,False
2019-05-25,24,God's Country,Blake Shelton,7,24,33,False
2019-05-25,25,Whiskey Glasses,Morgan Wallen,11,25,28,False
2019-05-25,26,Pure Water,Mustard & Migos,16,23,24,False
2019-05-25,27,Please Me,Cardi B & Bruno Mars,13,3,23,False
2019-05-25,28,Look Back At It,A Boogie wit da Hoodie,23,27,27,False
2019-05-25,29,Beer Never Broke My Heart,Luke Combs,2,29,68,False
2019-05-25,30,Con Calma,Daddy Yankee & Katy Perry Featuring Snow,15,30,31,False
2019-05-25,31,Sicko Mode,Travis Scott,41,1,26,False
2019-05-25,32,Girls Like You,Maroon 5 Featuring Cardi B,51,1,25,False
2019-05-25,33,Act Up,City Girls,11,29,29,False
2019-05-25,34,Pop Out,Polo G Featuring Lil Tjay,8,34,39,False
2019-05-25,35,Envy Me,Calboy,22,31,35,False
2019-05-25,36,Beautiful Crazy,Luke Combs,27,21,32,False
2019-05-25,37,Here With Me,Marshmello Featuring Chvrches,10,31,34,False
2019-05-25,38,A Lot,21 Savage,21,12,30,False
2019-05-25,39,Good As You,Kane Brown,12,39,42,False
2019-05-25,40,When The Party's Over,Billie Eilish,27,29,40,False
2019-05-25,41,"Hey Look Ma, I Made It",Panic! At The Disco,5,41,59,False
2019-05-25,42,Truth Hurts,Lizzo,2,42,50,False
2019-05-25,43,Thotiana,Blueface,18,8,36,False
2019-05-25,44,Be Alright,Dean Lewis,29,23,37,False
2019-05-25,45,Eyes On You,Chase Rice,13,38,38,False
2019-05-25,46,Drip Too Hard,Lil Baby & Gunna,35,4,41,False
2019-05-25,47,Bury A Friend,Billie Eilish,16,14,46,False
2019-05-25,48,Look What God Gave Her,Thomas Rhett,11,48,55,False
2019-05-25,49,"Thank U, Next",Ariana Grande,28,1,48,False
2019-05-25,50,Love Ain't,Eli Young Band,5,50,60,False
2019-05-25,51,Triggered,Jhene Aiko,1,51,0,True
2019-05-25,52,Murder On My Mind,YNW Melly,17,14,49,False
2019-05-25,53,Rumor,Lee Brice,10,53,57,False
2019-05-25,54,Walk Me Home,P!nk,11,49,58,False
2019-05-25,55,Clout,Offset Featuring Cardi B,6,39,44,False
2019-05-25,56,Close Friends,Lil Baby,29,28,54,False
2019-05-25,57,Baby Shark,Pinkfong,20,32,62,False
2019-05-25,58,Worth It,YK Osiris,13,52,52,False
2019-05-25,59,Sanguine Paradise,Lil Uzi Vert,5,28,47,False
2019-05-25,60,Who Do You Love,The Chainsmokers Featuring 5 Seconds of Summer,14,52,53,False
2019-05-25,61,Boy With Luv,BTS Featuring Halsey,5,8,51,False
2019-05-25,62,Put A Date On It,Yo Gotti Featuring Lil Baby,16,46,80,False
2019-05-25,63,Miss Me More,Kelsea Ballerini,15,59,64,False
2019-05-25,64,Cool,Jonas Brothers,6,27,70,False
2019-05-25,65,Big Ole Freak,Megan Thee Stallion,6,65,65,False
2019-05-25,66,Don't Call Me Up,Mabel,8,66,69,False
2019-05-25,67,Racks In The Middle,Nipsey Hussle Featuring Roddy Ricch & Hit-Boy,7,26,73,False
2019-05-25,68,Night Shift,Jon Pardi,13,56,56,False
2019-05-25,69,Earth,Lil Dicky,4,17,61,False
2019-05-25,70,GIRL,Maren Morris,11,61,72,False
2019-05-25,71,Before I Let Go,Beyonce,4,65,67,False
2019-05-25,72,Girls Need Love,Summer Walker X Drake,12,37,75,False
2019-05-25,73,Soltera,"Lunay, Daddy Yankee & Bad Bunny",1,73,0,True
2019-05-25,74,Here Tonight,Brett Young,19,42,66,False
2019-05-25,75,Robbery,Juice WRLD,13,27,74,False
2019-05-25,76,Calma,Pedro Capo X Farruko,9,71,77,False
2019-05-25,77,Talk You Out Of It,Florida Georgia Line,13,77,79,False
2019-05-25,78,Love Someone,Brett Eldredge,4,78,89,False
2019-05-25,79,Go Loko,"YG, Tyga & Jon Z",2,71,71,False
2019-05-25,80,Make It Sweet,Old Dominion,20,56,76,False
2019-05-25,81,Shotta Flow,NLE Choppa,4,81,82,False
2019-05-25,82,Mixed Personalities,YNW Melly Featuring Kanye West,17,42,78,False
2019-05-25,83,Knockin' Boots,Luke Bryan,3,83,84,False
2019-05-25,84,24/7,Meek Mill Featuring Ella Mai,6,54,85,False
2019-05-25,85,Someone You Loved,Lewis Capaldi,1,85,0,True
2019-05-25,86,On My Way To You,Cody Johnson,12,84,87,False
2019-05-25,87,Baila Baila Baila,Ozuna x Daddy Yankee x J Balvin x Farruko x Anuel AA,3,69,88,False
2019-05-25,88,Shot Clock,Ella Mai,16,62,92,False
2019-05-25,89,I'm So Tired...,Lauv & Troye Sivan,6,81,81,False
2019-05-25,90,Ocean Eyes,Billie Eilish,13,84,93,False
2019-05-25,91,Paradise,Bazzi,2,91,98,False
2019-05-25,92,You Should See Me In A Crown,Billie Eilish,8,41,86,False
2019-05-25,93,All To Myself,Dan + Shay,2,93,96,False
2019-05-25,94,SOS,Avicii Featuring Aloe Blacc,4,68,0,False
2019-05-25,95,Te Robare,Nicky Jam X Ozuna,1,95,0,True
2019-05-25,96,Wish You Were Gay,Billie Eilish,11,31,94,False
2019-05-25,97,That's A Rack,Lil Uzi Vert,5,76,83,False
2019-05-25,98,Rule The World,2 Chainz Featuring Ariana Grande,2,94,0,False
2019-05-25,99,Die Young,Roddy Ricch,2,99,99,False
2019-05-25,100,Juice,Lizzo,1,100,0,True
2019-06-01,1,Old Town Road,Lil Nas X Featuring Billy Ray Cyrus,12,1,1,False
2019-06-01,2,I Don't Care,Ed Sheeran & Justin Bieber,2,2,2,False
2019-06-01,3,Bad Guy,Billie Eilish,8,3,4,False
2019-06-01,4,Sucker,Jonas Brothers,12,1,3,False
2019-06-01,5,Talk,Khalid,15,5,9,False
2019-06-01,6,Wow.,Post Malone,22,2,5,False
2019-06-01,7,Sunflower (Spider-Man: Into The Spider-Verse),Post Malone & Swae Lee,31,1,6,False
2019-06-01,8,Dancing With A Stranger,Sam Smith & Normani,19,7,7,False
2019-06-01,9,ME!,Taylor Swift Featuring Brendon Urie,5,2,8,False
2019-06-01,10,Sweet But Psycho,Ava Max,23,10,12,False
2019-06-01,11,Without Me,Halsey,33,1,10,False
2019-06-01,12,7 Rings,Ariana Grande,18,1,11,False
2019-06-01,13,EARFQUAKE,"Tyler, The Creator",1,13,0,True
2019-06-01,14,Suge,DaBaby,8,14,16,False
2019-06-01,15,Nightmare,Halsey,1,15,0,True
2019-06-01,16,If I Can't Have You,Shawn Mendes,3,2,13,False
2019-06-01,17,Middle Child,J. Cole,18,4,14,False
2019-06-01,18,Happier,Marshmello & Bastille,40,2,17,False
2019-06-01,19,Wish Wish,DJ Khaled Featuring Cardi B & 21 Savage,1,19,0,True
2019-06-01,20,"Break Up With Your Girlfriend, I'm Bored",Ariana Grande,15,2,15,False
2019-06-01,21,Higher,DJ Khaled Featuring Nipsey Hussle & John Legend,1,21,0,True
2019-06-01,22,High Hopes,Panic! At The Disco,42,4,20,False
2019-06-01,23,Going Bad,Meek Mill Featuring Drake,25,6,18,False
2019-06-01,24,God's Country,Blake Shelton,8,24,24,False
2019-06-01,25,Eastside,"Benny Blanco, Halsey & Khalid",45,9,19,False
2019-06-01,26,Whiskey Glasses,Morgan Wallen,12,25,25,False
2019-06-01,27,Con Calma,Daddy Yankee & Katy Perry Featuring Snow,16,27,30,False
2019-06-01,28,Pure Water,Mustard & Migos,17,23,26,False
2019-06-01,29,Look Back At It,A Boogie wit da Hoodie,24,27,28,False
2019-06-01,30,Better,Khalid,36,8,23,False
2019-06-01,31,Pop Out,Polo G Featuring Lil Tjay,9,31,34,False
2019-06-01,32,Sicko Mode,Travis Scott,42,1,31,False
2019-06-01,33,Please Me,Cardi B & Bruno Mars,14,3,27,False
2019-06-01,34,Act Up,City Girls,12,29,33,False
2019-06-01,35,Girls Like You,Maroon 5 Featuring Cardi B,52,1,32,False
2019-06-01,36,Shallow,Lady Gaga & Bradley Cooper,34,1,22,False
2019-06-01,37,Good As You,Kane Brown,13,37,39,False
2019-06-01,38,Truth Hurts,Lizzo,3,38,42,False
2019-06-01,39,Envy Me,Calboy,23,31,35,False
2019-06-01,40,When The Party's Over,Billie Eilish,28,29,40,False
2019-06-01,41,Beer Never Broke My Heart,Luke Combs,3,29,29,False
2019-06-01,42,Beautiful Crazy,Luke Combs,28,21,36,False
2019-06-01,43,Just Us,DJ Khaled Featuring SZA,1,43,0,True
2019-06-01,44,You Stay,"DJ Khaled Featuring Meek Mill, J Balvin, Lil Baby & Jeremih",1,44,0,True
2019-06-01,45,Rumor,Lee Brice,11,45,53,False
2019-06-01,46,A Lot,21 Savage,22,12,38,False
2019-06-01,47,"Hey Look Ma, I Made It",Panic! At The Disco,6,41,41,False
2019-06-01,48,Here With Me,Marshmello Featuring Chvrches,11,31,37,False
2019-06-01,49,Look What God Gave Her,Thomas Rhett,12,48,48,False
2019-06-01,50,Thotiana,Blueface,19,8,43,False
2019-06-01,51,I Think,"Tyler, The Creator",1,51,0,True
2019-06-01,52,Celebrate,DJ Khaled Featuring Travis Scott & Post Malone,1,52,0,True
2019-06-01,53,Homicide,Logic Featuring Eminem,3,5,21,False
2019-06-01,54,Eyes On You,Chase Rice,14,38,45,False
2019-06-01,55,Bury A Friend,Billie Eilish,17,14,47,False
2019-06-01,56,Clout,Offset Featuring Cardi B,7,39,55,False
2019-06-01,57,Jealous,"DJ Khaled Featuring Chris Brown, Lil Wayne & Big Sean",1,57,0,True
2019-06-01,58,Walk Me Home,P!nk,12,49,54,False
2019-06-01,59,Close Friends,Lil Baby,30,28,56,False
2019-06-01,60,Miss Me More,Kelsea Ballerini,16,59,63,False
2019-06-01,61,Murder On My Mind,YNW Melly,18,14,52,False
2019-06-01,62,Worth It,YK Osiris,14,52,58,False
2019-06-01,63,Sanguine Paradise,Lil Uzi Vert,6,28,59,False
2019-06-01,64,Put A Date On It,Yo Gotti Featuring Lil Baby,17,46,62,False
2019-06-01,65,Running Out Of Time,"Tyler, The Creator",1,65,0,True
2019-06-01,66,Love Ain't,Eli Young Band,6,50,50,False
2019-06-01,67,Igor's Theme,"Tyler, The Creator",1,67,0,True
2019-06-01,68,Cool,Jonas Brothers,7,27,64,False
2019-06-01,69,GIRL,Maren Morris,12,61,70,False
2019-06-01,70,New Magic Wand,"Tyler, The Creator",1,70,0,True
2019-06-01,71,Boy With Luv,BTS Featuring Halsey,6,8,61,False
2019-06-01,72,Big Ole Freak,Megan Thee Stallion,7,65,65,False
2019-06-01,73,Who Do You Love,The Chainsmokers Featuring 5 Seconds of Summer,15,52,60,False
2019-06-01,74,A Boy Is A Gun,"Tyler, The Creator",1,74,0,True
2019-06-01,75,Racks In The Middle,Nipsey Hussle Featuring Roddy Ricch & Hit-Boy,8,26,67,False
2019-06-01,76,Soltera,"Lunay, Daddy Yankee & Bad Bunny",2,73,73,False
2019-06-01,77,Before I Let Go,Beyonce,5,65,71,False
2019-06-01,78,Earth,Lil Dicky,5,17,69,False
2019-06-01,79,Don't Call Me Up,Mabel,9,66,66,False
2019-06-01,80,Someone You Loved,Lewis Capaldi,2,80,85,False
2019-06-01,81,Knockin' Boots,Luke Bryan,4,81,83,False
2019-06-01,82,Girls Need Love,Summer Walker X Drake,13,37,72,False
2019-06-01,83,Love Someone,Brett Eldredge,5,78,78,False
2019-06-01,84,Robbery,Juice WRLD,14,27,75,False
2019-06-01,85,What's Good,"Tyler, The Creator",1,85,0,True
2019-06-01,86,What If I Never Get Over You,Lady Antebellum,1,86,0,True
2019-06-01,87,Shotta Flow,NLE Choppa,5,81,81,False
2019-06-01,88,Puppet,"Tyler, The Creator",1,88,0,True
2019-06-01,89,Talk You Out Of It,Florida Georgia Line,14,77,77,False
2019-06-01,90,Night Shift,Jon Pardi,14,56,68,False
2019-06-01,91,Weather The Storm,DJ Khaled Featuring Meek Mill & Lil Baby,1,91,0,True
2019-06-01,92,Go Loko,"YG, Tyga & Jon Z",3,71,79,False
2019-06-01,93,All To Myself,Dan + Shay,3,93,93,False
2019-06-01,94,Triggered,Jhene Aiko,2,51,51,False
2019-06-01,95,On My Way To You,Cody Johnson,13,84,86,False
2019-06-01,96,Calma,Pedro Capo X Farruko,10,71,76,False
2019-06-01,97,24/7,Meek Mill Featuring Ella Mai,7,54,84,False
2019-06-01,98,Here Tonight,Brett Young,20,42,74,False
2019-06-01,99,Baila Baila Baila,Ozuna x Daddy Yankee x J Balvin x Farruko x Anuel AA,4,69,87,False
2019-06-01,100,Te Robare,Nicky Jam X Ozuna,2,95,95,False
2019-06-08,1,Old Town Road,Lil Nas X Featuring Billy Ray Cyrus,13,1,1,False
2019-06-08,2,Bad Guy,Billie Eilish,9,2,3,False
2019-06-08,3,Talk,Khalid,16,3,5,False
2019-06-08,4,I Don't Care,Ed Sheeran & Justin Bieber,3,2,2,False
2019-06-08,5,Sucker,Jonas Brothers,13,1,4,False
2019-06-08,6,Sunflower (Spider-Man: Into The Spider-Verse),Post Malone & Swae Lee,32,1,7,False
2019-06-08,7,Wow.,Post Malone,23,2,6,False
2019-06-08,8,Dancing With A Stranger,Sam Smith & Normani,20,7,8,False
2019-06-08,9,Suge,DaBaby,9,9,14,False
2019-06-08,10,Sweet But Psycho,Ava Max,24,10,10,False
2019-06-08,11,ME!,Taylor Swift Featuring Brendon Urie,6,2,9,False
2019-06-08,12,The London,"Young Thug, J. Cole & Travis Scott",1,12,0,True
2019-06-08,13,Without Me,Halsey,34,1,11,False
2019-06-08,14,7 Rings,Ariana Grande,19,1,12,False
2019-06-08,15,If I Can't Have You,Shawn Mendes,4,2,16,False
2019-06-08,16,Happier,Marshmello & Bastille,41,2,18,False
2019-06-08,17,Whiskey Glasses,Morgan Wallen,13,17,26,False
2019-06-08,18,Middle Child,J. Cole,19,4,17,False
2019-06-08,19,High Hopes,Panic! At The Disco,43,4,22,False
2019-06-08,20,God's Country,Blake Shelton,9,20,24,False
2019-06-08,21,EARFQUAKE,"Tyler, The Creator",2,13,13,False
2019-06-08,22,Con Calma,Daddy Yankee & Katy Perry Featuring Snow,17,22,27,False
2019-06-08,23,Going Bad,Meek Mill Featuring Drake,26,6,23,False
2019-06-08,24,Eastside,"Benny Blanco, Halsey & Khalid",46,9,25,False
2019-06-08,25,"Break Up With Your Girlfriend, I'm Bored",Ariana Grande,16,2,20,False
2019-06-08,26,Truth Hurts,Lizzo,4,26,38,False
2019-06-08,27,Pop Out,Polo G Featuring Lil Tjay,10,27,31,False
2019-06-08,28,Look Back At It,A Boogie wit da Hoodie,25,27,29,False
2019-06-08,29,Nightmare,Halsey,2,15,15,False
2019-06-08,30,Pure Water,Mustard & Migos,18,23,28,False
2019-06-08,31,Act Up,City Girls,13,29,34,False
2019-06-08,32,Sicko Mode,Travis Scott,43,1,32,False
2019-06-08,33,Better,Khalid,37,8,30,False
2019-06-08,34,Cross Me,Ed Sheeran Featuring Chance the Rapper & PnB Rock,1,34,0,True
2019-06-08,35,Please Me,Cardi B & Bruno Mars,15,3,33,False
2019-06-08,36,Good As You,Kane Brown,14,36,37,False
2019-06-08,37,Shallow,Lady Gaga & Bradley Cooper,35,1,36,False
2019-06-08,38,Envy Me,Calboy,24,31,39,False
2019-06-08,39,Beer Never Broke My Heart,Luke Combs,4,29,41,False
2019-06-08,40,"Hey Look Ma, I Made It",Panic! At The Disco,7,40,47,False
2019-06-08,41,Rumor,Lee Brice,12,41,45,False
2019-06-08,42,When The Party's Over,Billie Eilish,29,29,40,False
2019-06-08,43,Wish Wish,DJ Khaled Featuring Cardi B & 21 Savage,2,19,19,False
2019-06-08,44,Look What God Gave Her,Thomas Rhett,13,44,49,False
2019-06-08,45,Beautiful Crazy,Luke Combs,29,21,42,False
2019-06-08,46,Speechless,Dan + Shay,23,24,0,False
2019-06-08,47,Close Friends,Lil Baby,31,28,59,False
2019-06-08,48,Easier,5 Seconds of Summer,1,48,0,True
2019-06-08,49,A Lot,21 Savage,23,12,46,False
2019-06-08,50,Thotiana,Blueface,20,8,50,False
2019-06-08,51,Bury A Friend,Billie Eilish,18,14,55,False
2019-06-08,52,Miss Me More,Kelsea Ballerini,17,52,60,False
2019-06-08,53,Go Loko,"YG, Tyga & Jon Z",4,53,92,False
2019-06-08,54,Eyes On You,Chase Rice,15,38,54,False
2019-06-08,55,Walk Me Home,P!nk,13,49,58,False
2019-06-08,56,Here With Me,Marshmello Featuring Chvrches,12,31,48,False
2019-06-08,57,Clout,Offset Featuring Cardi B,8,39,56,False
2019-06-08,58,Worth It,YK Osiris,15,52,62,False
2019-06-08,59,Isis,Joyner Lucas Featuring Logic,1,59,0,True
2019-06-08,60,Just Us,DJ Khaled Featuring SZA,2,43,43,False
2019-06-08,61,Murder On My Mind,YNW Melly,19,14,61,False
2019-06-08,62,Love Ain't,Eli Young Band,7,50,66,False
2019-06-08,63,GIRL,Maren Morris,13,61,69,False
2019-06-08,64,Cool,Jonas Brothers,8,27,68,False
2019-06-08,65,Sanguine Paradise,Lil Uzi Vert,7,28,63,False
2019-06-08,66,Put A Date On It,Yo Gotti Featuring Lil Baby,18,46,64,False
2019-06-08,67,You Stay,"DJ Khaled Featuring Meek Mill, J Balvin, Lil Baby & Jeremih",2,44,44,False
2019-06-08,68,Homicide,Logic Featuring Eminem,4,5,53,False
2019-06-08,69,Before I Let Go,Beyonce,6,65,77,False
2019-06-08,70,Someone You Loved,Lewis Capaldi,3,70,80,False
2019-06-08,71,Big Ole Freak,Megan Thee Stallion,8,65,72,False
2019-06-08,72,Love Someone,Brett Eldredge,6,72,83,False
2019-06-08,73,Soltera,"Lunay, Daddy Yankee & Bad Bunny",3,73,76,False
2019-06-08,74,Knockin' Boots,Luke Bryan,5,74,81,False
2019-06-08,75,24/7,Meek Mill Featuring Ella Mai,8,54,97,False
2019-06-08,76,Some Of It,Eric Church,1,76,0,True
2019-06-08,77,Higher,DJ Khaled Featuring Nipsey Hussle & John Legend,2,21,21,False
2019-06-08,78,Talk You Out Of It,Florida Georgia Line,15,77,89,False
2019-06-08,79,Girls Need Love,Summer Walker X Drake,14,37,82,False
2019-06-08,80,Calma,Pedro Capo X Farruko,11,71,96,False
2019-06-08,81,Boy With Luv,BTS Featuring Halsey,7,8,71,False
2019-06-08,82,Racks In The Middle,Nipsey Hussle Featuring Roddy Ricch & Hit-Boy,9,26,75,False
2019-06-08,83,All To Myself,Dan + Shay,4,83,93,False
2019-06-08,84,Shotta Flow,NLE Choppa,6,81,87,False
2019-06-08,85,Baila Baila Baila,Ozuna x Daddy Yankee x J Balvin x Farruko x Anuel AA,5,69,99,False
2019-06-08,86,On My Way To You,Cody Johnson,14,84,95,False
2019-06-08,87,Robbery,Juice WRLD,15,27,84,False
2019-06-08,88,Night Shift,Jon Pardi,15,56,90,False
2019-06-08,89,Who Do You Love,The Chainsmokers Featuring 5 Seconds of Summer,16,52,73,False
2019-06-08,90,Don't Call Me Up,Mabel,10,66,79,False
2019-06-08,91,Earth,Lil Dicky,6,17,78,False
2019-06-08,92,Ocean Eyes,Billie Eilish,14,84,0,False
2019-06-08,93,Juice,Lizzo,2,93,0,False
2019-06-08,94,Bacc At It Again,"Yella Beezy, Gucci Mane & Quavo",1,94,0,True
2019-06-08,95,Te Robare,Nicky Jam X Ozuna,3,95,100,False
2019-06-08,96,HP,Maluma,1,96,0,True
2019-06-08,97,Rearview Town,Jason Aldean,1,97,0,True
2019-06-08,98,Mixed Personalities,YNW Melly Featuring Kanye West,18,42,0,False
2019-06-08,99,Paradise,Bazzi,3,91,0,False
2019-06-08,100,Triggered,Jhene Aiko,3,51,94,False
2019-06-15,1,Old Town Road,Lil Nas X Featuring Billy Ray Cyrus,14,1,1,False
2019-06-15,2,Bad Guy,Billie Eilish,10,2,2,False
2019-06-15,3,Talk,Khalid,17,3,3,False
2019-06-15,4,I Don't Care,Ed Sheeran & Justin Bieber,4,2,4,False
2019-06-15,5,Sucker,Jonas Brothers,14,1,5,False
2019-06-15,6,Wow.,Post Malone,24,2,7,False
2019-06-15,7,Sunflower (Spider-Man: Into The Spider-Verse),Post Malone & Swae Lee,33,1,6,False
2019-06-15,8,Suge,DaBaby,10,8,9,False
2019-06-15,9,Dancing With A Stranger,Sam Smith & Normani,21,7,8,False
2019-06-15,10,Sweet But Psycho,Ava Max,25,10,10,False
2019-06-15,11,ME!,Taylor Swift Featuring Brendon Urie,7,2,11,False
2019-06-15,12,Without Me,Halsey,35,1,13,False
2019-06-15,13,7 Rings,Ariana Grande,20,1,14,False
2019-06-15,14,If I Can't Have You,Shawn Mendes,5,2,15,False
2019-06-15,15,Never Really Over,Katy Perry,1,15,0,True
2019-06-15,16,Press,Cardi B,1,16,0,True
2019-06-15,17,The London,"Young Thug, J. Cole & Travis Scott",2,12,12,False
2019-06-15,18,Happier,Marshmello & Bastille,42,2,16,False
2019-06-15,19,God's Country,Blake Shelton,10,19,20,False
2019-06-15,20,Whiskey Glasses,Morgan Wallen,14,17,17,False
2019-06-15,21,Truth Hurts,Lizzo,5,21,26,False
2019-06-15,22,Pop Out,Polo G Featuring Lil Tjay,11,22,27,False
2019-06-15,23,High Hopes,Panic! At The Disco,44,4,19,False
2019-06-15,24,Con Calma,Daddy Yankee & Katy Perry Featuring Snow,18,22,22,False
2019-06-15,25,Middle Child,J. Cole,20,4,18,False
2019-06-15,26,Eastside,"Benny Blanco, Halsey & Khalid",47,9,24,False
2019-06-15,27,EARFQUAKE,"Tyler, The Creator",3,13,21,False
2019-06-15,28,Act Up,City Girls,14,28,31,False
2019-06-15,29,Going Bad,Meek Mill Featuring Drake,27,6,23,False
2019-06-15,30,Pure Water,Mustard & Migos,19,23,30,False
2019-06-15,31,"Break Up With Your Girlfriend, I'm Bored",Ariana Grande,17,2,25,False
2019-06-15,32,Look What God Gave Her,Thomas Rhett,14,32,44,False
2019-06-15,33,Look Back At It,A Boogie wit da Hoodie,26,27,28,False
2019-06-15,34,Better,Khalid,38,8,33,False
2019-06-15,35,Sicko Mode,Travis Scott,44,1,32,False
2019-06-15,36,Nightmare,Halsey,3,15,29,False
2019-06-15,37,Rumor,Lee Brice,13,37,41,False
2019-06-15,38,Beer Never Broke My Heart,Luke Combs,5,29,39,False
2019-06-15,39,"Hey Look Ma, I Made It",Panic! At The Disco,8,39,40,False
2019-06-15,40,Envy Me,Calboy,25,31,38,False
2019-06-15,41,Good As You,Kane Brown,15,36,36,False
2019-06-15,42,Please Me,Cardi B & Bruno Mars,16,3,35,False
2019-06-15,43,Shallow,Lady Gaga & Bradley Cooper,36,1,37,False
2019-06-15,44,When The Party's Over,Billie Eilish,30,29,42,False
2019-06-15,45,Beautiful Crazy,Luke Combs,30,21,45,False
2019-06-15,46,Cross Me,Ed Sheeran Featuring Chance the Rapper & PnB Rock,2,34,34,False
2019-06-15,47,Miss Me More,Kelsea Ballerini,18,47,52,False
2019-06-15,48,Speechless,Dan + Shay,24,24,46,False
2019-06-15,49,Close Friends,Lil Baby,32,28,47,False
2019-06-15,50,Go Loko,"YG, Tyga & Jon Z",5,50,53,False
2019-06-15,51,Wish Wish,DJ Khaled Featuring Cardi B & 21 Savage,3,19,43,False
2019-06-15,52,Walk Me Home,P!nk,14,49,55,False
2019-06-15,53,Bury A Friend,Billie Eilish,19,14,51,False
2019-06-15,54,Mother's Daughter,Miley Cyrus,1,54,0,True
2019-06-15,55,Clout,Offset Featuring Cardi B,9,39,57,False
2019-06-15,56,Worth It,YK Osiris,16,52,58,False
2019-06-15,57,Love Someone,Brett Eldredge,7,57,72,False
2019-06-15,58,Someone You Loved,Lewis Capaldi,4,58,70,False
2019-06-15,59,Cool,Jonas Brothers,9,27,64,False
2019-06-15,60,Here With Me,Marshmello Featuring Chvrches,13,31,56,False
2019-06-15,61,GIRL,Maren Morris,14,61,63,False
2019-06-15,62,Just Us,DJ Khaled Featuring SZA,3,43,60,False
2019-06-15,63,Easier,5 Seconds of Summer,2,48,48,False
2019-06-15,64,Knockin' Boots,Luke Bryan,6,64,74,False
2019-06-15,65,Eyes On You,Chase Rice,16,38,54,False
2019-06-15,66,Girls Need Love,Summer Walker X Drake,15,37,79,False
2019-06-15,67,Call You Mine,The Chainsmokers & Bebe Rexha,1,67,0,True
2019-06-15,68,Love Ain't,Eli Young Band,8,50,62,False
2019-06-15,69,Murder On My Mind,YNW Melly,20,14,61,False
2019-06-15,70,The Search,NF,1,70,0,True
2019-06-15,71,Sanguine Paradise,Lil Uzi Vert,8,28,65,False
2019-06-15,72,Before I Let Go,Beyonce,7,65,69,False
2019-06-15,73,Put A Date On It,Yo Gotti Featuring Lil Baby,19,46,66,False
2019-06-15,74,Soltera,"Lunay, Daddy Yankee & Bad Bunny",4,73,73,False
2019-06-15,75,All To Myself,Dan + Shay,5,75,83,False
2019-06-15,76,24/7,Meek Mill Featuring Ella Mai,9,54,75,False
2019-06-15,77,Big Ole Freak,Megan Thee Stallion,9,65,71,False
2019-06-15,78,On My Way To You,Cody Johnson,15,78,86,False
2019-06-15,79,Isis,Joyner Lucas Featuring Logic,2,59,59,False
2019-06-15,80,Some Of It,Eric Church,2,76,76,False
2019-06-15,81,Talk You Out Of It,Florida Georgia Line,16,77,78,False
2019-06-15,82,Shotta Flow,NLE Choppa,7,81,84,False
2019-06-15,83,Calma,Pedro Capo X Farruko,12,71,80,False
2019-06-15,84,You Stay,"DJ Khaled Featuring Meek Mill, J Balvin, Lil Baby & Jeremih",3,44,67,False
2019-06-15,85,Homicide,Logic Featuring Eminem,5,5,68,False
2019-06-15,86,Ocean Eyes,Billie Eilish,15,84,92,False
2019-06-15,87,Robbery,Juice WRLD,16,27,87,False
2019-06-15,88,Rearview Town,Jason Aldean,2,88,97,False
2019-06-15,89,Baila Baila Baila,Ozuna x Daddy Yankee x J Balvin x Farruko x Anuel AA,6,69,85,False
2019-06-15,90,Boy With Luv,BTS Featuring Halsey,8,8,81,False
2019-06-15,91,Shut Up About Politics,John Rich Featuring The Five,1,91,0,True
2019-06-15,92,La La Land,Bryce Vine Featuring YG,1,92,0,True
2019-06-15,93,Ran$om,Lil Tecca,1,93,0,True
2019-06-15,94,Under Enemy Arms,Trippie Redd,1,94,0,True
2019-06-15,95,Racks In The Middle,Nipsey Hussle Featuring Roddy Ricch & Hit-Boy,10,26,82,False
2019-06-15,96,Te Robare,Nicky Jam X Ozuna,4,95,95,False
2019-06-15,97,Raised On Country,Chris Young,1,97,0,True
2019-06-15,98,Bacc At It Again,"Yella Beezy, Gucci Mane & Quavo",2,94,94,False
2019-06-15,99,Trampoline,SHAED,1,99,0,True
2019-06-15,100,Night Shift,Jon Pardi,16,56,88,False
2019-06-22,1,Old Town Road,Lil Nas X Featuring Billy Ray Cyrus,15,1,1,False
2019-06-22,2,Bad Guy,Billie Eilish,11,2,2,False
2019-06-22,3,Talk,Khalid,18,3,3,False
2019-06-22,4,Sucker,Jonas Brothers,15,1,5,False
2019-06-22,5,I Don't Care,Ed Sheeran & Justin Bieber,5,2,4,False
2019-06-22,6,Wow.,Post Malone,25,2,6,False
2019-06-22,7,Sunflower (Spider-Man: Into The Spider-Verse),Post Malone & Swae Lee,34,1,7,False
2019-06-22,8,Suge,DaBaby,11,8,8,False
2019-06-22,9,No Guidance,Chris Brown Featuring Drake,1,9,0,True
2019-06-22,10,Dancing With A Stranger,Sam Smith & Normani,22,7,9,False
2019-06-22,11,Pop Out,Polo G Featuring Lil Tjay,12,11,22,False
2019-06-22,12,If I Can't Have You,Shawn Mendes,6,2,14,False
2019-06-22,13,Sweet But Psycho,Ava Max,26,10,10,False
2019-06-22,14,ME!,Taylor Swift Featuring Brendon Urie,8,2,11,False
2019-06-22,15,Without Me,Halsey,36,1,12,False
2019-06-22,16,7 Rings,Ariana Grande,21,1,13,False
2019-06-22,17,Truth Hurts,Lizzo,6,17,21,False
2019-06-22,18,Happier,Marshmello & Bastille,43,2,18,False
2019-06-22,19,God's Country,Blake Shelton,11,19,19,False
2019-06-22,20,Whiskey Glasses,Morgan Wallen,15,17,20,False
2019-06-22,21,High Hopes,Panic! At The Disco,45,4,23,False
2019-06-22,22,Beer Never Broke My Heart,Luke Combs,6,22,38,False
2019-06-22,23,Con Calma,Daddy Yankee & Katy Perry Featuring Snow,19,22,24,False
2019-06-22,24,The London,"Young Thug, J. Cole & Travis Scott",3,12,17,False
2019-06-22,25,Middle Child,J. Cole,21,4,25,False
2019-06-22,26,Act Up,City Girls,15,26,28,False
2019-06-22,27,Eastside,"Benny Blanco, Halsey & Khalid",48,9,26,False
2019-06-22,28,Never Really Over,Katy Perry,2,15,15,False
2019-06-22,29,Pure Water,Mustard & Migos,20,23,30,False
2019-06-22,30,EARFQUAKE,"Tyler, The Creator",4,13,27,False
2019-06-22,31,"Hey Look Ma, I Made It",Panic! At The Disco,9,31,39,False
2019-06-22,32,Going Bad,Meek Mill Featuring Drake,28,6,29,False
2019-06-22,33,Speechless,Dan + Shay,25,24,48,False
2019-06-22,34,Shallow,Lady Gaga & Bradley Cooper,37,1,43,False
2019-06-22,35,Better,Khalid,39,8,34,False
2019-06-22,36,Rumor,Lee Brice,14,36,37,False
2019-06-22,37,"Break Up With Your Girlfriend, I'm Bored",Ariana Grande,18,2,31,False
2019-06-22,38,Sicko Mode,Travis Scott,45,1,35,False
2019-06-22,39,Look What God Gave Her,Thomas Rhett,15,32,32,False
2019-06-22,40,Look Back At It,A Boogie wit da Hoodie,27,27,33,False
2019-06-22,41,Envy Me,Calboy,26,31,40,False
2019-06-22,42,When The Party's Over,Billie Eilish,31,29,44,False
2019-06-22,43,Nightmare,Halsey,4,15,36,False
2019-06-22,44,Cool,Jonas Brothers,10,27,59,False
2019-06-22,45,Beautiful Crazy,Luke Combs,31,21,45,False
2019-06-22,46,Good As You,Kane Brown,16,36,41,False
2019-06-22,47,Press,Cardi B,2,16,16,False
2019-06-22,48,Close Friends,Lil Baby,33,28,49,False
2019-06-22,49,Cross Me,Ed Sheeran Featuring Chance the Rapper & PnB Rock,3,34,46,False
2019-06-22,50,Go Loko,"YG, Tyga & Jon Z",6,50,50,False
2019-06-22,51,Please Me,Cardi B & Bruno Mars,17,3,42,False
2019-06-22,52,Love Someone,Brett Eldredge,8,52,57,False
2019-06-22,53,Clout,Offset Featuring Cardi B,10,39,55,False
2019-06-22,54,Worth It,YK Osiris,17,52,56,False
2019-06-22,55,Someone You Loved,Lewis Capaldi,5,55,58,False
2019-06-22,56,Miss Me More,Kelsea Ballerini,19,47,47,False
2019-06-22,57,Walk Me Home,P!nk,15,49,52,False
2019-06-22,58,Bury A Friend,Billie Eilish,20,14,53,False
2019-06-22,59,GIRL,Maren Morris,15,59,61,False
2019-06-22,60,Just Us,DJ Khaled Featuring SZA,4,43,62,False
2019-06-22,61,Knockin' Boots,Luke Bryan,7,61,64,False
2019-06-22,62,Even Though I'm Leaving,Luke Combs,1,62,0,True
2019-06-22,63,Easier,5 Seconds of Summer,3,48,63,False
2019-06-22,64,Girls Need Love,Summer Walker X Drake,16,37,66,False
2019-06-22,65,Ran$om,Lil Tecca,2,65,93,False
2019-06-22,66,The Git Up,Blanco Brown,1,66,0,True
2019-06-22,67,24/7,Meek Mill Featuring Ella Mai,10,54,76,False
2019-06-22,68,Rearview Town,Jason Aldean,3,68,88,False
2019-06-22,69,Callaita,Bad Bunny & Tainy,1,69,0,True
2019-06-22,70,Wish Wish,DJ Khaled Featuring Cardi B & 21 Savage,4,19,51,False
2019-06-22,71,All To Myself,Dan + Shay,6,71,75,False
2019-06-22,72,Eyes On You,Chase Rice,17,38,65,False
2019-06-22,73,Before I Let Go,Beyonce,8,65,72,False
2019-06-22,74,Some Of It,Eric Church,3,74,80,False
2019-06-22,75,Here With Me,Marshmello Featuring Chvrches,14,31,60,False
2019-06-22,76,Sanguine Paradise,Lil Uzi Vert,9,28,71,False
2019-06-22,77,Soltera,"Lunay, Daddy Yankee & Bad Bunny",5,73,74,False
2019-06-22,78,Talk You Out Of It,Florida Georgia Line,17,77,81,False
2019-06-22,79,Put A Date On It,Yo Gotti Featuring Lil Baby,20,46,73,False
2019-06-22,80,Love Ain't,Eli Young Band,9,50,68,False
2019-06-22,81,Shotta Flow,NLE Choppa,8,81,82,False
2019-06-22,82,Calma,Pedro Capo X Farruko,13,71,83,False
2019-06-22,83,Heaven,Avicii,1,83,0,True
2019-06-22,84,Call You Mine,The Chainsmokers & Bebe Rexha,2,67,67,False
2019-06-22,85,Ocean Eyes,Billie Eilish,16,84,86,False
2019-06-22,86,Big Ole Freak,Megan Thee Stallion,10,65,77,False
2019-06-22,87,Please Tell Me,Future,1,87,0,True
2019-06-22,88,On My Way To You,Cody Johnson,16,78,78,False
2019-06-22,89,Trampoline,SHAED,2,89,99,False
2019-06-22,90,Raised On Country,Chris Young,2,90,97,False
2019-06-22,91,Te Robare,Nicky Jam X Ozuna,5,91,96,False
2019-06-22,92,Amor Genuino,Ozuna,1,92,0,True
2019-06-22,93,Only Human,Jonas Brothers,1,93,0,True
2019-06-22,94,Bacc At It Again,"Yella Beezy, Gucci Mane & Quavo",3,94,98,False
2019-06-22,95,La La Land,Bryce Vine Featuring YG,2,92,92,False
2019-06-22,96,Robbery,Juice WRLD,17,27,87,False
2019-06-22,97,Baila Baila Baila,Ozuna x Daddy Yankee x J Balvin x Farruko x Anuel AA,7,69,89,False
2019-06-22,98,XanaX Damage,Future,1,98,0,True
2019-06-22,99,Government Official,Future,1,99,0,True
2019-06-22,100,Otro Trago,"Sech, Darell, Nicky Jam, Ozuna & Anuel AA",1,100,0,True
2019-06-29,1,Old Town Road,Lil Nas X Featuring Billy Ray Cyrus,16,1,1,False
2019-06-29,2,You Need To Calm Down,Taylor Swift,1,2,0,True
2019-06-29,3,Bad Guy,Billie Eilish,12,2,2,False
2019-06-29,4,Talk,Khalid,19,3,3,False
2019-06-29,5,I Don't Care,Ed Sheeran & Justin Bieber,6,2,5,False
2019-06-29,6,Sucker,Jonas Brothers,16,1,4,False
2019-06-29,7,Money In The Grave,Drake Featuring Rick Ross,1,7,0,True
2019-06-29,8,Wow.,Post Malone,26,2,6,False
2019-06-29,9,Suge,DaBaby,12,8,8,False
2019-06-29,10,No Guidance,Chris Brown Featuring Drake,2,9,9,False
2019-06-29,11,Sunflower (Spider-Man: Into The Spider-Verse),Post Malone & Swae Lee,35,1,7,False
2019-06-29,12,Dancing With A Stranger,Sam Smith & Normani,23,7,10,False
2019-06-29,13,If I Can't Have You,Shawn Mendes,7,2,12,False
2019-06-29,14,Truth Hurts,Lizzo,7,14,17,False
2019-06-29,15,ME!,Taylor Swift Featuring Brendon Urie,9,2,14,False
2019-06-29,16,Without Me,Halsey,37,1,15,False
2019-06-29,17,Sweet But Psycho,Ava Max,27,10,13,False
2019-06-29,18,Pop Out,Polo G Featuring Lil Tjay,13,11,11,False
2019-06-29,19,7 Rings,Ariana Grande,22,1,16,False
2019-06-29,20,Happier,Marshmello & Bastille,44,2,18,False
2019-06-29,21,God's Country,Blake Shelton,12,19,19,False
2019-06-29,22,Whiskey Glasses,Morgan Wallen,16,17,20,False
2019-06-29,23,High Hopes,Panic! At The Disco,46,4,21,False
2019-06-29,24,"Hey Look Ma, I Made It",Panic! At The Disco,10,24,31,False
2019-06-29,25,Rumor,Lee Brice,15,25,36,False
2019-06-29,26,The London,"Young Thug, J. Cole & Travis Scott",4,12,24,False
2019-06-29,27,Con Calma,Daddy Yankee & Katy Perry Featuring Snow,20,22,23,False
2019-06-29,28,Beer Never Broke My Heart,Luke Combs,7,22,22,False
2019-06-29,29,Never Really Over,Katy Perry,3,15,28,False
2019-06-29,30,Middle Child,J. Cole,22,4,25,False
2019-06-29,31,Eastside,"Benny Blanco, Halsey & Khalid",49,9,27,False
2019-06-29,32,Act Up,City Girls,16,26,26,False
2019-06-29,33,Pure Water,Mustard & Migos,21,23,29,False
2019-06-29,34,Going Bad,Meek Mill Featuring Drake,29,6,32,False
2019-06-29,35,Omerta,Drake,1,35,0,True
2019-06-29,36,EARFQUAKE,"Tyler, The Creator",5,13,30,False
2019-06-29,37,Look What God Gave Her,Thomas Rhett,16,32,39,False
2019-06-29,38,Better,Khalid,40,8,35,False
2019-06-29,39,Shallow,Lady Gaga & Bradley Cooper,38,1,34,False
2019-06-29,40,Look Back At It,A Boogie wit da Hoodie,28,27,40,False
2019-06-29,41,"Break Up With Your Girlfriend, I'm Bored",Ariana Grande,19,2,37,False
2019-06-29,42,Sicko Mode,Travis Scott,46,1,38,False
2019-06-29,43,Speechless,Dan + Shay,26,24,33,False
2019-06-29,44,Nightmare,Halsey,5,15,43,False
2019-06-29,45,When The Party's Over,Billie Eilish,32,29,42,False
2019-06-29,46,Cross Me,Ed Sheeran Featuring Chance the Rapper & PnB Rock,4,34,49,False
2019-06-29,47,Envy Me,Calboy,27,31,41,False
2019-06-29,48,Good As You,Kane Brown,17,36,46,False
2019-06-29,49,Go Loko,"YG, Tyga & Jon Z",7,49,50,False
2019-06-29,50,Cool,Jonas Brothers,11,27,44,False
2019-06-29,51,The Git Up,Blanco Brown,2,51,66,False
2019-06-29,52,Ran$om,Lil Tecca,3,52,65,False
2019-06-29,53,Just Us,DJ Khaled Featuring SZA,5,43,60,False
2019-06-29,54,Someone You Loved,Lewis Capaldi,6,54,55,False
2019-06-29,55,Walk Me Home,P!nk,16,49,57,False
2019-06-29,56,Worth It,YK Osiris,18,52,54,False
2019-06-29,57,Please Me,Cardi B & Bruno Mars,18,3,51,False
2019-06-29,58,Clout,Offset Featuring Cardi B,11,39,53,False
2019-06-29,59,Knockin' Boots,Luke Bryan,8,59,61,False
2019-06-29,60,Press,Cardi B,3,16,47,False
2019-06-29,61,GIRL,Maren Morris,16,59,59,False
2019-06-29,62,Easier,5 Seconds of Summer,4,48,63,False
2019-06-29,63,24/7,Meek Mill Featuring Ella Mai,11,54,67,False
2019-06-29,64,Girls Need Love,Summer Walker X Drake,17,37,64,False
2019-06-29,65,Some Of It,Eric Church,4,65,74,False
2019-06-29,66,All To Myself,Dan + Shay,7,66,71,False
2019-06-29,67,Shotta Flow,NLE Choppa,9,67,81,False
2019-06-29,68,Callaita,Bad Bunny & Tainy,2,68,69,False
2019-06-29,69,Rearview Town,Jason Aldean,4,68,68,False
2019-06-29,70,Miss Me More,Kelsea Ballerini,20,47,56,False
2019-06-29,71,Love Someone,Brett Eldredge,9,52,52,False
2019-06-29,72,Before I Let Go,Beyonce,9,65,73,False
2019-06-29,73,Talk You Out Of It,Florida Georgia Line,18,73,78,False
2019-06-29,74,Wish Wish,DJ Khaled Featuring Cardi B & 21 Savage,5,19,70,False
2019-06-29,75,Down Bad,"Dreamville Featuring JID, BAS, J. Cole, EarthGang & Young Nudy",1,75,0,True
2019-06-29,76,Eyes On You,Chase Rice,18,38,72,False
2019-06-29,77,Soltera,"Lunay, Daddy Yankee & Bad Bunny",6,73,77,False
2019-06-29,78,Sanguine Paradise,Lil Uzi Vert,10,28,76,False
2019-06-29,79,Here With Me,Marshmello Featuring Chvrches,15,31,75,False
2019-06-29,80,Sanctuary,Joji,1,80,0,True
2019-06-29,81,Otro Trago,"Sech, Darell, Nicky Jam, Ozuna & Anuel AA",2,81,100,False
2019-06-29,82,Call You Mine,The Chainsmokers & Bebe Rexha,3,67,84,False
2019-06-29,83,Raised On Country,Chris Young,3,83,90,False
2019-06-29,84,Trampoline,SHAED,3,84,89,False
2019-06-29,85,Love Ain't,Eli Young Band,10,50,80,False
2019-06-29,86,Ocean Eyes,Billie Eilish,17,84,85,False
2019-06-29,87,Bacc At It Again,"Yella Beezy, Gucci Mane & Quavo",4,87,94,False
2019-06-29,88,Calma,Pedro Capo X Farruko,14,71,82,False
2019-06-29,89,Wake Up,Travis Scott,3,30,0,False
2019-06-29,90,La La Land,Bryce Vine Featuring YG,3,90,95,False
2019-06-29,91,Only Human,Jonas Brothers,2,91,93,False
2019-06-29,92,Rescue Me,Marshmello Featuring A Day to Remember,1,92,0,True
2019-06-29,93,Big Ole Freak,Megan Thee Stallion,11,65,86,False
2019-06-29,94,Te Robare,Nicky Jam X Ozuna,6,91,91,False
2019-06-29,95,Tap,Nav Featuring Meek Mill,2,89,0,False
2019-06-29,96,Baila Baila Baila,Ozuna x Daddy Yankee x J Balvin x Farruko x Anuel AA,8,69,97,False
2019-06-29,97,It's You,Ali Gatie,1,97,0,True
2019-06-29,98,Robbery,Juice WRLD,18,27,96,False
2019-06-29,99,Racks In The Middle,Nipsey Hussle Featuring Roddy Ricch & Hit-Boy,11,26,0,False
2019-06-29,100,The Ones That Didn't Make It Back Home,Justin Moore,1,100,0,True
