artist,title,artist_list,total_weeks,peak_rank,debut_rank,peak_week,rise_rate
2 Chainz,Watch Out,['2 Chainz'],11,64.0,85.0,4,5.25
2 Chainz Featuring Travis Scott,4 AM,"['2 Chainz', 'Travis Scott']",12,55.0,73.0,2,9.0
"2 Chainz Featuring Ty Dolla $ign, Trey Songz & Jhene Aiko",It's A Vibe,"['2 Chainz', 'Ty Dolla $ign', 'Trey Songz', 'Jhene Aiko']",20,44.0,95.0,10,5.1
21 Savage,A Lot,['21 Savage'],23,12.0,37.0,6,4.166666666666667
21 Savage,Bank Account,['21 Savage'],28,12.0,33.0,4,5.25
21 Savage,Red Opps,['21 Savage'],5,74.0,92.0,3,6.0
21 Savage & Metro Boomin,My Choppa Hate N****s,"['21 Savage', 'Metro Boomin']",2,73.0,94.0,1,21.0
21 Savage & Metro Boomin,No Heart,"['21 Savage', 'Metro Boomin']",19,43.0,85.0,9,4.666666666666667
21 Savage & Metro Boomin Featuring Future,X,"['21 Savage', 'Metro Boomin', 'Future']",21,36.0,98.0,9,6.888888888888889
"21 Savage, Offset & Metro Boomin Featuring Quavo",Rap Saved Me,"['21 Savage', 'Offset', 'Metro Boomin', 'Quavo']",3,64.0,74.0,1,10.0
"21 Savage, Offset & Metro Boomin Featuring Travis Scott",Ghostface Killers,"['21 Savage', 'Offset', 'Metro Boomin', 'Travis Scott']",7,35.0,57.0,1,22.0
24kGoldn Featuring iann dior,Mood,"['24kGoldn', 'iann dior']",52,1.0,84.0,9,9.222222222222221
4*TOWN (From Disney And Pixar's Turning Red),Nobody Like U,"[""4*TOWN (From Disney And Pixar's Turning Red)""]",5,49.0,50.0,1,1.0
4batz Featuring Drake,Act II: Date @ 8,"['4batz', 'Drake']",20,7.0,77.0,9,7.777777777777778
5 Seconds of Summer,Complete Mess,['5 Seconds of Summer'],3,85.0,91.0,1,6.0
5 Seconds of Summer,Youngblood,['5 Seconds of Summer'],48,7.0,96.0,18,4.944444444444445
6ix9ine,Billy,['6ix9ine'],8,50.0,60.0,2,5.0
6ix9ine,Gummo,['6ix9ine'],19,12.0,58.0,4,11.5
6ix9ine Featuring A Boogie wit da Hoodie,WAKA,"['6ix9ine', 'A Boogie wit da Hoodie']",3,51.0,71.0,1,20.0
6ix9ine Featuring Lil Baby,TIC TOC,"['6ix9ine', 'Lil Baby']",3,53.0,62.0,1,9.0
6ix9ine Featuring Nicki Minaj & Kanye West,MAMA,"['6ix9ine', 'Nicki Minaj', 'Kanye West']",4,43.0,58.0,1,15.0
6ix9ine Featuring Nicki Minaj & Murda Beatz,FEFE,"['6ix9ine', 'Nicki Minaj', 'Murda Beatz']",20,3.0,4.0,1,1.0
"6ix9ine, Fetty Wap & A Boogie wit da Hoodie",KEKE,"['6ix9ine', 'Fetty Wap', 'A Boogie wit da Hoodie']",8,43.0,64.0,1,21.0
A Boogie wit da Hoodie,Look Back At It,['A Boogie wit da Hoodie'],31,27.0,95.0,21,3.238095238095238
A Boogie wit da Hoodie Featuring 6ix9ine,Swervin,"['A Boogie wit da Hoodie', '6ix9ine']",20,38.0,57.0,1,19.0
A Boogie wit da Hoodie Featuring DJ SPINKING,Timeless,"['A Boogie wit da Hoodie', 'DJ SPINKING']",4,86.0,96.0,3,3.3333333333333335
A Boogie wit da Hoodie Featuring Juice WRLD,Demons And Angels,"['A Boogie wit da Hoodie', 'Juice WRLD']",3,90.0,94.0,1,4.0
A Boogie wit da Hoodie Featuring Kodak Black,Drowning,"['A Boogie wit da Hoodie', 'Kodak Black']",21,38.0,94.0,15,3.7333333333333334
A Boogie wit da Hoodie Featuring Offset & Tyga,Startender,"['A Boogie wit da Hoodie', 'Offset', 'Tyga']",9,59.0,65.0,2,3.0
A$AP Ferg Featuring Nicki Minaj,Plain Jane,"['A$AP Ferg', 'Nicki Minaj']",24,27.0,98.0,15,4.733333333333333
AJR,Way Less Sad,['AJR'],15,54.0,99.0,10,4.5
AJR,World's Smallest Violin,['AJR'],3,91.0,97.0,2,3.0
Acraze Featuring Cherish,Do It To It,"['Acraze', 'Cherish']",12,65.0,97.0,2,16.0
Addison Rae,Fame Is A Gun,['Addison Rae'],3,73.0,94.0,1,21.0
Adele,Easy On Me,['Adele'],31,1.0,68.0,1,67.0
Adele,Send My Love (To Your New Lover),['Adele'],26,8.0,26.0,15,1.2
Adele,Water Under The Bridge,['Adele'],21,26.0,94.0,10,6.8
Adele,When We Were Young,['Adele'],17,14.0,55.0,9,4.555555555555555
Alessia Cara,Growing Pains,['Alessia Cara'],8,65.0,99.0,2,17.0
Alessia Cara,Here,['Alessia Cara'],15,5.0,8.0,5,0.6
Alessia Cara,Scars To Your Beautiful,['Alessia Cara'],43,8.0,95.0,23,3.782608695652174
Alessia Cara,Wild Things,['Alessia Cara'],20,50.0,91.0,13,3.1538461538461537
Alex Warren,Ordinary,['Alex Warren'],45,1.0,61.0,15,4.0
Ali Gatie,It's You,['Ali Gatie'],15,70.0,97.0,1,27.0
Alice Merton,No Roots,['Alice Merton'],3,84.0,100.0,1,16.0
All Time Low Featuring Demi Lovato & Blackbear,Monsters,"['All Time Low', 'Demi Lovato', 'Blackbear']",17,55.0,88.0,8,4.125
Amine,Caroline,['Amine'],28,11.0,96.0,15,5.666666666666667
Andy Grammer,Fresh Eyes,['Andy Grammer'],18,59.0,97.0,7,5.428571428571429
Andy Grammer,Good To Be Alive (Hallelujah),['Andy Grammer'],10,62.0,86.0,2,12.0
Anitta,Envolver,['Anitta'],6,70.0,74.0,1,4.0
AnnenMayKantereit & Giant Rooks,Tom's Diner,"['AnnenMayKantereit', 'Giant Rooks']",3,78.0,84.0,1,6.0
Anuel AA & Romeo Santos,Ella Quiere Beber,"['Anuel AA', 'Romeo Santos']",20,61.0,86.0,11,2.272727272727273
Ari Lennox,Pressure,['Ari Lennox'],17,66.0,94.0,6,4.666666666666667
Ariana Grande,Breathin,['Ariana Grande'],25,12.0,22.0,15,0.6666666666666666
Ariana Grande,Dangerous Woman,['Ariana Grande'],21,8.0,10.0,10,0.2
Ariana Grande,God Is A Woman,['Ariana Grande'],22,8.0,11.0,5,0.6
Ariana Grande & Victoria Monet,Monopoly,"['Ariana Grande', 'Victoria Monet']",2,69.0,70.0,1,1.0
Ariana Grande Feat. Doja Cat & Megan Thee Stallion,34+35,"['Ariana Grande', 'Doja Cat', 'Megan Thee Stallion']",28,2.0,8.0,11,0.5454545454545454
Ariana Grande Featuring Future,Everyday,"['Ariana Grande', 'Future']",7,55.0,85.0,4,7.5
Ariana Grande Featuring Nicki Minaj,Side To Side,"['Ariana Grande', 'Nicki Minaj']",28,4.0,31.0,11,2.4545454545454546
Arizona Zervas,Roxanne,['Arizona Zervas'],26,4.0,34.0,6,5.0
Artemas,I Like The Way You Kiss Me,['Artemas'],20,12.0,70.0,3,19.333333333333332
Ashley Cooke,Your Place,['Ashley Cooke'],4,80.0,95.0,3,5.0
Ashley McBryde,One Night Standards,['Ashley McBryde'],15,76.0,93.0,9,1.8888888888888888
Ava Max,Kings & Queens,['Ava Max'],27,13.0,73.0,14,4.285714285714286
Ava Max,My Head And My Heart,['Ava Max'],12,45.0,82.0,3,12.333333333333334
Ava Max,Sweet But Psycho,['Ava Max'],35,10.0,87.0,22,3.5
Ayo & Teo,Rolex,"['Ayo', 'Teo']",25,20.0,87.0,15,4.466666666666667
BENEE Featuring Gus Dapperton,Supalonely,"['BENEE', 'Gus Dapperton']",22,39.0,88.0,8,6.125
BRS Kash,Throat Baby (Go Baby),['BRS Kash'],22,24.0,93.0,14,4.928571428571429
BTS,DNA,['BTS'],4,67.0,85.0,1,18.0
BabyChiefDoit,Went West,['BabyChiefDoit'],2,71.0,89.0,1,18.0
Bad Bunny,Baile Inolvidable,['Bad Bunny'],20,3.0,28.0,1,25.0
Bad Bunny,Bokete,['Bad Bunny'],4,42.0,69.0,1,27.0
Bad Bunny,DTMF,['Bad Bunny'],20,2.0,38.0,1,36.0
Bad Bunny,Ketu Tecre,['Bad Bunny'],4,38.0,59.0,1,21.0
Bad Bunny,Kloufrens,['Bad Bunny'],5,40.0,66.0,1,26.0
Bad Bunny,La Mudanza,['Bad Bunny'],4,51.0,95.0,1,44.0
Bad Bunny,Lo Que Le Paso A Hawaii,['Bad Bunny'],3,62.0,94.0,1,32.0
Bad Bunny,Pitorro de Coco,['Bad Bunny'],5,50.0,91.0,2,20.5
Bad Bunny,Turista,['Bad Bunny'],4,45.0,77.0,1,32.0
Bad Bunny,Un Preview,['Bad Bunny'],7,43.0,65.0,1,22.0
Bad Bunny & Chencho Corleone,Me Porto Bonito,"['Bad Bunny', 'Chencho Corleone']",26,6.0,10.0,9,0.4444444444444444
Bad Bunny & Chuwi,Weltita,"['Bad Bunny', 'Chuwi']",6,32.0,52.0,1,20.0
Bad Bunny & Jhay Cortez,Dakiti,"['Bad Bunny', 'Jhay Cortez']",28,5.0,9.0,4,1.0
Bad Bunny & Los Pleneros de La Cresta,Cafe Con Ron,"['Bad Bunny', 'Los Pleneros de La Cresta']",4,48.0,83.0,1,35.0
Bad Bunny & RaiNao,Perfumito Nuevo,"['Bad Bunny', 'RaiNao']",5,31.0,45.0,1,14.0
Bad Bunny & Tainy,Callaita,"['Bad Bunny', 'Tainy']",20,52.0,69.0,7,2.4285714285714284
"Bad Bunny, Omar Courtz & Dei V",Velda,"['Bad Bunny', 'Omar Courtz', 'Dei V']",7,23.0,43.0,1,20.0
Bailey Zimmerman,Religiously,['Bailey Zimmerman'],25,13.0,66.0,20,2.65
Bailey Zimmerman,Rock And A Hard Place,['Bailey Zimmerman'],54,10.0,24.0,40,0.35
Bailey Zimmerman & Luke Combs,Backup Plan,"['Bailey Zimmerman', 'Luke Combs']",20,30.0,36.0,16,0.375
Bakar Featuring Summer Walker,Hell N Back,"['Bakar', 'Summer Walker']",12,53.0,73.0,1,20.0
Bazzi,Mine,['Bazzi'],34,11.0,56.0,9,5.0
Bazzi Featuring Camila Cabello,Beautiful,"['Bazzi', 'Camila Cabello']",27,26.0,60.0,23,1.4782608695652173
Bebe Rexha,I Got You,['Bebe Rexha'],11,43.0,94.0,6,8.5
Bebe Rexha,I'm A Mess,['Bebe Rexha'],20,35.0,92.0,16,3.5625
Bebe Rexha & Florida Georgia Line,Meant To Be,"['Bebe Rexha', 'Florida Georgia Line']",51,2.0,61.0,20,2.95
Becky G & Peso Pluma,Chanel,"['Becky G', 'Peso Pluma']",10,55.0,88.0,3,11.0
Bella Poarch,Build A Bitch,['Bella Poarch'],12,56.0,58.0,2,1.0
Belly Featuring The Weeknd,Might Not,"['Belly', 'The Weeknd']",17,68.0,100.0,7,4.571428571428571
Ben Rector,Brand New,['Ben Rector'],5,82.0,94.0,1,12.0
Benny Blanco & Juice WRLD Featuring Brendon Urie,Roses,"['Benny Blanco', 'Juice WRLD', 'Brendon Urie']",6,85.0,95.0,4,2.5
"Benny Blanco, Halsey & Khalid",Eastside,"['Benny Blanco', 'Halsey', 'Khalid']",52,9.0,56.0,25,1.88
"Benny Blanco, Tainy, Selena Gomez & J Balvin",I Can't Get Enough,"['Benny Blanco', 'Tainy', 'Selena Gomez', 'J Balvin']",5,66.0,93.0,2,13.5
Benson Boone,Mystical Magical,['Benson Boone'],27,17.0,40.0,9,2.5555555555555554
Benson Boone,Pretty Slowly,['Benson Boone'],3,86.0,91.0,1,5.0
Benson Boone,Slow It Down,['Benson Boone'],29,32.0,45.0,24,0.5416666666666666
Benson Boone,Sorry I'm Here For Someone Else,['Benson Boone'],32,19.0,44.0,16,1.5625
Beyonce,Before I Let Go,['Beyonce'],16,65.0,75.0,1,10.0
Beyonce,Break My Soul,['Beyonce'],18,1.0,15.0,6,2.3333333333333335
Beyonce,Texas Hold 'Em,['Beyonce'],20,1.0,2.0,1,1.0
Bhad Bhabie Featuring Lil Yachty,Gucci Flip Flops,"['Bhad Bhabie', 'Lil Yachty']",3,79.0,80.0,1,1.0
Big Sean,Bounce Back,['Big Sean'],28,6.0,61.0,13,4.230769230769231
Big Sean Featuring Chris Brown & Ty Dolla $ign,Play No Games,"['Big Sean', 'Chris Brown', 'Ty Dolla $ign']",8,89.0,93.0,3,1.3333333333333333
BigXthaPlug,Change Me,['BigXthaPlug'],4,79.0,89.0,1,10.0
BigXthaPlug,Leave Me Alone,['BigXthaPlug'],2,96.0,99.0,1,3.0
BigXthaPlug Featuring Ella Langley,Hell At Night,"['BigXthaPlug', 'Ella Langley']",19,35.0,49.0,2,7.0
Billie Eilish,Bad Guy,['Billie Eilish'],49,1.0,7.0,19,0.3157894736842105
Billie Eilish,Birds Of A Feather,['Billie Eilish'],67,2.0,13.0,19,0.5789473684210527
Billie Eilish,Bury A Friend,['Billie Eilish'],20,14.0,74.0,1,60.0
Billie Eilish,Everything I Wanted,['Billie Eilish'],33,8.0,74.0,1,66.0
Billie Eilish,Therefore I Am,['Billie Eilish'],27,2.0,94.0,1,92.0
Billie Eilish,Wish You Were Gay,['Billie Eilish'],11,31.0,74.0,4,10.75
Billie Eilish,idontwannabeyouanymore,['Billie Eilish'],3,96.0,100.0,2,2.0
Billy Currington,Do I Make You Wanna,['Billy Currington'],19,47.0,79.0,7,4.571428571428571
Billy Currington,It Don't Hurt Like It Used To,['Billy Currington'],17,44.0,97.0,9,5.888888888888889
Blac Youngsta,Booty,['Blac Youngsta'],5,73.0,81.0,1,8.0
"Black Eyed Peas, Ozuna + J.Rey Soul",Mamacita,"['Black Eyed Peas', 'Ozuna', 'J.Rey Soul']",11,62.0,90.0,2,14.0
Blackbear,Hot Girl Bummer,['Blackbear'],42,11.0,91.0,26,3.076923076923077
Blake Shelton,A Guy With A Girl,['Blake Shelton'],17,42.0,97.0,10,5.5
Blake Shelton,Came Here To Forget,['Blake Shelton'],19,36.0,54.0,11,1.6363636363636365
Blake Shelton,Every Time I Hear That Song,['Blake Shelton'],11,56.0,79.0,7,3.2857142857142856
Blake Shelton,God's Country,['Blake Shelton'],23,17.0,59.0,13,3.230769230769231
Blake Shelton,I Lived It,['Blake Shelton'],18,63.0,99.0,15,2.4
Blake Shelton,I'll Name The Dogs,['Blake Shelton'],19,56.0,73.0,15,1.1333333333333333
Blake Shelton,Minimum Wage,['Blake Shelton'],12,67.0,96.0,6,4.833333333333333
Blake Shelton,She's Got A Way With Words,['Blake Shelton'],12,61.0,86.0,8,3.125
Blanco Brown,The Git Up,['Blanco Brown'],20,14.0,66.0,6,8.666666666666666
BlocBoy JB Featuring Drake,Look Alive,"['BlocBoy JB', 'Drake']",25,5.0,6.0,1,1.0
Blueface,Thotiana,['Blueface'],20,8.0,75.0,10,6.7
Blueface & Rich The Kid,Daddy,"['Blueface', 'Rich The Kid']",4,78.0,89.0,2,5.5
Blxst & Tyga Featuring Ty Dolla $ign,Chosen,"['Blxst', 'Tyga', 'Ty Dolla $ign']",21,51.0,98.0,14,3.357142857142857
BossMan Dlow,Get In With Me,['BossMan Dlow'],20,49.0,68.0,3,6.333333333333333
Brantley Gilbert,The Weekend,['Brantley Gilbert'],20,64.0,95.0,14,2.2142857142857144
Brett Eldredge,Drunk On Your Love,['Brett Eldredge'],15,35.0,94.0,11,5.363636363636363
Brett Eldredge,Love Someone,['Brett Eldredge'],10,52.0,93.0,7,5.857142857142857
Brett Eldredge,The Long Way,['Brett Eldredge'],12,65.0,93.0,8,3.5
Brett Eldredge,Wanna Be That Song,['Brett Eldredge'],20,46.0,98.0,13,4.0
Brett Young,In Case You Didn't Know,['Brett Young'],28,19.0,94.0,15,5.0
Brett Young,Like I Loved You,['Brett Young'],19,46.0,95.0,13,3.769230769230769
Brett Young,Mercy,['Brett Young'],20,29.0,97.0,14,4.857142857142857
Brett Young,Sleep Without You,['Brett Young'],18,47.0,89.0,10,4.2
Brothers Osborne,Stay A Little Longer,['Brothers Osborne'],10,46.0,58.0,5,2.4
Bruno Mars,24K Magic,['Bruno Mars'],41,4.0,5.0,6,0.16666666666666666
Bruno Mars & Cardi B,Finesse,"['Bruno Mars', 'Cardi B']",23,3.0,35.0,1,32.0
Bryce Vine,Drew Barrymore,['Bryce Vine'],14,46.0,91.0,2,22.5
Bryce Vine Featuring YG,La La Land,"['Bryce Vine', 'YG']",11,75.0,92.0,7,2.4285714285714284
Bryson Tiller,Don't,['Bryson Tiller'],23,13.0,20.0,4,1.75
Bryson Tiller,Exchange,['Bryson Tiller'],27,26.0,48.0,12,1.8333333333333333
Bryson Tiller,Sorry Not Sorry,['Bryson Tiller'],15,67.0,95.0,5,5.6
Bryson Tiller,Whatever She Wants,['Bryson Tiller'],20,19.0,32.0,2,6.5
Burna Boy,Last Last,['Burna Boy'],19,44.0,86.0,12,3.5
CJ,Whoopty,['CJ'],22,10.0,97.0,12,7.25
CKay,Love Nwantiti (Ah Ah Ah),['CKay'],29,26.0,80.0,18,3.0
Calboy,Envy Me,['Calboy'],27,31.0,91.0,18,3.3333333333333335
Calvin Harris & Dua Lipa,One Kiss,"['Calvin Harris', 'Dua Lipa']",21,26.0,62.0,14,2.5714285714285716
Calvin Harris Featuring Frank Ocean & Migos,Slide,"['Calvin Harris', 'Frank Ocean', 'Migos']",20,25.0,34.0,11,0.8181818181818182
Calvin Harris Featuring Kehlani & Lil Yachty,Faking It,"['Calvin Harris', 'Kehlani', 'Lil Yachty']",4,94.0,100.0,1,6.0
"Calvin Harris Featuring Pharrell Williams, Katy Perry & Big Sean",Feels,"['Calvin Harris', 'Pharrell Williams', 'Katy Perry', 'Big Sean']",18,20.0,51.0,8,3.875
Calvin Harris Featuring Rihanna,This Is What You Came For,"['Calvin Harris', 'Rihanna']",32,3.0,9.0,11,0.5454545454545454
Camila Cabello,Consequences,['Camila Cabello'],12,51.0,97.0,8,5.75
Camila Cabello,I'll Be Home For Christmas,['Camila Cabello'],4,71.0,97.0,2,13.0
Camila Cabello,Liar,['Camila Cabello'],11,52.0,56.0,6,0.6666666666666666
Camila Cabello Featuring DaBaby,My Oh My,"['Camila Cabello', 'DaBaby']",27,12.0,82.0,18,3.888888888888889
Camila Cabello Featuring Ed Sheeran,Bam Bam,"['Camila Cabello', 'Ed Sheeran']",20,21.0,23.0,7,0.2857142857142857
Capella Grey,Gyalis,['Capella Grey'],19,38.0,95.0,9,6.333333333333333
Cardi B,Be Careful,['Cardi B'],20,11.0,16.0,1,5.0
Cardi B,Bodak Yellow (Money Moves),['Cardi B'],34,1.0,85.0,11,7.636363636363637
Cardi B,Money,['Cardi B'],26,13.0,54.0,1,41.0
Cardi B,Up,['Cardi B'],20,1.0,2.0,5,0.2
Cardi B & Bruno Mars,Please Me,"['Cardi B', 'Bruno Mars']",20,3.0,5.0,2,1.0
"Cardi B, Bad Bunny & J Balvin",I Like It,"['Cardi B', 'Bad Bunny', 'J Balvin']",51,1.0,8.0,11,0.6363636363636364
Carin Leon X Grupo Frontera,Que Vuelvas,"['Carin Leon', 'Grupo Frontera']",20,50.0,83.0,3,11.0
Carly Pearce,Every Little Thing,['Carly Pearce'],17,50.0,94.0,11,4.0
Carly Pearce & Lee Brice,I Hope You're Happy Now,"['Carly Pearce', 'Lee Brice']",25,27.0,93.0,21,3.142857142857143
"Carolina Gaitan, Mauro Castillo, Adassa, Rhenzy Feliz, Diane Guerrero, Stephanie Beatriz & Encanto Cast",We Don't Talk About Bruno,"['Carolina Gaitan', 'Mauro Castillo', 'Adassa', 'Rhenzy Feliz', 'Diane Guerrero', 'Stephanie Beatriz', 'Encanto Cast']",20,1.0,50.0,4,12.25
Carrie Underwood,Church Bells,['Carrie Underwood'],17,43.0,90.0,6,7.833333333333333
Carrie Underwood,Dirty Laundry,['Carrie Underwood'],16,48.0,73.0,11,2.272727272727273
Carrie Underwood,Favorite Time Of Year,['Carrie Underwood'],4,62.0,95.0,3,11.0
Carrie Underwood,Heartbeat,['Carrie Underwood'],14,42.0,76.0,6,5.666666666666667
Carrie Underwood,Southbound,['Carrie Underwood'],13,64.0,96.0,11,2.909090909090909
Carrie Underwood & John Legend,Hallelujah,"['Carrie Underwood', 'John Legend']",3,54.0,96.0,2,21.0
"Casper Magico, Nio Garcia, Darell, Nicky Jam, Ozuna & Bad Bunny",Te Bote,"['Casper Magico', 'Nio Garcia', 'Darell', 'Nicky Jam', 'Ozuna', 'Bad Bunny']",21,36.0,74.0,5,7.6
Central Cee & Lil Baby,BAND4BAND,"['Central Cee', 'Lil Baby']",17,18.0,22.0,1,4.0
Central Cee Featuring 21 Savage,GBP,"['Central Cee', '21 Savage']",2,81.0,92.0,1,11.0
Chappell Roan,Casual,['Chappell Roan'],16,59.0,82.0,7,3.2857142857142856
Chappell Roan,Femininomenon,['Chappell Roan'],9,66.0,96.0,3,10.0
Chappell Roan,Hot To Go!,['Chappell Roan'],25,15.0,80.0,16,4.0625
Chappell Roan,Pink Pony Club,['Chappell Roan'],68,4.0,90.0,43,2.0
Chappell Roan,Red Wine Supernova,['Chappell Roan'],20,41.0,75.0,10,3.4
Charli xcx,360,['Charli xcx'],20,41.0,73.0,8,4.0
Charli xcx,Party 4 U,['Charli xcx'],21,55.0,95.0,2,20.0
Charlie Puth,Attention,['Charlie Puth'],39,5.0,68.0,15,4.2
Charlie Puth,How Long,['Charlie Puth'],23,21.0,60.0,14,2.7857142857142856
Charlie Puth,Light Switch,['Charlie Puth'],15,27.0,42.0,6,2.5
Charlie Puth,One Call Away,['Charlie Puth'],24,12.0,60.0,9,5.333333333333333
Charlie Puth,The Way I Am,['Charlie Puth'],7,61.0,87.0,4,6.5
Charlie Puth Featuring Kehlani,Done For Me,"['Charlie Puth', 'Kehlani']",9,53.0,74.0,1,21.0
Chase Bryant,Little Bit Of You,['Chase Bryant'],11,71.0,99.0,9,3.111111111111111
Chase Matthew,Darlin',['Chase Matthew'],13,52.0,98.0,7,6.571428571428571
Chase Rice,Eyes On You,['Chase Rice'],20,38.0,84.0,10,4.6
Chase Rice,Lonely If You Are,['Chase Rice'],6,91.0,100.0,4,2.25
Chase Rice Featuring Florida Georgia Line,Drinkin' Beer. Talkin' God. Amen.,"['Chase Rice', 'Florida Georgia Line']",20,24.0,75.0,9,5.666666666666667
Chayce Beckham,23,['Chayce Beckham'],20,45.0,71.0,11,2.3636363636363638
Cheat Codes Featuring Demi Lovato,No Promises,"['Cheat Codes', 'Demi Lovato']",23,38.0,95.0,20,2.85
Cher,DJ Play A Christmas Song,['Cher'],2,90.0,94.0,1,4.0
Chino Pacas,El Gordo Trae El Mando,['Chino Pacas'],13,58.0,84.0,7,3.7142857142857144
Chloe,Winter Wonderland,['Chloe'],2,87.0,96.0,1,9.0
Chris Brown,Back To Sleep,['Chris Brown'],20,20.0,64.0,11,4.0
Chris Brown,Privacy,['Chris Brown'],17,62.0,87.0,8,3.125
Chris Brown,Under The Influence,['Chris Brown'],41,12.0,36.0,17,1.411764705882353
Chris Brown & Young Thug,Go Crazy,"['Chris Brown', 'Young Thug']",52,3.0,76.0,41,1.7804878048780488
Chris Brown Featuring Bryson Tiller,It Depends,"['Chris Brown', 'Bryson Tiller']",21,16.0,43.0,12,2.25
Chris Brown Featuring Drake,No Guidance,"['Chris Brown', 'Drake']",46,5.0,9.0,15,0.26666666666666666
Chris Brown Featuring Gunna,Heat,"['Chris Brown', 'Gunna']",20,36.0,77.0,10,4.1
Chris Brown Featuring Usher & Gucci Mane,Party,"['Chris Brown', 'Usher', 'Gucci Mane']",20,40.0,58.0,5,3.6
"Chris Brown Featuring Yo Gotti, A Boogie wit da Hoodie & Kodak Black",Pills And Automobiles,"['Chris Brown', 'Yo Gotti', 'A Boogie wit da Hoodie', 'Kodak Black']",19,46.0,98.0,9,5.777777777777778
Chris Janson,Done,['Chris Janson'],12,41.0,92.0,7,7.285714285714286
Chris Janson,Drunk Girl,['Chris Janson'],10,79.0,86.0,9,0.7777777777777778
Chris Janson,Good Vibes,['Chris Janson'],13,48.0,90.0,6,7.0
Chris Lane,Fix,['Chris Lane'],12,65.0,99.0,7,4.857142857142857
Chris Lane,For Her,['Chris Lane'],4,92.0,99.0,3,2.3333333333333335
Chris Lane,I Don't Know About You,['Chris Lane'],20,39.0,98.0,11,5.363636363636363
Chris Stapleton,Nobody To Blame,['Chris Stapleton'],15,68.0,97.0,13,2.230769230769231
Chris Stapleton,Starting Over,['Chris Stapleton'],34,25.0,57.0,11,2.909090909090909
Chris Stapleton,White Horse,['Chris Stapleton'],29,12.0,31.0,16,1.1875
Chris Stapleton,You Should Probably Leave,['Chris Stapleton'],36,28.0,90.0,29,2.1379310344827585
Chris Young,Hangin' On,['Chris Young'],13,63.0,97.0,8,4.25
Chris Young,Losing Sleep,['Chris Young'],19,60.0,94.0,17,2.0
Chris Young,Raised On Country,['Chris Young'],13,54.0,97.0,9,4.777777777777778
Chris Young Duet With Cassadee Pope,Think Of You,"['Chris Young', 'Cassadee Pope']",20,40.0,86.0,8,5.75
Chris Young Featuring Vince Gill,Sober Saturday Night,"['Chris Young', 'Vince Gill']",11,47.0,92.0,6,7.5
Chris Young With Mitchell Tenpenny,At The End Of A Bar,"['Chris Young', 'Mitchell Tenpenny']",6,75.0,94.0,5,3.8
Ciara,Level Up,['Ciara'],6,59.0,77.0,1,18.0
Cico P,Tampa,['Cico P'],2,91.0,97.0,1,6.0
City Girls,Act Up,['City Girls'],21,26.0,77.0,14,3.642857142857143
Clean Bandit Featuring Sean Paul & Anne-Marie,Rockabye,"['Clean Bandit', 'Sean Paul', 'Anne-Marie']",27,9.0,100.0,13,7.0
Cody Johnson,'Til You Can't,['Cody Johnson'],36,18.0,94.0,23,3.3043478260869565
Cody Johnson,The Fall,['Cody Johnson'],12,68.0,86.0,6,3.0
Cody Johnson & Carrie Underwood,I'm Gonna Love You,"['Cody Johnson', 'Carrie Underwood']",26,37.0,42.0,23,0.21739130434782608
Coi Leray,Players,['Coi Leray'],26,9.0,98.0,11,8.090909090909092
Coi Leray Featuring Lil Durk,No More Parties,"['Coi Leray', 'Lil Durk']",20,26.0,84.0,5,11.6
Coldplay,Adventure Of A Lifetime,['Coldplay'],15,13.0,44.0,8,3.875
Cole Swindell,Love You Too Late,['Cole Swindell'],14,49.0,94.0,11,4.090909090909091
Cole Swindell,Middle Of A Memory,['Cole Swindell'],20,46.0,99.0,12,4.416666666666667
Cole Swindell,Single Saturday Night,['Cole Swindell'],20,26.0,95.0,9,7.666666666666667
Cole Swindell,You Should Be Here,['Cole Swindell'],20,31.0,69.0,15,2.533333333333333
Cole Swindell / Lainey Wilson,Never Say Never,"['Cole Swindell', 'Lainey Wilson']",20,27.0,79.0,12,4.333333333333333
Cynthia Erivo Featuring Michelle Yeoh,The Wizard And I,"['Cynthia Erivo', 'Michelle Yeoh']",2,92.0,93.0,1,1.0
D.R.A.M. Featuring Lil Yachty,Broccoli,"['D.R.A.M.', 'Lil Yachty']",37,5.0,87.0,18,4.555555555555555
"DJ Drama Featuring Chris Brown, Skeme & Lyquin",Wishing,"['DJ Drama', 'Chris Brown', 'Skeme', 'Lyquin']",14,77.0,95.0,7,2.5714285714285716
DJ Esco Featuring Future & Lil Uzi Vert,Too Much Sauce,"['DJ Esco', 'Future', 'Lil Uzi Vert']",20,50.0,94.0,19,2.3157894736842106
DJ Khaled Featuring Drake,For Free,"['DJ Khaled', 'Drake']",20,13.0,18.0,8,0.625
DJ Khaled Featuring Jay Z & Future,I Got The Keys,"['DJ Khaled', 'Jay Z', 'Future']",17,30.0,56.0,3,8.666666666666666
"DJ Khaled Featuring Nicki Minaj, Chris Brown, August Alsina, Jeremih, Future & Rick Ross",Do You Mind,"['DJ Khaled', 'Nicki Minaj', 'Chris Brown', 'August Alsina', 'Jeremih', 'Future', 'Rick Ross']",20,27.0,94.0,15,4.466666666666667
DJ Khaled Featuring Rihanna & Bryson Tiller,Wild Thoughts,"['DJ Khaled', 'Rihanna', 'Bryson Tiller']",21,2.0,4.0,3,0.6666666666666666
DJ Luke Nasty,Might Be,['DJ Luke Nasty'],10,78.0,85.0,2,3.5
DJ Luke Nasty,OTW,['DJ Luke Nasty'],8,71.0,91.0,3,6.666666666666667
DJ Snake Featuring Bipolar Sunshine,Middle,"['DJ Snake', 'Bipolar Sunshine']",21,20.0,95.0,9,8.333333333333334
DJ Snake Featuring Justin Bieber,Let Me Love You,"['DJ Snake', 'Justin Bieber']",33,4.0,12.0,6,1.3333333333333333
"DJ Snake Featuring Selena Gomez, Ozuna & Cardi B",Taki Taki,"['DJ Snake', 'Selena Gomez', 'Ozuna', 'Cardi B']",26,11.0,27.0,3,5.333333333333333
DJ Suede The Remix God,Cash Me Outside (#CashMeOutside),['DJ Suede The Remix God'],3,72.0,88.0,2,8.0
DLOW,Do It Like Me,['DLOW'],10,48.0,68.0,1,20.0
DNCE,Cake By The Ocean,['DNCE'],38,9.0,47.0,10,3.8
DNCE,Toothbrush,['DNCE'],10,44.0,98.0,4,13.5
DaBaby,BOP,['DaBaby'],30,11.0,19.0,10,0.8
DaBaby,INTRO,['DaBaby'],6,13.0,17.0,1,4.0
DaBaby,Red Light Green Light,['DaBaby'],5,50.0,51.0,1,1.0
DaBaby Featuring Offset,Baby Sitter,"['DaBaby', 'Offset']",20,59.0,93.0,10,3.4
DaBaby Featuring Young Thug,Blind,"['DaBaby', 'Young Thug']",9,74.0,95.0,8,2.625
DaBaby X Lil Wayne,Lonely,"['DaBaby', 'Lil Wayne']",2,63.0,68.0,1,5.0
Daddy Yankee,Dura,['Daddy Yankee'],21,43.0,81.0,13,2.923076923076923
Daddy Yankee,Shaky Shaky,['Daddy Yankee'],2,88.0,100.0,1,12.0
Dae Dae,"Wat U Mean (Aye, Aye, Aye)",['Dae Dae'],17,66.0,96.0,4,7.5
Dan + Shay,All To Myself,['Dan + Shay'],20,31.0,96.0,14,4.642857142857143
Dan + Shay,From The Ground Up,['Dan + Shay'],16,48.0,90.0,8,5.25
Dan + Shay,Glad You Exist,['Dan + Shay'],29,21.0,63.0,26,1.6153846153846154
Dan + Shay,How Not To,['Dan + Shay'],14,57.0,98.0,10,4.1
Dan + Shay,Pick Out A Christmas Tree,['Dan + Shay'],5,63.0,77.0,3,4.666666666666667
Dan + Shay,Take Me Home For Christmas,['Dan + Shay'],4,48.0,88.0,2,20.0
DaniLeigh Featuring Chris Brown,Easy,"['DaniLeigh', 'Chris Brown']",15,79.0,91.0,8,1.5
Daniel Caesar Featuring H.E.R.,Best Part,"['Daniel Caesar', 'H.E.R.']",19,75.0,81.0,9,0.6666666666666666
Dareyes de La Sierra,Frecuencia,['Dareyes de La Sierra'],9,82.0,94.0,2,6.0
Darius Rucker,For The First Time,['Darius Rucker'],10,58.0,95.0,8,4.625
Dasha,Austin,['Dasha'],36,18.0,74.0,22,2.5454545454545454
David Guetta & Bebe Rexha,I'm Good (Blue),"['David Guetta', 'Bebe Rexha']",48,4.0,81.0,18,4.277777777777778
David Guetta Featuring Sia & Fetty Wap,Bang My Head,"['David Guetta', 'Sia', 'Fetty Wap']",6,76.0,98.0,3,7.333333333333333
"David Guetta, Alphaville & Ava Max",Forever Young,"['David Guetta', 'Alphaville', 'Ava Max']",5,90.0,99.0,2,4.5
"David Guetta, Anne-Marie & Coi Leray",Baby Don't Hurt Me,"['David Guetta', 'Anne-Marie', 'Coi Leray']",14,48.0,96.0,11,4.363636363636363
"David Guetta, Teddy Swims & Tones And I",Gone Gone Gone,"['David Guetta', 'Teddy Swims', 'Tones And I']",3,91.0,92.0,1,1.0
David Kushner,Daylight,['David Kushner'],31,33.0,48.0,24,0.625
David Lee Murphy & Kenny Chesney,Everything's Gonna Be Alright,"['David Lee Murphy', 'Kenny Chesney']",13,66.0,95.0,7,4.142857142857143
David Nail,Night's On Fire,['David Nail'],5,81.0,100.0,3,6.333333333333333
Dawin,Dessert,['Dawin'],10,68.0,92.0,5,4.8
Daya,Hide Away,['Daya'],15,23.0,41.0,10,1.8
Daya,"Sit Still, Look Pretty",['Daya'],24,28.0,100.0,13,5.538461538461538
DeJ Loaf Featuring Big Sean,Back Up,"['DeJ Loaf', 'Big Sean']",8,52.0,53.0,2,0.5
Dean Lewis,Be Alright,['Dean Lewis'],29,23.0,94.0,20,3.55
Demi Lovato,Confident,['Demi Lovato'],10,23.0,30.0,2,3.5
Demi Lovato,Sorry Not Sorry,['Demi Lovato'],35,6.0,52.0,15,3.066666666666667
Dennis Lloyd,Nevermind,['Dennis Lloyd'],4,86.0,90.0,1,4.0
Derez De'Shon,Hardaway,"[""Derez De'Shon""]",11,61.0,90.0,7,4.142857142857143
Descendants 2 Cast,It's Goin' Down,['Descendants 2 Cast'],4,77.0,81.0,1,4.0
Desiigner,Panda,['Desiigner'],40,1.0,96.0,8,11.875
Desiigner,Tiimmy Turner,['Desiigner'],20,34.0,46.0,4,3.0
Diane Guerrero & Stephanie Beatriz,What Else Can I Do?,"['Diane Guerrero', 'Stephanie Beatriz']",14,27.0,67.0,3,13.333333333333334
Diddy & Bryson Tiller,Gotta Move On,"['Diddy', 'Bryson Tiller']",7,79.0,96.0,2,8.5
Dierks Bentley,Living,['Dierks Bentley'],16,51.0,82.0,7,4.428571428571429
Dierks Bentley Featuring Brothers Osborne,Burning Man,"['Dierks Bentley', 'Brothers Osborne']",17,45.0,100.0,10,5.5
"Dierks Bentley, BRELAND & HARDY",Beers On Me,"['Dierks Bentley', 'BRELAND', 'HARDY']",20,40.0,96.0,10,5.6
Diplo Featuring Trippie Redd,Wish,"['Diplo', 'Trippie Redd']",5,79.0,88.0,2,4.5
Disturbed,The Sound Of Silence,['Disturbed'],20,42.0,88.0,7,6.571428571428571
Djo,End Of Beginning,['Djo'],21,11.0,51.0,4,10.0
Doechii,Anxiety,['Doechii'],20,9.0,13.0,8,0.5
Doechii,Denial Is A River,['Doechii'],19,21.0,76.0,5,11.0
Doechii,Nissan Altima,['Doechii'],2,73.0,92.0,1,19.0
Doechii Featuring Kodak Black,What It Is (Block Boy),"['Doechii', 'Kodak Black']",29,29.0,98.0,21,3.2857142857142856
Doja Cat,Agora Hills,['Doja Cat'],39,7.0,18.0,17,0.6470588235294118
Doja Cat,Candy,['Doja Cat'],6,86.0,87.0,2,0.5
Doja Cat,Need To Know,['Doja Cat'],48,8.0,38.0,20,1.5
Doja Cat,Paint The Town Red,['Doja Cat'],37,1.0,15.0,4,3.5
Doja Cat,Streets,['Doja Cat'],20,16.0,91.0,9,8.333333333333334
Doja Cat Featuring Gucci Mane,Like That,"['Doja Cat', 'Gucci Mane']",18,50.0,92.0,14,3.0
Doja Cat Featuring Nicki Minaj,Say So,"['Doja Cat', 'Nicki Minaj']",38,1.0,95.0,17,5.529411764705882
Dominic Fike,Misses,['Dominic Fike'],2,99.0,100.0,1,1.0
Dominic Fike,Mona Lisa,['Dominic Fike'],2,89.0,98.0,1,9.0
Don Toliver,No Idea,['Don Toliver'],11,43.0,68.0,2,12.5
Dove Cameron,Boyfriend,['Dove Cameron'],24,16.0,73.0,15,3.8
Drake,Circadian Rhythm,['Drake'],4,59.0,69.0,1,10.0
Drake,Controlla,['Drake'],26,16.0,34.0,10,1.8
Drake,Fake Love,['Drake'],25,8.0,24.0,14,1.1428571428571428
Drake,I'm Upset,['Drake'],16,7.0,19.0,5,2.4
Drake,In My Feelings,['Drake'],22,1.0,6.0,1,5.0
Drake,Nokia,['Drake'],27,2.0,10.0,7,1.1428571428571428
Drake,Push Ups,['Drake'],6,17.0,19.0,1,2.0
Drake,Right Hand,['Drake'],6,66.0,94.0,2,14.0
Drake & Future,Big Rings,"['Drake', 'Future']",8,57.0,70.0,2,6.5
Drake & Future,Jumpman,"['Drake', 'Future']",20,12.0,13.0,1,1.0
Drake Featuring 21 Savage,Sneakin',"['Drake', '21 Savage']",14,28.0,38.0,1,10.0
Drake Featuring 21 Savage & Project Pat,Knife Talk,"['Drake', '21 Savage', 'Project Pat']",29,4.0,5.0,1,1.0
Drake Featuring Rihanna,Too Good,"['Drake', 'Rihanna']",29,14.0,52.0,15,2.533333333333333
Drake Featuring Wizkid & Kyla,One Dance,"['Drake', 'Wizkid', 'Kyla']",36,1.0,21.0,4,5.0
Dreezy Featuring Jeremih,Body,"['Dreezy', 'Jeremih']",18,62.0,98.0,9,4.0
Dua Lipa,Break My Heart,['Dua Lipa'],32,13.0,21.0,19,0.42105263157894735
Dua Lipa,Don't Start Now,['Dua Lipa'],52,2.0,30.0,18,1.5555555555555556
Dua Lipa,IDGAF,['Dua Lipa'],23,49.0,92.0,19,2.263157894736842
Dua Lipa,Love Again,['Dua Lipa'],16,41.0,89.0,11,4.363636363636363
Dua Lipa,New Rules,['Dua Lipa'],47,6.0,90.0,26,3.230769230769231
Dustin Lynch,Good Girl,['Dustin Lynch'],15,44.0,93.0,8,6.125
Dustin Lynch,Mind Reader,['Dustin Lynch'],16,57.0,85.0,12,2.3333333333333335
Dustin Lynch,Seein' Red,['Dustin Lynch'],9,55.0,79.0,4,6.0
Dustin Lynch,Small Town Boy,['Dustin Lynch'],20,36.0,85.0,11,4.454545454545454
Dustin Lynch Featuring Jelly Roll,Chevrolet,"['Dustin Lynch', 'Jelly Roll']",17,50.0,100.0,12,4.166666666666667
Dustin Lynch Featuring Lauren Alaina Or MacKenzie Porter,Thinking 'Bout You,"['Dustin Lynch', 'Lauren Alaina', 'MacKenzie Porter']",26,30.0,91.0,13,4.6923076923076925
Dylan Gossett,Coal,['Dylan Gossett'],11,73.0,89.0,7,2.2857142857142856
Dylan Scott,Hooked,['Dylan Scott'],11,48.0,85.0,8,4.625
Dylan Scott,My Girl,['Dylan Scott'],20,39.0,93.0,12,4.5
Dylan Scott,New Truck,['Dylan Scott'],9,61.0,99.0,8,4.75
Dylan Scott,Nobody,['Dylan Scott'],17,50.0,96.0,12,3.8333333333333335
Ed Sheeran,Afterglow,['Ed Sheeran'],10,29.0,59.0,2,15.0
Ed Sheeran,Bad Habits,['Ed Sheeran'],56,2.0,5.0,7,0.42857142857142855
Ed Sheeran,Eyes Closed,['Ed Sheeran'],20,19.0,26.0,6,1.1666666666666667
Ed Sheeran,Shivers,['Ed Sheeran'],52,4.0,16.0,16,0.75
Ed Sheeran Featuring Chance the Rapper & PnB Rock,Cross Me,"['Ed Sheeran', 'Chance the Rapper', 'PnB Rock']",10,25.0,34.0,7,1.2857142857142858
Ed Sheeran Featuring Lil Baby,2step,"['Ed Sheeran', 'Lil Baby']",15,48.0,51.0,10,0.3
Eli Young Band,Love Ain't,['Eli Young Band'],18,50.0,81.0,4,7.75
Ella Langley,Choosin' Texas,['Ella Langley'],9,11.0,39.0,5,5.6
Ella Langley Featuring Riley Green,You Look Like You Love Me,"['Ella Langley', 'Riley Green']",24,30.0,53.0,15,1.5333333333333334
Ella Mai,Boo'd Up,['Ella Mai'],35,5.0,78.0,14,5.214285714285714
Ella Mai,DFMU,['Ella Mai'],4,85.0,99.0,3,4.666666666666667
Ella Mai,Shot Clock,['Ella Mai'],16,62.0,88.0,8,3.25
Ella Mai,Trip,['Ella Mai'],27,11.0,79.0,10,6.8
Elle King,Ex's & Oh's,['Elle King'],15,14.0,17.0,2,1.5
Ellie Goulding,Something In The Way You Move,['Ellie Goulding'],10,43.0,81.0,4,9.5
Ellie Goulding X Diplo Featuring Swae Lee,Close To Me,"['Ellie Goulding', 'Diplo', 'Swae Lee']",25,24.0,98.0,20,3.7
Em Beihold,Numb Little Bug,['Em Beihold'],32,18.0,91.0,22,3.3181818181818183
Eminem Featuring Ed Sheeran,River,"['Eminem', 'Ed Sheeran']",12,32.0,43.0,2,5.5
"Eminem, Big Sean & BabyTron",Tobey,"['Eminem', 'Big Sean', 'BabyTron']",5,24.0,95.0,2,35.5
Enrique Iglesias Feat. Wisin or Tinashe & Javada,Duele El Corazon,"['Enrique Iglesias', 'Wisin', 'Tinashe', 'Javada']",8,82.0,86.0,2,2.0
Eric Church,Heart On Fire,['Eric Church'],22,56.0,89.0,11,3.0
Eric Church,Mr. Misunderstood,['Eric Church'],5,84.0,92.0,1,8.0
Eric Church,Round Here Buzz,['Eric Church'],18,56.0,97.0,15,2.7333333333333334
Eric Church,Some Of It,['Eric Church'],13,43.0,76.0,7,4.714285714285714
Erica Banks,Buss It,['Erica Banks'],13,47.0,100.0,5,10.6
Eslabon Armado X Peso Pluma,Ella Baila Sola,"['Eslabon Armado', 'Peso Pluma']",23,4.0,26.0,5,4.4
Fall Out Boy,Irresistible,['Fall Out Boy'],10,48.0,79.0,3,10.333333333333334
Famous Dex,Japan,['Famous Dex'],15,28.0,70.0,3,14.0
Famous Dex Featuring A$AP Rocky,Pick It Up,"['Famous Dex', 'A$AP Rocky']",19,54.0,97.0,14,3.0714285714285716
Farruko,La Toxica,['Farruko'],4,95.0,98.0,3,1.0
"Fat Joe, Remy Ma & Jay Z Featuring French Montana & Infared",All The Way Up,"['Fat Joe', 'Remy Ma', 'Jay Z', 'French Montana', 'Infared']",20,27.0,91.0,9,7.111111111111111
Fetty Wap,Jimmy Choo,['Fetty Wap'],11,65.0,69.0,1,4.0
Fetty Wap,RGF Island,['Fetty Wap'],4,74.0,86.0,1,12.0
Fetty Wap,Trap Queen,['Fetty Wap'],5,27.0,31.0,2,2.0
Fifth Harmony Featuring Fetty Wap,All In My Head (Flex),"['Fifth Harmony', 'Fetty Wap']",18,24.0,78.0,6,9.0
Fifth Harmony Featuring Ty Dolla $ign,Work From Home,"['Fifth Harmony', 'Ty Dolla $ign']",34,4.0,12.0,12,0.6666666666666666
Fifty Fifty,Cupid,['Fifty Fifty'],25,17.0,100.0,7,11.857142857142858
Finesse2Tymes,Back End,['Finesse2Tymes'],5,86.0,98.0,2,6.0
Fireboy DML & Ed Sheeran,Peru,"['Fireboy DML', 'Ed Sheeran']",15,53.0,79.0,8,3.25
Fitz And The Tantrums,HandClap,['Fitz And The Tantrums'],20,53.0,89.0,17,2.1176470588235294
Fleetwood Mac,Dreams,['Fleetwood Mac'],4,12.0,21.0,1,9.0
Fletcher,Undrunk,['Fletcher'],6,61.0,85.0,2,12.0
Flipp Dinero,Leave Me Alone,['Flipp Dinero'],25,20.0,96.0,19,4.0
Flo Milli,Never Lose Me,['Flo Milli'],21,15.0,84.0,13,5.3076923076923075
Flo Rida,My House,['Flo Rida'],34,4.0,51.0,11,4.2727272727272725
Flo Rida & 99 Percent,Cake,"['Flo Rida', '99 Percent']",6,73.0,89.0,1,16.0
Florida Georgia Line,Confession,['Florida Georgia Line'],20,53.0,99.0,14,3.2857142857142856
Florida Georgia Line,H.O.L.Y.,['Florida Georgia Line'],22,14.0,20.0,8,0.75
Florida Georgia Line,Long Live,['Florida Georgia Line'],17,45.0,79.0,12,2.8333333333333335
Florida Georgia Line,Simple,['Florida Georgia Line'],20,32.0,55.0,12,1.9166666666666667
Florida Georgia Line,Smooth,['Florida Georgia Line'],7,89.0,98.0,4,2.25
Florida Georgia Line,Talk You Out Of It,['Florida Georgia Line'],26,57.0,80.0,24,0.9583333333333334
Florida Georgia Line Featuring Tim McGraw,May We All,"['Florida Georgia Line', 'Tim McGraw']",20,30.0,56.0,10,2.6
FloyyMenor X Cris Mj,Gata Only,"['FloyyMenor', 'Cris Mj']",26,27.0,98.0,4,17.75
Flume Featuring Kai,Never Be Like You,"['Flume', 'Kai']",26,20.0,98.0,19,4.105263157894737
Forrest Frank,Your Way's Better,['Forrest Frank'],22,61.0,72.0,2,5.5
Foster the People,Sit Next To Me,['Foster the People'],20,42.0,86.0,16,2.75
French Montana Featuring Drake,No Shopping,"['French Montana', 'Drake']",11,36.0,89.0,2,26.5
French Montana Featuring Swae Lee,Unforgettable,"['French Montana', 'Swae Lee']",41,3.0,74.0,16,4.4375
Frenship & Emily Warren,Capsize,"['Frenship', 'Emily Warren']",10,78.0,94.0,3,5.333333333333333
Fuerza Regida,TQM,['Fuerza Regida'],17,34.0,35.0,2,0.5
Fuerza Regida & Marshmello,Harley Quinn,"['Fuerza Regida', 'Marshmello']",20,40.0,44.0,1,4.0
Fuerza Regida & Peso Pluma,Igualito A Mi Apa,"['Fuerza Regida', 'Peso Pluma']",6,80.0,90.0,1,10.0
Fuerza Regida X Grupo Frontera,Bebe Dame,"['Fuerza Regida', 'Grupo Frontera']",20,25.0,91.0,3,22.0
Fuerza Regida X Natanael Cano,Ch y La Pizza,"['Fuerza Regida', 'Natanael Cano']",9,68.0,97.0,4,7.25
Future,Crushed Up,['Future'],5,43.0,46.0,2,1.5
Future,Jumpin On A Jet,['Future'],2,57.0,80.0,1,23.0
Future,Mask Off,['Future'],31,5.0,49.0,8,5.5
Future,Stick Talk,['Future'],2,91.0,99.0,1,8.0
Future,Wicked,['Future'],20,41.0,73.0,9,3.5555555555555554
Future Featuring The Weeknd,Low Life,"['Future', 'The Weeknd']",35,18.0,52.0,10,3.4
G-Eazy & Halsey,Him & I,"['G-Eazy', 'Halsey']",19,14.0,21.0,9,0.7777777777777778
G-Eazy & Kehlani,Good Life,"['G-Eazy', 'Kehlani']",5,59.0,76.0,1,17.0
G-Eazy Featuring A$AP Rocky & Cardi B,No Limit,"['G-Eazy', 'A$AP Rocky', 'Cardi B']",28,4.0,85.0,14,5.785714285714286
G-Eazy Featuring Marc E. Bassy,Some Kind Of Drug,"['G-Eazy', 'Marc E. Bassy']",3,97.0,100.0,2,1.5
G-Eazy Featuring Yo Gotti & YBN Nahmir,1942,"['G-Eazy', 'Yo Gotti', 'YBN Nahmir']",8,70.0,90.0,3,6.666666666666667
G-Eazy x Bebe Rexha,"Me, Myself & I","['G-Eazy', 'Bebe Rexha']",31,7.0,40.0,10,3.3
GAYLE,abcdefu,['GAYLE'],25,3.0,51.0,13,3.6923076923076925
Gabby Barrett,The Good Ones,['Gabby Barrett'],23,19.0,100.0,15,5.4
Gabby Barrett Featuring Charlie Puth,I Hope,"['Gabby Barrett', 'Charlie Puth']",62,3.0,74.0,45,1.5777777777777777
"Gabito Ballesteros, Peso Pluma & Natanael Cano",AMG,"['Gabito Ballesteros', 'Peso Pluma', 'Natanael Cano']",20,37.0,92.0,14,3.9285714285714284
Garth Brooks & Blake Shelton,Dive Bar,"['Garth Brooks', 'Blake Shelton']",5,78.0,100.0,4,5.5
Gavin Adcock,Last One To Know,['Gavin Adcock'],18,54.0,77.0,8,2.875
George Birge,Mind On You,['George Birge'],4,62.0,88.0,2,13.0
Ghost Town DJ's,My Boo,"[""Ghost Town DJ's""]",5,27.0,29.0,1,2.0
Gigi Perez,Sailor Song,['Gigi Perez'],39,22.0,98.0,12,6.333333333333333
Giveon,Heartbreak Anniversary,['Giveon'],29,16.0,74.0,18,3.2222222222222223
GloRilla,Hollon,['GloRilla'],7,48.0,86.0,3,12.666666666666666
GloRilla,TGIF,['GloRilla'],22,22.0,47.0,16,1.5625
GloRilla,Yeah Glo!,['GloRilla'],25,28.0,89.0,13,4.6923076923076925
GloRilla & Sexyy Red,Whatchu Kno About Me,"['GloRilla', 'Sexyy Red']",22,17.0,31.0,5,2.8
GloRilla & T-Pain,I Luv Her,"['GloRilla', 'T-Pain']",7,70.0,92.0,1,22.0
Gnash Featuring Olivia O'Brien,I Hate U I Love U,"['Gnash', ""Olivia O'Brien""]",39,10.0,93.0,24,3.4583333333333335
GoldLink Featuring Brent Faiyaz & Shy Glizzy,Crew,"['GoldLink', 'Brent Faiyaz', 'Shy Glizzy']",21,45.0,94.0,13,3.769230769230769
Gracie Abrams,That's So True,['Gracie Abrams'],38,6.0,44.0,3,12.666666666666666
Granger Smith,Backroad Song,['Granger Smith'],15,49.0,91.0,8,5.25
Grupo Firme,"Ya Superame (En Vivo Desde Culiacan, Sinaloa)",['Grupo Firme'],3,91.0,92.0,2,0.5
Grupo Frontera X Bad Bunny,Un x100to,"['Grupo Frontera', 'Bad Bunny']",20,5.0,15.0,1,10.0
Grupo Marca Registrada X Grupo Frontera,Di Que Si,"['Grupo Marca Registrada', 'Grupo Frontera']",3,89.0,99.0,1,10.0
Gucci Mane Featuring Migos,I Get The Bag,"['Gucci Mane', 'Migos']",26,11.0,34.0,8,2.875
Gucci Mane X Bruno Mars X Kodak Black,Wake Up In The Sky,"['Gucci Mane', 'Bruno Mars', 'Kodak Black']",26,11.0,30.0,12,1.5833333333333333
Gunna,Whatsapp (Wassam),['Gunna'],2,62.0,95.0,1,33.0
Gunna Featuring Burna Boy,wgft,"['Gunna', 'Burna Boy']",19,40.0,94.0,13,4.153846153846154
Gwen Stefani,Shake The Snow Globe,['Gwen Stefani'],3,71.0,86.0,2,7.5
Gwen Stefani,Used To Love You,['Gwen Stefani'],5,61.0,67.0,3,2.0
H.E.R. Featuring YG,Slide,"['H.E.R.', 'YG']",20,43.0,85.0,16,2.625
HARDY,Favorite Country Song,['HARDY'],8,76.0,100.0,7,3.4285714285714284
"HUNTR/X: EJAE, Audrey Nuna & REI AMI",Golden,"['HUNTR/X', 'EJAE', 'Audrey Nuna', 'REI AMI']",26,1.0,81.0,6,13.333333333333334
"HUNTR/X: EJAE, Audrey Nuna & REI AMI",How It's Done,"['HUNTR/X', 'EJAE', 'Audrey Nuna', 'REI AMI']",22,8.0,42.0,10,3.4
"HUNTR/X: EJAE, Audrey Nuna & REI AMI",Takedown,"['HUNTR/X', 'EJAE', 'Audrey Nuna', 'REI AMI']",20,21.0,64.0,8,5.375
"HUNTR/X: EJAE, Audrey Nuna & REI AMI",What It Sounds Like,"['HUNTR/X', 'EJAE', 'Audrey Nuna', 'REI AMI']",21,15.0,55.0,10,4.0
Hailee Steinfeld,Most Girls,['Hailee Steinfeld'],16,58.0,77.0,8,2.375
Hailee Steinfeld & Grey Featuring Zedd,Starving,"['Hailee Steinfeld', 'Grey', 'Zedd']",29,12.0,96.0,17,4.9411764705882355
Halsey,Bad At Love,['Halsey'],32,5.0,81.0,18,4.222222222222222
Halsey,Graveyard,['Halsey'],20,34.0,45.0,10,1.1
Halsey,New Americana,['Halsey'],6,60.0,80.0,2,10.0
Halsey,Now Or Never,['Halsey'],20,17.0,50.0,13,2.5384615384615383
Halsey,So Good,['Halsey'],16,51.0,55.0,13,0.3076923076923077
Halsey,Without Me,['Halsey'],52,1.0,18.0,12,1.4166666666666667
Halsey,You Should Be Sad,['Halsey'],18,26.0,29.0,1,3.0
Hanumankind X Kalmi,Big Dawgs,"['Hanumankind', 'Kalmi']",13,23.0,57.0,2,17.0
Harry Styles,Adore You,['Harry Styles'],50,6.0,35.0,16,1.8125
Harry Styles,Late Night Talking,['Harry Styles'],24,3.0,4.0,15,0.06666666666666667
Hey Violet,Guys My Age,['Hey Violet'],5,68.0,84.0,3,5.333333333333333
High Valley,She's With Me,['High Valley'],8,79.0,96.0,5,3.4
Hitkidd & GloRilla,F.N.F. (Let's Go),"['Hitkidd', 'GloRilla']",20,42.0,91.0,15,3.2666666666666666
Hotel Ugly,Shut Up My Moms Calling,['Hotel Ugly'],8,68.0,96.0,2,14.0
Hudson Westbrook,House Again,['Hudson Westbrook'],35,47.0,98.0,25,2.04
"Hugh Jackman, Keala Settle, Zac Efron, Zendaya & The Greatest Showman Ensemble",The Greatest Show,"['Hugh Jackman', 'Keala Settle', 'Zac Efron', 'Zendaya', 'The Greatest Showman Ensemble']",4,88.0,95.0,1,7.0
Ice Spice,In Ha Mood,['Ice Spice'],16,58.0,85.0,5,5.4
Ice Spice & Central Cee,Did It First,"['Ice Spice', 'Central Cee']",5,51.0,62.0,2,5.5
Idina Menzel & Evan Rachel Wood,Show Yourself,"['Idina Menzel', 'Evan Rachel Wood']",3,70.0,99.0,1,29.0
Imagine Dragons,Believer,['Imagine Dragons'],51,4.0,43.0,26,1.5
Imagine Dragons,Natural,['Imagine Dragons'],27,13.0,37.0,11,2.1818181818181817
Imagine Dragons,Thunder,['Imagine Dragons'],51,4.0,70.0,28,2.357142857142857
Imagine Dragons X JID,Enemy,"['Imagine Dragons', 'JID']",36,5.0,85.0,18,4.444444444444445
Ingrid Andress,More Hearts Than Mine,['Ingrid Andress'],20,30.0,88.0,16,3.625
Ingrid Andress With Sam Hunt,Wishful Drinking,"['Ingrid Andress', 'Sam Hunt']",20,47.0,71.0,14,1.7142857142857142
Internet Money & Gunna Featuring Don Toliver & Nav,Lemonade,"['Internet Money', 'Gunna', 'Don Toliver', 'Nav']",29,6.0,66.0,12,5.0
"Internet Money, Lil Tecca & A Boogie wit da Hoodie",Somebody,"['Internet Money', 'Lil Tecca', 'A Boogie wit da Hoodie']",4,96.0,97.0,3,0.3333333333333333
Ivan Cornejo,Esta Danada,['Ivan Cornejo'],5,61.0,96.0,1,35.0
J Balvin & Willy William Featuring Beyonce,Mi Gente,"['J Balvin', 'Willy William', 'Beyonce']",29,3.0,70.0,13,5.153846153846154
J. Cole,False Prophets,['J. Cole'],2,54.0,93.0,1,39.0
J. Cole,Middle Child,['J. Cole'],27,4.0,26.0,1,22.0
J. Cole,Snow On Tha Bluff,['J. Cole'],2,54.0,59.0,1,5.0
J.I The Prince Of N.Y,Need Me,['J.I The Prince Of N.Y'],2,95.0,100.0,1,5.0
"JEONGYEON, JIHYO & CHAEYOUNG Of TWICE",Takedown,"['JEONGYEON', 'JIHYO', 'CHAEYOUNG Of TWICE']",19,50.0,86.0,7,5.142857142857143
JNR CHOI & Sam Tompkins,To The Moon!,"['JNR CHOI', 'Sam Tompkins']",20,38.0,95.0,7,8.142857142857142
JP Saxe Featuring Julia Michaels,If The World Was Ending,"['JP Saxe', 'Julia Michaels']",29,27.0,96.0,22,3.1363636363636362
JVKE,Golden Hour,['JVKE'],33,10.0,71.0,21,2.9047619047619047
Jack Black,Peaches,['Jack Black'],5,56.0,83.0,1,27.0
Jack Harlow,Lovin On Me,['Jack Harlow'],38,1.0,2.0,1,1.0
Jackson Dean,Heavens To Betsy,['Jackson Dean'],3,71.0,95.0,2,12.0
Jacquees,B.E.D.,['Jacquees'],13,69.0,94.0,4,6.25
Jacquees,You,['Jacquees'],12,58.0,90.0,6,5.333333333333333
Jacquees X DeJ Loaf,At The Club,"['Jacquees', 'DeJ Loaf']",7,86.0,92.0,2,3.0
Jake Owen,Down To The Honkytonk,['Jake Owen'],13,65.0,80.0,12,1.25
Jake Owen,Homemade,['Jake Owen'],16,39.0,88.0,7,7.0
Jake Owen,I Was Jack (You Were Diane),['Jake Owen'],11,43.0,93.0,8,6.25
Jake Owen,Made For You,['Jake Owen'],20,32.0,92.0,10,6.0
James Arthur,Say You Won't Let Go,['James Arthur'],52,11.0,100.0,29,3.0689655172413794
James Bay,Let It Go,['James Bay'],34,16.0,98.0,28,2.9285714285714284
Jameson Rodgers Featuring Luke Combs,Cold Beer Calling My Name,"['Jameson Rodgers', 'Luke Combs']",19,26.0,95.0,12,5.75
Jana Kramer,I Got The Boy,['Jana Kramer'],7,56.0,71.0,4,3.75
Jason Aldean,Any Ol' Barstool,['Jason Aldean'],18,52.0,93.0,11,3.727272727272727
Jason Aldean,Blame It On You,['Jason Aldean'],17,30.0,97.0,11,6.090909090909091
Jason Aldean,Gonna Know We Were Here,['Jason Aldean'],7,54.0,66.0,3,4.0
Jason Aldean,Got What I Got,['Jason Aldean'],25,16.0,78.0,19,3.263157894736842
Jason Aldean,Rearview Town,['Jason Aldean'],18,40.0,97.0,10,5.7
Jason Aldean,That's What Tequila Does,['Jason Aldean'],8,77.0,97.0,6,3.3333333333333335
Jason Aldean,They Don't Know,['Jason Aldean'],12,67.0,87.0,9,2.2222222222222223
Jason Aldean,Try That In A Small Town,['Jason Aldean'],20,1.0,2.0,1,1.0
Jason Aldean,Whiskey Drink,['Jason Aldean'],8,77.0,98.0,6,3.5
Jason Derulo,Get Ugly,['Jason Derulo'],12,52.0,100.0,5,9.6
Jason Derulo,If It Ain't Love,['Jason Derulo'],8,67.0,94.0,4,6.75
Jason Derulo Featuring Adam Levine,Lifestyle,"['Jason Derulo', 'Adam Levine']",5,71.0,95.0,3,8.0
Jason Derulo Featuring Nicki Minaj & Ty Dolla $ign,Swalla,"['Jason Derulo', 'Nicki Minaj', 'Ty Dolla $ign']",20,29.0,98.0,11,6.2727272727272725
Jax,Victoria's Secret,['Jax'],25,35.0,83.0,10,4.8
"Jay Rock, Kendrick Lamar, Future & James Blake",King's Dead,"['Jay Rock', 'Kendrick Lamar', 'Future', 'James Blake']",20,21.0,91.0,8,8.75
Jelly Roll,Halfway To Hell,['Jelly Roll'],12,48.0,84.0,8,4.5
Jelly Roll,Heart Of Stone,['Jelly Roll'],13,53.0,86.0,6,5.5
Jelly Roll,Son Of A Sinner,['Jelly Roll'],28,31.0,67.0,12,3.0
Jeremih,Oui,['Jeremih'],27,19.0,81.0,13,4.769230769230769
Jessica Darrow,Surface Pressure,['Jessica Darrow'],19,8.0,54.0,5,9.2
Jessie Murph,Blue Strips,['Jessie Murph'],22,15.0,81.0,3,22.0
Jessie Murph & Jelly Roll,Wild Ones,"['Jessie Murph', 'Jelly Roll']",37,35.0,49.0,15,0.9333333333333333
"Jhay Cortez, J Balvin & Bad Bunny",No Me Conoce,"['Jhay Cortez', 'J Balvin', 'Bad Bunny']",14,71.0,95.0,5,4.8
Jhene Aiko,P*$$y Fairy (OTW),['Jhene Aiko'],25,40.0,58.0,7,2.5714285714285716
Jimmie Allen,Best Shot,['Jimmie Allen'],20,37.0,97.0,15,4.0
Jimmie Allen,Make Me Want To,['Jimmie Allen'],10,49.0,84.0,8,4.375
Jimmie Allen & Brad Paisley,Freedom Was A Highway,"['Jimmie Allen', 'Brad Paisley']",20,45.0,88.0,12,3.5833333333333335
John Morgan Featuring Jason Aldean,Friends Like That,"['John Morgan', 'Jason Aldean']",6,57.0,92.0,3,11.666666666666666
Joji,Glimpse Of Us,['Joji'],20,8.0,10.0,1,2.0
Jon Bellion,All Time Low,['Jon Bellion'],22,16.0,82.0,11,6.0
Jon Pardi,Dirt On My Boots,['Jon Pardi'],20,37.0,95.0,14,4.142857142857143
Jon Pardi,Head Over Boots,['Jon Pardi'],24,51.0,97.0,21,2.1904761904761907
Jon Pardi,Heartache Medication,['Jon Pardi'],20,42.0,84.0,17,2.4705882352941178
Jon Pardi,Heartache On The Dance Floor,['Jon Pardi'],18,47.0,89.0,11,3.8181818181818183
Jon Pardi,Last Night Lonely,['Jon Pardi'],20,27.0,98.0,13,5.461538461538462
Jon Pardi,Tequila Little Time,['Jon Pardi'],14,60.0,86.0,12,2.1666666666666665
Jon Pardi,Your Heart Or Mine,['Jon Pardi'],17,47.0,95.0,14,3.4285714285714284
Jonas Brothers,Waffle House,['Jonas Brothers'],11,57.0,88.0,2,15.5
"Jonathan Bailey Featuring Ariana Grande, Ethan Slater, Marissa Bode & Cynthia Erivo",Dancing Through Life,"['Jonathan Bailey', 'Ariana Grande', 'Ethan Slater', 'Marissa Bode', 'Cynthia Erivo']",2,86.0,90.0,1,4.0
Jordan Adetunji,Kehlani,['Jordan Adetunji'],21,24.0,70.0,10,4.6
Jordan Davis,Next Thing You Know,['Jordan Davis'],31,23.0,91.0,22,3.090909090909091
Jordan Davis,Singles You Up,['Jordan Davis'],19,50.0,94.0,7,6.285714285714286
Jordan Davis,Take It From Me,['Jordan Davis'],13,46.0,75.0,8,3.625
Jordan Davis,Tucson Too Late,['Jordan Davis'],14,71.0,86.0,9,1.6666666666666667
Jordan Davis,What My World Spins Around,['Jordan Davis'],28,40.0,100.0,21,2.857142857142857
Jordan Davis Featuring Luke Bryan,Buy Dirt,"['Jordan Davis', 'Luke Bryan']",37,22.0,82.0,24,2.5
Josh Ross,Single Again,['Josh Ross'],5,73.0,97.0,3,8.0
Josh Turner,Hometown Girl,['Josh Turner'],16,56.0,96.0,6,6.666666666666667
Juice WRLD,All Girls Are The Same,['Juice WRLD'],20,41.0,92.0,4,12.75
Juice WRLD,Hear Me Calling,['Juice WRLD'],4,38.0,56.0,1,18.0
Juice WRLD,Lean Wit Me,['Juice WRLD'],8,68.0,87.0,2,9.5
Juice WRLD & YoungBoy Never Broke Again,Bandit,"['Juice WRLD', 'YoungBoy Never Broke Again']",20,10.0,11.0,1,1.0
Juice WRLD X Halsey,Life's A Mess,"['Juice WRLD', 'Halsey']",6,9.0,74.0,1,65.0
Julia Michaels,Issues,['Julia Michaels'],29,11.0,87.0,17,4.470588235294118
Junior H x Peso Pluma,El Azul,"['Junior H', 'Peso Pluma']",16,55.0,87.0,5,6.4
Justin Bieber,Company,['Justin Bieber'],8,53.0,89.0,5,7.2
Justin Bieber,Hold On,['Justin Bieber'],13,20.0,26.0,2,3.0
Justin Bieber,I'll Show You,['Justin Bieber'],6,58.0,59.0,2,0.5
Justin Bieber,Love Yourself,['Justin Bieber'],37,1.0,4.0,6,0.5
Justin Bieber,Purpose,['Justin Bieber'],3,86.0,100.0,2,7.0
Justin Bieber,Rockin' Around The Christmas Tree,['Justin Bieber'],4,61.0,83.0,3,7.333333333333333
Justin Bieber,Sorry,['Justin Bieber'],35,1.0,2.0,3,0.3333333333333333
Justin Bieber & Benny Blanco,Lonely,"['Justin Bieber', 'Benny Blanco']",20,12.0,14.0,12,0.16666666666666666
Justin Bieber Featuring Quavo,Intentions,"['Justin Bieber', 'Quavo']",31,5.0,11.0,17,0.35294117647058826
Justin Moore,The Ones That Didn't Make It Back Home,['Justin Moore'],16,46.0,100.0,7,7.714285714285714
Justin Moore,This Is My Dirt,['Justin Moore'],2,96.0,98.0,1,2.0
Justin Moore,We Didn't Have Much,['Justin Moore'],13,41.0,85.0,9,4.888888888888889
Justin Moore,Why We Drink,['Justin Moore'],15,50.0,87.0,11,3.3636363636363638
Justin Moore,With A Woman You Love,['Justin Moore'],12,59.0,90.0,6,5.166666666666667
Justin Moore,You Look Like I Need A Drink,['Justin Moore'],8,79.0,100.0,1,21.0
Justin Moore & Priscilla Block,"You, Me, & Whiskey","['Justin Moore', 'Priscilla Block']",16,37.0,88.0,13,3.923076923076923
Kaleo,Way Down We Go,['Kaleo'],8,54.0,98.0,4,11.0
Kali Uchis,Telepatia,['Kali Uchis'],25,25.0,54.0,17,1.7058823529411764
Kali Uchis & Peso Pluma,Igual Que Un Angel,"['Kali Uchis', 'Peso Pluma']",10,22.0,23.0,1,1.0
Kaliii,Area Codes,['Kaliii'],18,33.0,54.0,1,21.0
Kane Brown,Blue Christmas,['Kane Brown'],4,73.0,98.0,3,8.333333333333334
Kane Brown,Bury Me In Georgia,['Kane Brown'],19,34.0,85.0,13,3.923076923076923
Kane Brown,Good As You,['Kane Brown'],20,36.0,95.0,13,4.538461538461538
Kane Brown,Homesick,['Kane Brown'],21,35.0,95.0,17,3.5294117647058822
Kane Brown,I Can Feel It,['Kane Brown'],13,50.0,59.0,9,1.0
Kane Brown,Like I Love Country Music,['Kane Brown'],20,26.0,74.0,7,6.857142857142857
Kane Brown & John Legend,Last Time I Say Sorry,"['Kane Brown', 'John Legend']",2,89.0,93.0,1,4.0
Kane Brown Featuring Lauren Alaina,What Ifs,"['Kane Brown', 'Lauren Alaina']",23,26.0,93.0,18,3.7222222222222223
Kane Brown With Katelyn Brown,Thank God,"['Kane Brown', 'Katelyn Brown']",42,13.0,22.0,22,0.4090909090909091
Kane Brown With Swae Lee & Khalid,Be Like That,"['Kane Brown', 'Swae Lee', 'Khalid']",21,19.0,73.0,15,3.6
Kanii,I Know,['Kanii'],2,90.0,95.0,1,5.0
Kanye West,Fade,['Kanye West'],13,47.0,98.0,1,51.0
Karol G,Provenza,['Karol G'],21,25.0,36.0,1,11.0
Karol G,Si Antes Te Hubiera Conocido,['Karol G'],20,32.0,34.0,6,0.3333333333333333
Karol G & Peso Pluma,Qlona,"['Karol G', 'Peso Pluma']",21,28.0,29.0,1,1.0
Karol G x Romeo Santos,X Si Volvemos,"['Karol G', 'Romeo Santos']",6,48.0,56.0,3,2.6666666666666665
Kate Bush,Running Up That Hill (A Deal With God),['Kate Bush'],20,3.0,8.0,7,0.7142857142857143
Katy Perry,Cozy Little Christmas,['Katy Perry'],2,53.0,68.0,1,15.0
Kehlani,CRZY,['Kehlani'],5,85.0,95.0,1,10.0
Kehlani,Folded,['Kehlani'],27,7.0,76.0,19,3.6315789473684212
Kehlani Featuring Ty Dolla $ign,Nights Like This,"['Kehlani', 'Ty Dolla $ign']",9,67.0,69.0,6,0.3333333333333333
Keith Urban,Blue Ain't Your Color,['Keith Urban'],21,24.0,73.0,9,5.444444444444445
Keith Urban,Break On Me.,['Keith Urban'],12,54.0,94.0,8,5.0
Keith Urban,God Whispered Your Name,['Keith Urban'],20,60.0,97.0,10,3.7
Keith Urban Featuring Julia Michaels,Coming Home,"['Keith Urban', 'Julia Michaels']",7,50.0,88.0,4,9.5
Kelly Clarkson,Love So Soft,['Kelly Clarkson'],13,47.0,62.0,7,2.142857142857143
Kelsea Ballerini,Dibs,['Kelsea Ballerini'],11,58.0,87.0,8,3.625
Kelsea Ballerini,Miss Me More,['Kelsea Ballerini'],20,47.0,95.0,17,2.823529411764706
Kelsea Ballerini,Peter Pan,['Kelsea Ballerini'],20,35.0,92.0,14,4.071428571428571
Kendrick Lamar & SZA,Luther,"['Kendrick Lamar', 'SZA']",46,1.0,3.0,12,0.16666666666666666
Kenny Chesney,All The Pretty Girls,['Kenny Chesney'],14,63.0,98.0,8,4.375
Kenny Chesney,Get Along,['Kenny Chesney'],21,22.0,85.0,16,3.9375
Kenny Chesney,Here And Now,['Kenny Chesney'],15,38.0,93.0,11,5.0
Kenny Chesney,Tip Of My Tongue,['Kenny Chesney'],20,73.0,83.0,16,0.625
Kent Jones,Don't Mind,['Kent Jones'],20,8.0,63.0,8,6.875
Kenya Grace,Strangers,['Kenya Grace'],21,42.0,88.0,15,3.066666666666667
Kesha,Praying,['Kesha'],21,22.0,25.0,5,0.6
Kevin Gates,2 Phones,['Kevin Gates'],25,17.0,93.0,13,5.846153846153846
Khalid,Better,['Khalid'],48,8.0,45.0,29,1.2758620689655173
Khalid,Location,['Khalid'],43,16.0,77.0,15,4.066666666666666
Khalid,Young Dumb & Broke,['Khalid'],35,18.0,91.0,22,3.3181818181818183
Khalid & Normani,Love Lies,"['Khalid', 'Normani']",51,9.0,43.0,27,1.2592592592592593
Kid Ink Featuring Fetty Wap,Promise,"['Kid Ink', 'Fetty Wap']",14,57.0,92.0,8,4.375
Kiiara,Gold,['Kiiara'],27,13.0,96.0,19,4.368421052631579
Kip Moore,More Girls Like You,['Kip Moore'],12,66.0,88.0,9,2.4444444444444446
Kodak Black,Calling My Spirit,['Kodak Black'],17,46.0,64.0,2,9.0
Kodak Black,Super Gremlin,['Kodak Black'],42,3.0,97.0,17,5.529411764705882
Kodak Black,Transportin',['Kodak Black'],16,46.0,82.0,2,18.0
Kodak Black,Tunnel Vision,['Kodak Black'],20,6.0,27.0,2,10.5
Kodak Black Featuring XXXTENTACION,Roll In Peace,"['Kodak Black', 'XXXTENTACION']",25,31.0,53.0,21,1.0476190476190477
Koe Wetzel,Sweet Dreams,['Koe Wetzel'],13,35.0,47.0,3,4.0
Koe Wetzel & Jessie Murph,High Road,"['Koe Wetzel', 'Jessie Murph']",40,22.0,29.0,6,1.1666666666666667
Kungs vs Cookin' On 3 Burners,This Girl,"[""Kungs vs Cookin' On 3 Burners""]",14,26.0,91.0,8,8.125
Kygo Featuring Miguel,Remind Me To Forget,"['Kygo', 'Miguel']",11,63.0,94.0,6,5.166666666666667
Kygo x Selena Gomez,It Ain't Me,"['Kygo', 'Selena Gomez']",29,10.0,93.0,10,8.3
Kyle Featuring Lil Yachty,iSpy,"['Kyle', 'Lil Yachty']",30,4.0,80.0,14,5.428571428571429
LANco,Greatest Love Story,['LANco'],20,45.0,86.0,10,4.1
Labrinth,Never Felt So Alone,['Labrinth'],5,62.0,94.0,1,32.0
Labrinth & Zendaya,I'm Tired,"['Labrinth', 'Zendaya']",4,53.0,76.0,1,23.0
Lady A,Like A Lady,['Lady A'],3,85.0,90.0,2,2.5
Lady Gaga,Abracadabra,['Lady Gaga'],20,13.0,29.0,1,16.0
Lady Gaga,Bloody Mary,['Lady Gaga'],18,41.0,68.0,11,2.4545454545454546
Lady Gaga,Hold My Hand,['Lady Gaga'],10,49.0,82.0,4,8.25
Lady Gaga & Bradley Cooper,Shallow,"['Lady Gaga', 'Bradley Cooper']",45,1.0,28.0,21,1.2857142857142858
Lady Gaga & Bruno Mars,Die With A Smile,"['Lady Gaga', 'Bruno Mars']",60,1.0,3.0,19,0.10526315789473684
Lainey Wilson,Heart Like A Truck,['Lainey Wilson'],23,29.0,86.0,14,4.071428571428571
Lainey Wilson,Things A Man Oughta Know,['Lainey Wilson'],20,32.0,94.0,14,4.428571428571429
Lainey Wilson,Watermelon Moonshine,['Lainey Wilson'],20,21.0,89.0,14,4.857142857142857
Latto,Big Energy,['Latto'],51,3.0,88.0,22,3.8636363636363638
Laufey,Christmas Magic,['Laufey'],4,56.0,84.0,3,9.333333333333334
Lauren Alaina,Road Less Traveled,['Lauren Alaina'],12,67.0,86.0,10,1.9
Lauren Daigle,The Christmas Song,['Lauren Daigle'],2,55.0,90.0,1,35.0
Lauren Daigle,You Say,['Lauren Daigle'],43,29.0,53.0,35,0.6857142857142857
Lauren Spencer Smith,Fingers Crossed,['Lauren Spencer Smith'],19,19.0,69.0,1,50.0
Lauren Spencer Smith,Last Christmas,['Lauren Spencer Smith'],5,72.0,91.0,4,4.75
Lauv,I Like Me Better,['Lauv'],41,27.0,96.0,28,2.4642857142857144
"Layton Greene, Lil Baby, City Girls & PnB Rock",Leave Em Alone,"['Layton Greene', 'Lil Baby', 'City Girls', 'PnB Rock']",15,60.0,91.0,5,6.2
Lee Brice,One Of Them Girls,['Lee Brice'],26,17.0,90.0,19,3.8421052631578947
Lee Brice,Rumor,['Lee Brice'],20,25.0,88.0,14,4.5
Lee Brice,That Don't Sound Like You,['Lee Brice'],11,64.0,98.0,6,5.666666666666667
Lewis Capaldi,Someone You Loved,['Lewis Capaldi'],54,1.0,85.0,23,3.652173913043478
Liam Payne Featuring Quavo,Strip That Down,"['Liam Payne', 'Quavo']",28,10.0,42.0,14,2.2857142857142856
Libianca,People,['Libianca'],8,80.0,91.0,6,1.8333333333333333
Lil Baby,On Me,['Lil Baby'],26,15.0,30.0,20,0.75
Lil Baby,Woah,['Lil Baby'],21,15.0,19.0,16,0.25
Lil Baby & 42 Dugg,We Paid,"['Lil Baby', '42 Dugg']",22,10.0,61.0,8,6.375
Lil Baby & Drake,Yes Indeed,"['Lil Baby', 'Drake']",29,6.0,49.0,1,43.0
Lil Baby & Gunna,Drip Too Hard,"['Lil Baby', 'Gunna']",35,4.0,28.0,3,8.0
Lil Baby & Lil Durk,Voice Of The Heroes,"['Lil Baby', 'Lil Durk']",3,21.0,81.0,1,60.0
Lil Baby Featuring Future,Out The Mud,"['Lil Baby', 'Future']",3,70.0,72.0,1,2.0
Lil Baby Featuring Gunna & Lil Uzi Vert,Life Goes On,"['Lil Baby', 'Gunna', 'Lil Uzi Vert']",6,74.0,80.0,1,6.0
Lil Dicky Featuring Chris Brown,Freaky Friday,"['Lil Dicky', 'Chris Brown']",20,8.0,9.0,1,1.0
Lil Dicky Featuring Fetty Wap & Rich Homie Quan,$ave Dat Money,"['Lil Dicky', 'Fetty Wap', 'Rich Homie Quan']",12,73.0,81.0,1,8.0
Lil Durk,Ahhh Ha,['Lil Durk'],11,18.0,42.0,3,8.0
Lil Durk Featuring Gunna,What Happened To Virgil,"['Lil Durk', 'Gunna']",20,22.0,24.0,1,2.0
Lil Mabu,Mathematical Disrespect,['Lil Mabu'],4,47.0,90.0,1,43.0
Lil Mosey,Blueberry Faygo,['Lil Mosey'],33,8.0,62.0,21,2.5714285714285716
Lil Nas X,Panini,['Lil Nas X'],32,5.0,16.0,12,0.9166666666666666
Lil Nas X,Thats What I Want,['Lil Nas X'],45,8.0,10.0,26,0.07692307692307693
Lil Nas X & Jack Harlow,Industry Baby,"['Lil Nas X', 'Jack Harlow']",42,1.0,2.0,11,0.09090909090909091
Lil Nas X Featuring Billy Ray Cyrus,Old Town Road,"['Lil Nas X', 'Billy Ray Cyrus']",45,1.0,83.0,4,20.5
Lil Peep & XXXTENTACION,Falling Down,"['Lil Peep', 'XXXTENTACION']",11,13.0,47.0,1,34.0
Lil Peep & iLoveMakonnen Featuring Fall Out Boy,I've Been Waiting,"['Lil Peep', 'iLoveMakonnen', 'Fall Out Boy']",9,62.0,96.0,5,6.8
Lil Pump,Gucci Gang,['Lil Pump'],23,3.0,81.0,9,8.666666666666666
Lil Shordie Scott,Rocking A Cardigan In Atlanta,['Lil Shordie Scott'],3,77.0,100.0,1,23.0
Lil Skies,Lust,['Lil Skies'],4,87.0,91.0,2,2.0
Lil Skies Featuring Landon Cube,Nowadays,"['Lil Skies', 'Landon Cube']",13,55.0,85.0,1,30.0
Lil Skies Featuring Landon Cube,Red Roses,"['Lil Skies', 'Landon Cube']",20,69.0,98.0,1,29.0
Lil Skies Featuring Yung Pinch,I Know You,"['Lil Skies', 'Yung Pinch']",3,79.0,90.0,2,5.5
Lil Tecca,500lbs,['Lil Tecca'],20,51.0,60.0,7,1.2857142857142858
Lil Tecca,Dark Thoughts,['Lil Tecca'],17,28.0,45.0,2,8.5
Lil Tecca,Did It Again,['Lil Tecca'],7,64.0,100.0,2,18.0
Lil Tecca,Ran$om,['Lil Tecca'],31,4.0,93.0,13,6.846153846153846
Lil Uzi Vert,Dark Queen,['Lil Uzi Vert'],2,91.0,92.0,1,1.0
Lil Uzi Vert,Just Wanna Rock,['Lil Uzi Vert'],32,10.0,86.0,15,5.066666666666666
Lil Uzi Vert,Money Longer,['Lil Uzi Vert'],22,54.0,92.0,13,2.923076923076923
Lil Uzi Vert,New Patek,['Lil Uzi Vert'],7,24.0,38.0,1,14.0
Lil Uzi Vert,Watch This (ARIZONATEARS Pluggnb Remix),['Lil Uzi Vert'],6,56.0,62.0,1,6.0
Lil Uzi Vert,XO TOUR Llif3,['Lil Uzi Vert'],34,7.0,49.0,10,4.2
Lil Uzi Vert,You Was Right,['Lil Uzi Vert'],28,40.0,89.0,25,1.96
Lil Uzi Vert Featuring Nicki Minaj,The Way Life Goes,"['Lil Uzi Vert', 'Nicki Minaj']",22,24.0,39.0,15,1.0
"Lil Wayne, Wiz Khalifa & Imagine Dragons With Logic & Ty Dolla $ign Feat. X Ambassadors",Sucker For Pain,"['Lil Wayne', 'Wiz Khalifa', 'Imagine Dragons', 'Logic', 'Ty Dolla $ign', 'X Ambassadors']",22,15.0,32.0,6,2.8333333333333335
Lil Xan,Betrayed,['Lil Xan'],19,64.0,93.0,11,2.6363636363636362
Lil Yachty,Poland,['Lil Yachty'],3,40.0,65.0,1,25.0
"Lil Yachty, Drake & DaBaby",Oprah's Bank Account,"['Lil Yachty', 'Drake', 'DaBaby']",6,55.0,89.0,1,34.0
Little Big Town,Better Man,['Little Big Town'],20,34.0,54.0,13,1.5384615384615385
Lizzo,Good As Hell,['Lizzo'],30,3.0,52.0,12,4.083333333333333
Lizzo,Someday At Christmas,['Lizzo'],5,59.0,96.0,3,12.333333333333334
Lizzo,Truth Hurts,['Lizzo'],42,1.0,50.0,16,3.0625
Lizzy McAlpine,Ceilings,['Lizzy McAlpine'],13,54.0,75.0,3,7.0
LoCash,I Know Somebody,['LoCash'],11,52.0,97.0,6,7.5
LoCash,I Love This Life,['LoCash'],11,56.0,73.0,5,3.4
LoCash,One Big Country Song,['LoCash'],11,50.0,82.0,7,4.571428571428571
Logic & Marshmello,Everyday,"['Logic', 'Marshmello']",13,29.0,43.0,1,14.0
Logic Featuring Alessia Cara & Khalid,1-800-273-8255,"['Logic', 'Alessia Cara', 'Khalid']",41,3.0,61.0,19,3.0526315789473686
Lola Young,Messy,['Lola Young'],32,14.0,90.0,8,9.5
Lord Huron,The Night We Met,['Lord Huron'],4,84.0,99.0,1,15.0
Lorde,Green Light,['Lorde'],9,19.0,100.0,1,81.0
"Los Legendarios, Wisin & Jhay Cortez",Fiel,"['Los Legendarios', 'Wisin', 'Jhay Cortez']",9,62.0,93.0,1,31.0
Loud Luxury Featuring Brando,Body,"['Loud Luxury', 'Brando']",8,80.0,87.0,1,7.0
Loza Alexander,Lets Go Brandon,['Loza Alexander'],3,38.0,45.0,1,7.0
Lucky Daye,Over,['Lucky Daye'],7,77.0,92.0,1,15.0
Luis Fonsi & Daddy Yankee Featuring Justin Bieber,Despacito,"['Luis Fonsi', 'Daddy Yankee', 'Justin Bieber']",51,1.0,88.0,16,5.4375
Luis R Conriquez x Neton Vega,Si No Quieres No,"['Luis R Conriquez', 'Neton Vega']",20,53.0,86.0,4,8.25
Lukas Graham,7 Years,['Lukas Graham'],36,2.0,96.0,9,10.444444444444445
Lukas Graham,Love Someone,['Lukas Graham'],10,70.0,82.0,6,2.0
Lukas Graham,Mama Said,['Lukas Graham'],11,36.0,81.0,6,7.5
Luke Bryan,Country Song Came On,['Luke Bryan'],3,93.0,98.0,1,5.0
Luke Bryan,Down To One,['Luke Bryan'],20,36.0,91.0,9,6.111111111111111
Luke Bryan,Fast,['Luke Bryan'],13,58.0,81.0,10,2.3
Luke Bryan,"Huntin', Fishin' And Lovin' Every Day",['Luke Bryan'],20,37.0,92.0,11,5.0
Luke Bryan,Knockin' Boots,['Luke Bryan'],22,31.0,94.0,18,3.5
Luke Bryan,Light It Up,['Luke Bryan'],18,57.0,76.0,14,1.3571428571428572
Luke Bryan,"Love You, Miss You, Mean It",['Luke Bryan'],10,39.0,99.0,8,7.5
Luke Bryan,Most People Are Good,['Luke Bryan'],18,43.0,94.0,11,4.636363636363637
Luke Bryan,Move,['Luke Bryan'],14,50.0,100.0,10,5.0
Luke Bryan,One Margarita,['Luke Bryan'],20,19.0,87.0,9,7.555555555555555
Luke Bryan,"Sunrise, Sunburn, Sunset",['Luke Bryan'],16,35.0,86.0,8,6.375
Luke Bryan,Waves,['Luke Bryan'],17,24.0,90.0,9,7.333333333333333
Luke Bryan,What Makes You Country,['Luke Bryan'],11,54.0,76.0,7,3.142857142857143
Luke Bryan Featuring Karen Fairchild,Home Alone Tonight,"['Luke Bryan', 'Karen Fairchild']",16,38.0,61.0,6,3.8333333333333335
Luke Combs,5 Leaf Clover,['Luke Combs'],7,33.0,45.0,1,12.0
Luke Combs,Ain't No Love In Oklahoma,['Luke Combs'],27,13.0,23.0,9,1.1111111111111112
Luke Combs,Back In The Saddle,['Luke Combs'],19,22.0,38.0,13,1.2307692307692308
Luke Combs,Beer Never Broke My Heart,['Luke Combs'],21,21.0,68.0,12,3.9166666666666665
Luke Combs,Fast Car,['Luke Combs'],56,2.0,44.0,12,3.5
Luke Combs,"Going, Going, Gone",['Luke Combs'],22,23.0,99.0,12,6.333333333333333
Luke Combs,Hurricane,['Luke Combs'],22,31.0,96.0,12,5.416666666666667
Luke Combs,Lovin' On You,['Luke Combs'],20,23.0,93.0,10,7.0
Luke Combs,One Number Away,['Luke Combs'],20,34.0,84.0,10,5.0
Luke Combs,She Got The Best Of Me,['Luke Combs'],23,31.0,95.0,20,3.2
Luke Combs,The Man He Sees In Me,['Luke Combs'],3,39.0,58.0,1,19.0
Luke Combs,When It Rains It Pours,['Luke Combs'],20,33.0,85.0,11,4.7272727272727275
Luke Combs,Where The Wild Things Are,['Luke Combs'],22,26.0,84.0,11,5.2727272727272725
Luke Combs Featuring Eric Church,Does To Me,"['Luke Combs', 'Eric Church']",19,20.0,86.0,10,6.6
"Lunay, Daddy Yankee & Bad Bunny",Soltera,"['Lunay', 'Daddy Yankee', 'Bad Bunny']",17,66.0,73.0,13,0.5384615384615384
MAX Featuring Gnash,Lights Down Low,"['MAX', 'Gnash']",27,20.0,95.0,18,4.166666666666667
Mabel,Don't Call Me Up,['Mabel'],10,66.0,97.0,7,4.428571428571429
Mac DeMarco,Heart To Heart,['Mac DeMarco'],4,83.0,98.0,1,15.0
Machine Gun Kelly & Bring Me the Horizon,Maybe,"['Machine Gun Kelly', 'Bring Me the Horizon']",2,68.0,91.0,1,23.0
"Macklemore & Ryan Lewis Featuring Eric Nally, Melle Mel, Kool Moe Dee & Grandmaster Caz",Downtown,"['Macklemore', 'Ryan Lewis', 'Eric Nally', 'Melle Mel', 'Kool Moe Dee', 'Grandmaster Caz']",4,70.0,89.0,3,6.333333333333333
Maddie & Tae,Die From A Broken Heart,"['Maddie', 'Tae']",25,22.0,80.0,17,3.411764705882353
Major Lazer Featuring Nyla & Fuse ODG,Light It Up,"['Major Lazer', 'Nyla', 'Fuse ODG']",20,73.0,98.0,11,2.272727272727273
Maluma,Felices Los 4,['Maluma'],20,48.0,93.0,9,5.0
Maluma & The Weeknd,Hawai,"['Maluma', 'The Weeknd']",21,12.0,79.0,11,6.090909090909091
Marc E. Bassy Featuring G-Eazy,You & Me,"['Marc E. Bassy', 'G-Eazy']",16,58.0,91.0,8,4.125
Maren Morris,My Church,['Maren Morris'],20,50.0,91.0,9,4.555555555555555
Marian Hill,Down,['Marian Hill'],17,21.0,99.0,6,13.0
Mark Ronson Featuring Miley Cyrus,Nothing Breaks Like A Heart,"['Mark Ronson', 'Miley Cyrus']",13,43.0,67.0,5,4.8
Maroon 5,Memories,['Maroon 5'],41,2.0,22.0,14,1.4285714285714286
Maroon 5,Nobody's Love,['Maroon 5'],10,41.0,46.0,2,2.5
Maroon 5 Featuring Cardi B,Girls Like You,"['Maroon 5', 'Cardi B']",52,1.0,94.0,16,5.8125
Maroon 5 Featuring Future,Cold,"['Maroon 5', 'Future']",20,16.0,42.0,4,6.5
Maroon 5 Featuring Kendrick Lamar,Don't Wanna Know,"['Maroon 5', 'Kendrick Lamar']",27,6.0,56.0,16,3.125
Maroon 5 Featuring Megan Thee Stallion,Beautiful Mistakes,"['Maroon 5', 'Megan Thee Stallion']",25,13.0,54.0,15,2.7333333333333334
Maroon 5 Featuring SZA,What Lovers Do,"['Maroon 5', 'SZA']",21,9.0,73.0,10,6.4
Marshmello & Anne-Marie,Friends,"['Marshmello', 'Anne-Marie']",29,11.0,72.0,14,4.357142857142857
Marshmello & Bastille,Happier,"['Marshmello', 'Bastille']",52,2.0,63.0,24,2.5416666666666665
Marshmello & Kane Brown,Miles On It,"['Marshmello', 'Kane Brown']",29,15.0,37.0,18,1.2222222222222223
Marshmello & Kane Brown,One Thing Right,"['Marshmello', 'Kane Brown']",23,36.0,57.0,17,1.2352941176470589
Marshmello & Khalid,Numb,"['Marshmello', 'Khalid']",16,40.0,83.0,9,4.777777777777778
Marshmello Featuring Chvrches,Here With Me,"['Marshmello', 'Chvrches']",16,31.0,75.0,7,6.285714285714286
Marshmello Featuring Khalid,Silence,"['Marshmello', 'Khalid']",22,30.0,42.0,17,0.7058823529411765
Marshmello X Jonas Brothers,Leave Before You Love Me,"['Marshmello', 'Jonas Brothers']",22,19.0,85.0,11,6.0
Martin Garrix & Bebe Rexha,In The Name Of Love,"['Martin Garrix', 'Bebe Rexha']",23,24.0,93.0,14,4.928571428571429
Masked Wolf,Astronaut In The Ocean,['Masked Wolf'],28,6.0,68.0,12,5.166666666666667
Matt Stell,Prayed For You,['Matt Stell'],20,36.0,99.0,9,7.0
Meek Mill Featuring Roddy Ricch,Letter To Nipsey,"['Meek Mill', 'Roddy Ricch']",2,73.0,80.0,1,7.0
Megan Thee Stallion,Big Ole Freak,['Megan Thee Stallion'],12,65.0,99.0,4,8.5
Megan Thee Stallion Featuring Beyonce,Savage,"['Megan Thee Stallion', 'Beyonce']",28,1.0,98.0,9,10.777777777777779
Megan Thee Stallion Featuring DaBaby,Cash Shit,"['Megan Thee Stallion', 'DaBaby']",20,36.0,98.0,10,6.2
Megan Thee Stallion Featuring Yuki Chiba,Mamushi,"['Megan Thee Stallion', 'Yuki Chiba']",20,36.0,68.0,3,10.666666666666666
Meghan Trainor,Made You Look,['Meghan Trainor'],21,11.0,95.0,14,6.0
Meghan Trainor,Me Too,['Meghan Trainor'],20,13.0,39.0,10,2.6
Meghan Trainor,No,['Meghan Trainor'],20,3.0,11.0,3,2.6666666666666665
Meghan Trainor Featuring John Legend,Like I'm Gonna Lose You,"['Meghan Trainor', 'John Legend']",16,9.0,10.0,4,0.25
Metallica,Master Of Puppets,['Metallica'],3,35.0,40.0,1,5.0
Metro Boomin & Coi Leray,Self Love,"['Metro Boomin', 'Coi Leray']",4,54.0,62.0,1,8.0
"Metro Boomin, Quavo, Breskii & YKNIECE",Take Me Thru Dere,"['Metro Boomin', 'Quavo', 'Breskii', 'YKNIECE']",12,69.0,99.0,5,6.0
"Metro Boomin, The Weeknd & 21 Savage",Creepin',"['Metro Boomin', 'The Weeknd', '21 Savage']",47,3.0,5.0,8,0.25
Michael Ray,Think A Little Less,['Michael Ray'],16,54.0,90.0,11,3.272727272727273
Michael Ray,Whiskey And Rain,['Michael Ray'],20,37.0,97.0,13,4.615384615384615
Midland,Drinkin' Problem,['Midland'],20,45.0,97.0,15,3.466666666666667
Migos,Stir Fry,['Migos'],21,8.0,94.0,6,14.333333333333334
Migos,Straightenin,['Migos'],14,23.0,38.0,4,3.75
Migos,T-Shirt,['Migos'],25,19.0,43.0,2,12.0
Migos Featuring Drake,Walk It Talk It,"['Migos', 'Drake']",22,10.0,18.0,9,0.8888888888888888
Migos Featuring Lil Uzi Vert,Bad And Boujee,"['Migos', 'Lil Uzi Vert']",36,1.0,76.0,7,10.714285714285714
"Migos, Nicki Minaj & Cardi B",MotorSport,"['Migos', 'Nicki Minaj', 'Cardi B']",21,6.0,14.0,6,1.3333333333333333
Miguel,Sure Thing,['Miguel'],29,11.0,49.0,22,1.7272727272727273
Mike Posner,I Took A Pill In Ibiza,['Mike Posner'],37,4.0,79.0,15,5.0
Miley Cyrus,Malibu,['Miley Cyrus'],15,10.0,64.0,1,54.0
Miranda Lambert,Bluebird,['Miranda Lambert'],20,26.0,81.0,15,3.6666666666666665
Miranda Lambert,If I Was A Cowboy,['Miranda Lambert'],20,53.0,82.0,11,2.6363636363636362
Miranda Lambert,Settling Down,['Miranda Lambert'],20,41.0,90.0,14,3.5
Mitchell Tenpenny,Truth About You,['Mitchell Tenpenny'],13,54.0,85.0,7,4.428571428571429
Mitski,My Love Mine All Mine,['Mitski'],20,26.0,76.0,4,12.5
Money Man Featuring Lil Baby,24,"['Money Man', 'Lil Baby']",14,49.0,71.0,8,2.75
Moneybagg Yo,Said Sum,['Moneybagg Yo'],22,17.0,63.0,16,2.875
Moneybagg Yo,Time Today,['Moneybagg Yo'],20,31.0,37.0,11,0.5454545454545454
Moneybagg Yo,Wockesha,['Moneybagg Yo'],28,20.0,59.0,22,1.7727272727272727
Moneybagg Yo Featuring BIG30,Go!,"['Moneybagg Yo', 'BIG30']",4,52.0,96.0,1,44.0
Moneybagg Yo Featuring Lil Baby,U Played,"['Moneybagg Yo', 'Lil Baby']",5,53.0,60.0,1,7.0
Mooski,Track Star,['Mooski'],20,31.0,99.0,10,6.8
Morgan Evans,Kiss Somebody,['Morgan Evans'],8,53.0,76.0,6,3.8333333333333335
Morgan Wallen,Chasin' You,['Morgan Wallen'],36,16.0,82.0,18,3.6666666666666665
Morgan Wallen,Dark Til Daylight,['Morgan Wallen'],8,49.0,50.0,1,1.0
Morgan Wallen,Just In Case,['Morgan Wallen'],29,2.0,4.0,8,0.25
Morgan Wallen,Last Night,['Morgan Wallen'],60,1.0,27.0,5,5.2
Morgan Wallen,One Thing At A Time,['Morgan Wallen'],30,10.0,37.0,13,2.076923076923077
Morgan Wallen,Smile,['Morgan Wallen'],21,4.0,27.0,1,23.0
Morgan Wallen,Superman,['Morgan Wallen'],17,8.0,16.0,1,8.0
Morgan Wallen,Thinkin' Bout Me,['Morgan Wallen'],55,7.0,9.0,33,0.06060606060606061
Morgan Wallen,Whiskey Glasses,['Morgan Wallen'],27,17.0,85.0,12,5.666666666666667
Morgan Wallen,You Proof,['Morgan Wallen'],62,5.0,6.0,21,0.047619047619047616
Morgan Wallen Featuring Florida Georgia Line,Up Down,"['Morgan Wallen', 'Florida Georgia Line']",20,49.0,86.0,11,3.3636363636363638
Morray,Quicksand,['Morray'],20,65.0,100.0,12,2.9166666666666665
Muni Long,Hrs And Hrs,['Muni Long'],20,16.0,83.0,4,16.75
Muni Long,Made For Me,['Muni Long'],22,20.0,93.0,6,12.166666666666666
Mustard & Roddy Ricch,Ballin',"['Mustard', 'Roddy Ricch']",44,11.0,94.0,24,3.4583333333333335
Myke Towers,LaLa,['Myke Towers'],20,43.0,90.0,4,11.75
Myke Towers & Juhn,Bandido,"['Myke Towers', 'Juhn']",7,82.0,87.0,1,5.0
N*E*R*D & Rihanna,Lemon,"['N*E*R*D', 'Rihanna']",21,36.0,65.0,19,1.5263157894736843
NEIKED X Mae Muller X Polo G,Better Days,"['NEIKED', 'Mae Muller', 'Polo G']",20,23.0,57.0,11,3.090909090909091
NF,Let You Down,['NF'],27,12.0,87.0,15,5.0
NLE Choppa,Shotta Flow,['NLE Choppa'],20,36.0,96.0,12,5.0
NLE Choppa & 2Rare,Do It Again,"['NLE Choppa', '2Rare']",5,85.0,96.0,1,11.0
NLE Choppa & 41,Or What?,"['NLE Choppa', '41']",7,52.0,91.0,1,39.0
NLE Choppa Featuring Roddy Ricch,Walk Em Down,"['NLE Choppa', 'Roddy Ricch']",20,38.0,94.0,12,4.666666666666667
Nardo Wick,Dah Dah DahDah,['Nardo Wick'],11,48.0,89.0,3,13.666666666666666
Nate Smith,Bulletproof,['Nate Smith'],20,37.0,94.0,9,6.333333333333333
Nate Smith,World On Fire,['Nate Smith'],20,21.0,92.0,10,7.1
Nelly Featuring Jeremih,The Fix,"['Nelly', 'Jeremih']",9,62.0,65.0,1,3.0
Nengo Flow & Bad Bunny,Gato de Noche,"['Nengo Flow', 'Bad Bunny']",8,60.0,62.0,1,2.0
Neton Vega,Loco,['Neton Vega'],20,43.0,50.0,3,2.3333333333333335
Neton Vega & Peso Pluma,Morena,"['Neton Vega', 'Peso Pluma']",6,83.0,93.0,1,10.0
NewJeans,Ditto,['NewJeans'],5,82.0,96.0,4,3.5
NewJeans,OMG,['NewJeans'],6,74.0,91.0,3,5.666666666666667
NewJeans,Super Shy,['NewJeans'],8,48.0,66.0,2,9.0
Niall Horan,Slow Hands,['Niall Horan'],31,11.0,90.0,19,4.157894736842105
Niall Horan,This Town,['Niall Horan'],22,20.0,63.0,13,3.3076923076923075
Nick Jonas Featuring Tove Lo,Close,"['Nick Jonas', 'Tove Lo']",20,14.0,27.0,11,1.1818181818181819
Nicki Minaj,FTCU,['Nicki Minaj'],20,15.0,42.0,4,6.75
Nicki Minaj Featuring Ariana Grande,Bed,"['Nicki Minaj', 'Ariana Grande']",10,42.0,43.0,8,0.125
Nicki Minaj Featuring Lil Uzi Vert,Everybody,"['Nicki Minaj', 'Lil Uzi Vert']",20,24.0,26.0,6,0.3333333333333333
Nicky Jam,With You Tonight / Hasta El Amanecer,['Nicky Jam'],19,73.0,98.0,12,2.0833333333333335
Nicky Jam X Ozuna,Te Robare,"['Nicky Jam', 'Ozuna']",6,91.0,95.0,4,1.0
Nicky Jam x J Balvin,X,"['Nicky Jam', 'J Balvin']",21,41.0,80.0,10,3.9
Nipsey Hussle Featuring YG,Last Time That I Checc'd,"['Nipsey Hussle', 'YG']",3,76.0,82.0,1,6.0
Noah Kahan,Stick Season,['Noah Kahan'],52,9.0,80.0,28,2.5357142857142856
O.T. Genasis Featuring Young Dolph,Cut It,"['O.T. Genasis', 'Young Dolph']",20,35.0,94.0,16,3.6875
Offset & Metro Boomin,Ric Flair Drip,"['Offset', 'Metro Boomin']",30,13.0,71.0,19,3.0526315789473686
Old Dominion,Hotel Key,['Old Dominion'],19,48.0,93.0,11,4.090909090909091
Old Dominion,I Was On A Boat That Day,['Old Dominion'],19,37.0,91.0,14,3.857142857142857
Old Dominion,Make It Sweet,['Old Dominion'],20,56.0,98.0,16,2.625
Old Dominion,No Such Thing As A Broken Heart,['Old Dominion'],19,46.0,90.0,13,3.3846153846153846
Old Dominion,One Man Band,['Old Dominion'],28,20.0,91.0,11,6.454545454545454
Old Dominion,Snapback,['Old Dominion'],20,50.0,100.0,11,4.545454545454546
Old Dominion,Song For Another Time,['Old Dominion'],18,59.0,92.0,10,3.3
Old Dominion,Written In The Sand,['Old Dominion'],19,51.0,99.0,10,4.8
Olivia Dean,A Couple Minutes,['Olivia Dean'],8,55.0,87.0,3,10.666666666666666
Olivia Dean,Let Alone The One You Love,['Olivia Dean'],4,95.0,97.0,1,2.0
Olivia Dean,Man I Need,['Olivia Dean'],17,4.0,82.0,11,7.090909090909091
Olivia Dean,So Easy (To Fall In Love),['Olivia Dean'],12,18.0,98.0,7,11.428571428571429
Olivia Rodrigo,Deja Vu,['Olivia Rodrigo'],29,3.0,8.0,7,0.7142857142857143
Olivia Rodrigo,Favorite Crime,['Olivia Rodrigo'],13,16.0,18.0,1,2.0
Omar Apollo,Evergreen,['Omar Apollo'],7,51.0,62.0,2,5.5
One Direction,Perfect,['One Direction'],12,26.0,32.0,2,3.0
OneRepublic,Wherever I Go,['OneRepublic'],12,55.0,67.0,8,1.5
Oscar Ortiz X Edgardo Nunez,First Love,"['Oscar Ortiz', 'Edgardo Nunez']",3,91.0,94.0,1,3.0
Ozuna & Romeo Santos,El Farsante,"['Ozuna', 'Romeo Santos']",20,49.0,92.0,1,43.0
Ozuna Featuring Feid,Hey Mor,"['Ozuna', 'Feid']",4,85.0,96.0,2,5.5
Ozuna x Karol G x Myke Towers,Caramelo,"['Ozuna', 'Karol G', 'Myke Towers']",10,76.0,92.0,3,5.333333333333333
Ozzy Osbourne,Crazy Train,['Ozzy Osbourne'],2,39.0,46.0,1,7.0
Ozzy Osbourne,"Mama, I'm Coming Home",['Ozzy Osbourne'],2,48.0,49.0,1,1.0
P!nk,Just Like Fire,['P!nk'],26,10.0,42.0,6,5.333333333333333
P!nk,What About Us,['P!nk'],21,13.0,82.0,10,6.9
PARTYNEXTDOOR,Not Nice,['PARTYNEXTDOOR'],7,82.0,95.0,3,4.333333333333333
PLUTO & YKNIECE,Whim Whamiee,"['PLUTO', 'YKNIECE']",16,51.0,92.0,6,6.833333333333333
Panic! At The Disco,"Hey Look Ma, I Made It",['Panic! At The Disco'],22,16.0,96.0,13,6.153846153846154
Parker McCollum,Burn It Down,['Parker McCollum'],25,42.0,77.0,21,1.6666666666666667
Parker McCollum,Handle On You,['Parker McCollum'],20,30.0,69.0,17,2.2941176470588234
Parmalee,Cowgirl,['Parmalee'],3,84.0,85.0,2,0.5
Parmalee,Take My Name,['Parmalee'],20,22.0,88.0,9,7.333333333333333
Parmalee x Blanco Brown,Just The Way,"['Parmalee', 'Blanco Brown']",20,31.0,97.0,10,6.6
Paul Russell,Lil Boo Thang,['Paul Russell'],21,14.0,99.0,15,5.666666666666667
Pentatonix,Hallelujah,['Pentatonix'],11,23.0,32.0,8,1.125
Peso Pluma,Bye,['Peso Pluma'],9,48.0,53.0,4,1.25
Peso Pluma,Por Las Noches,['Peso Pluma'],20,28.0,92.0,6,10.666666666666666
Peso Pluma & Anitta,Bellakeo,"['Peso Pluma', 'Anitta']",14,53.0,71.0,5,3.6
Pierce the Veil,So Far So Fake,['Pierce the Veil'],6,64.0,88.0,2,12.0
PinkPantheress & Ice Spice,"Boy's A Liar, Pt. 2","['PinkPantheress', 'Ice Spice']",22,3.0,14.0,2,5.5
Pitbull x El Chombo x Karol G Featuring Cutty Ranks,Dame Tu Cosita,"['Pitbull', 'El Chombo', 'Karol G', 'Cutty Ranks']",9,36.0,81.0,2,22.5
Playboi Carti,Magnolia,['Playboi Carti'],20,29.0,91.0,7,8.857142857142858
PnB Rock,Selfish,['PnB Rock'],19,51.0,87.0,7,5.142857142857143
Polo G Featuring Lil Tjay,Pop Out,"['Polo G', 'Lil Tjay']",27,11.0,95.0,11,7.636363636363637
Pooh Shiesty Featuring Lil Durk,Back In Blood,"['Pooh Shiesty', 'Lil Durk']",23,13.0,93.0,7,11.428571428571429
Pop Smoke,Dior,['Pop Smoke'],21,22.0,49.0,20,1.35
Pop Smoke Featuring Lil Tjay,Mood Swings,"['Pop Smoke', 'Lil Tjay']",20,17.0,44.0,5,5.4
Popp Hunna,Adderall (Corvette Corvette),['Popp Hunna'],6,74.0,84.0,1,10.0
Portugal. The Man,Feel It Still,['Portugal. The Man'],44,4.0,89.0,17,5.0
Post Malone,Better Now,['Post Malone'],52,3.0,7.0,21,0.19047619047619047
Post Malone,Circles,['Post Malone'],61,1.0,7.0,11,0.5454545454545454
Post Malone,I Fall Apart,['Post Malone'],29,16.0,65.0,12,4.083333333333333
Post Malone,White Iverson,['Post Malone'],16,14.0,22.0,3,2.6666666666666665
Post Malone,Wow.,['Post Malone'],44,2.0,47.0,13,3.4615384615384617
Post Malone & Swae Lee,Sunflower (Spider-Man: Into The Spider-Verse),"['Post Malone', 'Swae Lee']",53,1.0,9.0,11,0.7272727272727273
Post Malone Featuring 21 Savage,Rockstar,"['Post Malone', '21 Savage']",40,1.0,2.0,3,0.3333333333333333
Post Malone Featuring Roddy Ricch,Cooped Up,"['Post Malone', 'Roddy Ricch']",15,12.0,29.0,3,5.666666666666667
Post Malone Featuring Ty Dolla $ign,Psycho,"['Post Malone', 'Ty Dolla $ign']",39,1.0,2.0,14,0.07142857142857142
Powfu Featuring beabadoobee,Death Bed,"['Powfu', 'beabadoobee']",26,23.0,71.0,12,4.0
Prince,1999,['Prince'],2,27.0,41.0,1,14.0
Prince,Little Red Corvette,['Prince'],2,20.0,29.0,1,9.0
Prince,When Doves Cry,['Prince'],2,8.0,20.0,1,12.0
Prince And The Revolution,Kiss,"['Prince', 'The Revolution']",2,23.0,28.0,1,5.0
Prince And The Revolution,Let's Go Crazy,"['Prince', 'The Revolution']",2,25.0,39.0,1,14.0
Prince And The Revolution,Purple Rain,"['Prince', 'The Revolution']",2,4.0,17.0,1,13.0
Quavo,W O R K I N  M E,['Quavo'],15,52.0,72.0,2,10.0
Quavo & Lil Yachty,Ice Tray,"['Quavo', 'Lil Yachty']",5,74.0,80.0,1,6.0
"Quavo, Takeoff & Offset",Too Hotty,"['Quavo', 'Takeoff', 'Offset']",4,91.0,97.0,1,6.0
RAYE,Where Is My Husband!,['RAYE'],12,37.0,90.0,8,6.625
RAYE Featuring 070 Shake,Escapism,"['RAYE', '070 Shake']",23,22.0,100.0,6,13.0
ROSALIA,Despecha,['ROSALIA'],12,63.0,98.0,4,8.75
ROSE & Bruno Mars,APT.,"['ROSE', 'Bruno Mars']",45,3.0,8.0,13,0.38461538461538464
Rachel Platten,Stand By You,['Rachel Platten'],16,37.0,77.0,6,6.666666666666667
Rae Sremmurd,Come Get Her,['Rae Sremmurd'],6,71.0,84.0,2,6.5
Rae Sremmurd,Swang,['Rae Sremmurd'],26,26.0,99.0,18,4.055555555555555
Rae Sremmurd & Juicy J,Powerglide,"['Rae Sremmurd', 'Juicy J']",17,28.0,76.0,9,5.333333333333333
Rae Sremmurd Featuring Gucci Mane,Black Beatles,"['Rae Sremmurd', 'Gucci Mane']",27,1.0,96.0,8,11.875
Randy Houser,We Went,['Randy Houser'],12,60.0,98.0,9,4.222222222222222
Rascal Flatts,I Like The Sound Of That,['Rascal Flatts'],16,52.0,87.0,9,3.888888888888889
Rascal Flatts,Yours If You Want It,['Rascal Flatts'],10,71.0,76.0,8,0.625
Rauw Alejandro,Todo de Ti,['Rauw Alejandro'],20,32.0,66.0,4,8.5
Ravyn Lenae,Love Me Not,['Ravyn Lenae'],34,5.0,81.0,19,4.0
Real Boston Richey,Help Me,['Real Boston Richey'],29,47.0,93.0,16,2.875
RealestK,WFM,['RealestK'],4,67.0,75.0,1,8.0
Regard,Ride It.,['Regard'],10,62.0,96.0,4,8.5
Regard x Troye Sivan x Tate McRae,You,"['Regard', 'Troye Sivan', 'Tate McRae']",11,58.0,100.0,6,7.0
Rema & Selena Gomez,Calm Down,"['Rema', 'Selena Gomez']",57,3.0,91.0,39,2.2564102564102564
Rich The Kid,Plug Walk,['Rich The Kid'],20,13.0,62.0,7,7.0
Rich The Kid Featuring Kendrick Lamar,New Freezer,"['Rich The Kid', 'Kendrick Lamar']",19,41.0,75.0,9,3.7777777777777777
Rihanna,Breakin' Dishes,['Rihanna'],8,82.0,86.0,2,2.0
Rihanna,Kiss It Better,['Rihanna'],12,62.0,80.0,5,3.6
Rihanna,Needed Me,['Rihanna'],45,7.0,91.0,19,4.421052631578948
Rihanna Featuring Drake,Work,"['Rihanna', 'Drake']",36,1.0,9.0,3,2.6666666666666665
Riley Green,I Wish Grandpas Never Died,['Riley Green'],12,66.0,90.0,6,4.0
Riley Green Featuring Ella Langley,Don't Mind If I Do,"['Riley Green', 'Ella Langley']",20,32.0,74.0,16,2.625
Rob $tone Featuring J. Davi$ & Spooks,Chill Bill,"['Rob $tone', 'J. Davi$', 'Spooks']",26,29.0,97.0,14,4.857142857142857
Robin Schulz Featuring Francesco Yates,Sugar,"['Robin Schulz', 'Francesco Yates']",15,44.0,87.0,9,4.777777777777778
Rod Wave,Break My Heart,['Rod Wave'],2,76.0,91.0,1,15.0
Rod Wave,Cold December,['Rod Wave'],6,38.0,58.0,1,20.0
Rod Wave,Come See Me,['Rod Wave'],6,19.0,56.0,2,18.5
Rod Wave,Fall Fast In Love,['Rod Wave'],4,49.0,68.0,2,9.5
Rod Wave,Heart On Ice,['Rod Wave'],27,25.0,56.0,21,1.4761904761904763
Rod Wave,Leavin,['Rod Wave'],2,63.0,68.0,1,5.0
Rod Wave,Passport Junkie,['Rod Wave'],6,51.0,61.0,4,2.5
Rod Wave,Street Runner,['Rod Wave'],10,16.0,36.0,2,10.0
Rod Wave & Kevin Gates,Cuban Links,"['Rod Wave', 'Kevin Gates']",3,92.0,95.0,1,3.0
Rod Wave Featuring ATR Son Son,Rags2Riches,"['Rod Wave', 'ATR Son Son']",20,12.0,96.0,6,14.0
Roddy Ricch,The Box,['Roddy Ricch'],38,1.0,47.0,4,11.5
Roddy Ricch Featuring A Boogie wit da Hoodie,Tip Toe,"['Roddy Ricch', 'A Boogie wit da Hoodie']",7,73.0,83.0,1,10.0
Roddy Ricch Featuring Mustard,High Fashion,"['Roddy Ricch', 'Mustard']",28,20.0,70.0,3,16.666666666666668
Rumi & JINU: EJAE & Andrew Choi,Free,"['Rumi', 'JINU', 'EJAE', 'Andrew Choi']",20,23.0,58.0,7,5.0
Runaway June,Buy My Own Drinks,['Runaway June'],5,88.0,90.0,1,2.0
Russ,Losin Control,['Russ'],19,62.0,89.0,10,2.7
Russ & Bia,BEST ON EARTH,"['Russ', 'Bia']",20,46.0,100.0,14,3.857142857142857
Russell Dickerson,Happen To Me,['Russell Dickerson'],35,28.0,71.0,21,2.0476190476190474
Russell Dickerson,Love You Like I Used To,['Russell Dickerson'],20,31.0,91.0,9,6.666666666666667
Russell Dickerson,Yours,['Russell Dickerson'],19,49.0,84.0,12,2.9166666666666665
Ruth B,Lost Boy,['Ruth B'],22,24.0,75.0,16,3.1875
Rylo Rodriguez Featuring NoCap,Thang For You,"['Rylo Rodriguez', 'NoCap']",2,91.0,96.0,1,5.0
SHAED,Trampoline,['SHAED'],39,13.0,99.0,24,3.5833333333333335
SOB X RBE,Paramedic!,"['SOB', 'RBE']",4,65.0,67.0,1,2.0
SZA,Another Life,['SZA'],2,64.0,73.0,1,9.0
SZA,BMF,['SZA'],20,29.0,55.0,1,26.0
SZA,Diamond Boy (DTM),['SZA'],2,60.0,62.0,1,2.0
SZA,Drive,['SZA'],4,51.0,59.0,1,8.0
SZA,Good Days,['SZA'],20,9.0,38.0,4,7.25
SZA,Scorsese Baby Daddy,['SZA'],5,41.0,63.0,1,22.0
SZA,The Weekend,['SZA'],24,33.0,89.0,20,2.8
SZA,What Do I Do,['SZA'],2,62.0,64.0,1,2.0
SZA Featuring Travis Scott,Love Galore,"['SZA', 'Travis Scott']",20,32.0,70.0,15,2.533333333333333
SZA With Kendrick Lamar,30 For 30,"['SZA', 'Kendrick Lamar']",36,10.0,45.0,7,5.0
"SZA, The Weeknd & Travis Scott",Power Is Power,"['SZA', 'The Weeknd', 'Travis Scott']",2,90.0,92.0,1,2.0
Sabrina Carpenter,Espresso,['Sabrina Carpenter'],65,3.0,7.0,8,0.5
Sabrina Carpenter,Feather,['Sabrina Carpenter'],37,21.0,100.0,19,4.157894736842105
Sabrina Carpenter,Nonsense,['Sabrina Carpenter'],19,56.0,75.0,1,19.0
Saint Jhn,Roses,['Saint Jhn'],34,4.0,55.0,13,3.923076923076923
"Saja Boys: Andrew Choi, Neckwav, Danny Chung, Kevin Woo & samUIL Lee",Soda Pop,"['Saja Boys', 'Andrew Choi', 'Neckwav', 'Danny Chung', 'Kevin Woo', 'samUIL Lee']",22,3.0,49.0,12,3.8333333333333335
"Saja Boys: Andrew Choi, Neckwav, Danny Chung, Kevin Woo & samUIL Lee",Your Idol,"['Saja Boys', 'Andrew Choi', 'Neckwav', 'Danny Chung', 'Kevin Woo', 'samUIL Lee']",23,4.0,77.0,7,10.428571428571429
Sam Barber Featuring Avery Anna,Indigo,"['Sam Barber', 'Avery Anna']",32,40.0,98.0,18,3.2222222222222223
Sam Hunt,23,['Sam Hunt'],20,50.0,99.0,13,3.769230769230769
Sam Hunt,Body Like A Back Road,['Sam Hunt'],41,6.0,38.0,9,3.5555555555555554
Sam Hunt,Break Up In A Small Town,['Sam Hunt'],10,29.0,34.0,2,2.5
Sam Hunt,Breaking Up Was Easy In The 90's,['Sam Hunt'],20,32.0,92.0,10,6.0
Sam Hunt,Hard To Forget,['Sam Hunt'],20,26.0,91.0,12,5.416666666666667
Sam Hunt,Kinfolks,['Sam Hunt'],21,34.0,64.0,16,1.875
Sam Hunt,Make You Miss Me,['Sam Hunt'],19,45.0,93.0,12,4.0
Sam Smith,Diamonds,['Sam Smith'],20,39.0,51.0,15,0.8
Sam Smith,How Do You Sleep?,['Sam Smith'],20,24.0,29.0,10,0.5
Sam Smith,Too Good At Goodbyes,['Sam Smith'],23,4.0,5.0,8,0.125
Sam Smith & Kim Petras,Unholy,"['Sam Smith', 'Kim Petras']",35,1.0,3.0,3,0.6666666666666666
Sam Smith & Normani,Dancing With A Stranger,"['Sam Smith', 'Normani']",45,7.0,33.0,13,2.0
Sarah Jeffery,Queen Of Mean,['Sarah Jeffery'],8,49.0,67.0,1,18.0
Saweetie,My Type,['Saweetie'],20,21.0,81.0,8,7.5
Saweetie,Tap In,['Saweetie'],19,20.0,91.0,8,8.875
Saweetie Featuring Doja Cat,Best Friend,"['Saweetie', 'Doja Cat']",30,14.0,39.0,12,2.0833333333333335
Scotty McCreery,Damn Strait,['Scotty McCreery'],20,32.0,82.0,16,3.125
Scotty McCreery,Five More Minutes,['Scotty McCreery'],19,44.0,98.0,10,5.4
Scotty McCreery,In Between,['Scotty McCreery'],13,53.0,93.0,9,4.444444444444445
Scotty McCreery,It Matters To Her,['Scotty McCreery'],10,49.0,100.0,7,7.285714285714286
Scotty McCreery,This Is It,['Scotty McCreery'],20,42.0,96.0,8,6.75
Scotty McCreery,You Time,['Scotty McCreery'],12,50.0,96.0,7,6.571428571428571
Scotty McCreery & Hootie & The Blowfish,Bottle Rockets,"['Scotty McCreery', 'Hootie', 'The Blowfish']",20,32.0,80.0,14,3.4285714285714284
Sebastian Yatra,Dos Oruguitas,['Sebastian Yatra'],16,36.0,83.0,3,15.666666666666666
"Sech, Darell, Nicky Jam, Ozuna & Anuel AA",Otro Trago,"['Sech', 'Darell', 'Nicky Jam', 'Ozuna', 'Anuel AA']",20,34.0,100.0,7,9.428571428571429
Selena Gomez,Back To You,['Selena Gomez'],26,18.0,50.0,18,1.7777777777777777
Selena Gomez,Bad Liar,['Selena Gomez'],14,20.0,80.0,5,12.0
Selena Gomez,Hands To Myself,['Selena Gomez'],19,7.0,62.0,6,9.166666666666666
Selena Gomez,Kill Em With Kindness,['Selena Gomez'],15,39.0,74.0,3,11.666666666666666
Selena Gomez,Lose You To Love Me,['Selena Gomez'],23,1.0,15.0,1,14.0
Selena Gomez,Same Old Love,['Selena Gomez'],15,5.0,6.0,4,0.25
Selena Gomez Featuring Gucci Mane,Fetish,"['Selena Gomez', 'Gucci Mane']",12,27.0,92.0,1,65.0
Selena Gomez X Marshmello,Wolves,"['Selena Gomez', 'Marshmello']",22,20.0,88.0,4,17.0
"Selena Gomez, Benny Blanco & The Marias",Ojos Tristes,"['Selena Gomez', 'Benny Blanco', 'The Marias']",5,56.0,59.0,1,3.0
Sexyy Red,Get It Sexyy,['Sexyy Red'],20,20.0,23.0,2,1.5
Sexyy Red,SkeeYee,['Sexyy Red'],12,62.0,67.0,4,1.25
Shaboozey,A Bar Song (Tipsy),['Shaboozey'],77,1.0,36.0,11,3.1818181818181817
Shakira & Rauw Alejandro,Te Felicito,"['Shakira', 'Rauw Alejandro']",8,67.0,88.0,1,21.0
Shawn Mendes,In My Blood,['Shawn Mendes'],23,11.0,72.0,10,6.1
Shawn Mendes,Stitches,['Shawn Mendes'],23,6.0,9.0,2,1.5
Shawn Mendes,There's Nothing Holdin' Me Back,['Shawn Mendes'],34,6.0,44.0,15,2.533333333333333
Shawn Mendes,Treat You Better,['Shawn Mendes'],39,6.0,34.0,15,1.8666666666666667
Shawn Mendes & Camila Cabello,I Know What You Did Last Summer,"['Shawn Mendes', 'Camila Cabello']",16,20.0,46.0,4,6.5
Shawn Mendes & Camila Cabello,Senorita,"['Shawn Mendes', 'Camila Cabello']",37,1.0,2.0,8,0.125
She & Him,I Thought I Saw Your Face Today,['She & Him'],2,74.0,99.0,1,25.0
Sheck Wes,Mo Bamba,['Sheck Wes'],28,6.0,82.0,13,5.846153846153846
Shoreline Mafia Presents OhGeesy & Fenix Flexin,Heat Stick,"['Shoreline Mafia', 'OhGeesy', 'Fenix Flexin']",3,97.0,98.0,1,1.0
Sia Featuring Kendrick Lamar,The Greatest,"['Sia', 'Kendrick Lamar']",23,18.0,52.0,11,3.090909090909091
Sia Featuring Sean Paul,Cheap Thrills,"['Sia', 'Sean Paul']",52,1.0,81.0,22,3.6363636363636362
Silento,Watch Me,['Silento'],9,19.0,27.0,1,8.0
Silk Sonic (Bruno Mars & Anderson .Paak),Smokin Out The Window,"['Silk Sonic Bruno Mars', 'Anderson .Paak']",20,5.0,8.0,1,3.0
Ski Mask The Slump God,Faucet Failure,['Ski Mask The Slump God'],11,87.0,100.0,1,13.0
Skrillex & Rick Ross,Purple Lamborghini,"['Skrillex', 'Rick Ross']",10,33.0,67.0,2,17.0
Sleepy Hallow,2055,['Sleepy Hallow'],17,51.0,87.0,4,9.0
"Sofi Tukker Featuring NERVO, The Knocks & Alisa Ueno",Best Friend,"['Sofi Tukker', 'NERVO', 'The Knocks', 'Alisa Ueno']",5,81.0,100.0,2,9.5
Sophie Ellis-Bextor,Murder On The Dancefloor,['Sophie Ellis-Bextor'],12,51.0,98.0,3,15.666666666666666
SpotemGottem Featuring Pooh Shiesty Or DaBaby,Beat Box,"['SpotemGottem', 'Pooh Shiesty', 'DaBaby']",23,12.0,84.0,12,6.0
StaySolidRocky,Party Girl,['StaySolidRocky'],20,21.0,84.0,6,10.5
Stephanie Beatriz,Waiting On A Miracle,['Stephanie Beatriz'],12,48.0,82.0,3,11.333333333333334
"Stephanie Beatriz, Olga Merediz & Encanto Cast",The Family Madrigal,"['Stephanie Beatriz', 'Olga Merediz', 'Encanto Cast']",16,20.0,62.0,3,14.0
"Stephanie Beatriz, Olga Merediz, John Leguizamo, Adassa, Maluma & Encanto Cast",All Of You,"['Stephanie Beatriz', 'Olga Merediz', 'John Leguizamo', 'Adassa', 'Maluma', 'Encanto Cast']",7,71.0,94.0,3,7.666666666666667
Steve Lacy,Bad Habit,['Steve Lacy'],35,1.0,100.0,12,8.25
Steve Lacy,Static,['Steve Lacy'],7,78.0,98.0,3,6.666666666666667
Stromae & Pomme,Ma Meilleure Ennemie,"['Stromae', 'Pomme']",2,69.0,95.0,1,26.0
Summer Walker X Drake,Girls Need Love,"['Summer Walker', 'Drake']",20,37.0,87.0,1,50.0
Superstar Pride,Painting Pictures,['Superstar Pride'],15,25.0,99.0,2,37.0
Surf Mesa Featuring Emilee,ily,"['Surf Mesa', 'Emilee']",28,23.0,100.0,24,3.2083333333333335
Surfaces,Sunday Best,['Surfaces'],21,19.0,98.0,14,5.642857142857143
THE ANXIETY: WILLOW & Tyler Cole,Meet Me At Our Spot,"['THE ANXIETY', 'WILLOW', 'Tyler Cole']",26,21.0,64.0,7,6.142857142857143
TK Kravitz Featuring Jacqueez,Ocean,"['TK Kravitz', 'Jacqueez']",3,76.0,87.0,2,5.5
Tai Verdes,A-O-K,['Tai Verdes'],19,34.0,83.0,13,3.769230769230769
Tame Impala & JENNIE,Dracula,"['Tame Impala', 'JENNIE']",12,30.0,55.0,5,5.0
Tate McRae,Greedy,['Tate McRae'],42,3.0,33.0,15,2.0
Tate McRae,She's All I Wanna Be,['Tate McRae'],20,44.0,52.0,7,1.1428571428571428
Tate McRae,Sports Car,['Tate McRae'],23,16.0,21.0,4,1.25
Tate McRae,You Broke Me First.,['Tate McRae'],38,17.0,95.0,27,2.888888888888889
Taylor Swift,Blank Space,['Taylor Swift'],2,46.0,49.0,1,3.0
Taylor Swift,Christmas Tree Farm (Old Timey Version),['Taylor Swift'],5,62.0,82.0,3,6.666666666666667
Taylor Swift,Delicate,['Taylor Swift'],35,12.0,84.0,18,4.0
Taylor Swift,Look What You Made Me Do,['Taylor Swift'],19,1.0,77.0,1,76.0
Taylor Swift,Lover,['Taylor Swift'],22,10.0,19.0,1,9.0
Taylor Swift,Mr. Perfectly Fine (Taylor's Version) (From The Vault),['Taylor Swift'],3,30.0,90.0,1,60.0
Taylor Swift,New Romantics,['Taylor Swift'],7,46.0,73.0,5,5.4
Taylor Swift,Out Of The Woods,['Taylor Swift'],8,44.0,46.0,3,0.6666666666666666
Taylor Swift,Wildest Dreams,['Taylor Swift'],11,18.0,23.0,2,2.5
Taylor Swift,You're Losing Me (From The Vault),['Taylor Swift'],7,27.0,46.0,1,19.0
Taylor Swift Featuring Brendon Urie,ME!,"['Taylor Swift', 'Brendon Urie']",20,2.0,100.0,1,98.0
Taylor Swift Featuring Ed Sheeran & Future,End Game,"['Taylor Swift', 'Ed Sheeran', 'Future']",13,18.0,86.0,7,9.714285714285714
Teddy Swims,The Door,['Teddy Swims'],25,24.0,94.0,17,4.117647058823529
Tee Grizzley,First Day Out,['Tee Grizzley'],20,48.0,88.0,12,3.3333333333333335
Tems,Free Mind,['Tems'],21,46.0,90.0,11,4.0
Tenille Arts,Somebody Like That,['Tenille Arts'],16,50.0,97.0,13,3.6153846153846154
That Mexican OT,02.02.99,['That Mexican OT'],3,74.0,88.0,1,14.0
"That Mexican OT, Paul Wall & DRODi",Johnny Dang,"['That Mexican OT', 'Paul Wall', 'DRODi']",12,65.0,97.0,5,6.4
The Chainsmokers,Honest,['The Chainsmokers'],4,77.0,88.0,1,11.0
The Chainsmokers,Paris,['The Chainsmokers'],20,6.0,7.0,5,0.2
The Chainsmokers,The One,['The Chainsmokers'],2,78.0,91.0,1,13.0
The Chainsmokers & Bebe Rexha,Call You Mine,"['The Chainsmokers', 'Bebe Rexha']",14,56.0,67.0,9,1.2222222222222223
The Chainsmokers & Coldplay,Something Just Like This,"['The Chainsmokers', 'Coldplay']",39,3.0,56.0,5,10.6
The Chainsmokers Featuring 5 Seconds of Summer,Who Do You Love,"['The Chainsmokers', '5 Seconds of Summer']",16,52.0,56.0,6,0.6666666666666666
The Chainsmokers Featuring Halsey,Closer,"['The Chainsmokers', 'Halsey']",52,1.0,9.0,2,4.0
The Chainsmokers Featuring ROZES,Roses,"['The Chainsmokers', 'ROZES']",23,6.0,26.0,6,3.3333333333333335
The Kid Laroi,Nights Like This,['The Kid Laroi'],20,47.0,76.0,1,29.0
The Kid Laroi,Without You,['The Kid Laroi'],38,8.0,63.0,21,2.619047619047619
The Kid Laroi & Justin Bieber,Stay,"['The Kid Laroi', 'Justin Bieber']",63,1.0,3.0,3,0.6666666666666666
The Marias,No One Noticed,['The Marias'],41,22.0,90.0,7,9.714285714285714
The Revivalists,Wish I Knew You,['The Revivalists'],9,84.0,93.0,5,1.8
The Weeknd,Acquainted,['The Weeknd'],15,70.0,100.0,10,3.0
The Weeknd,Heartless,['The Weeknd'],23,1.0,32.0,1,31.0
The Weeknd,Party Monster,['The Weeknd'],19,16.0,39.0,1,23.0
The Weeknd Featuring Daft Punk,I Feel It Coming,"['The Weeknd', 'Daft Punk']",26,4.0,48.0,18,2.4444444444444446
The Weeknd Featuring Daft Punk,Starboy,"['The Weeknd', 'Daft Punk']",30,1.0,40.0,13,3.0
Thomas Rhett,After All The Bars Are Closed,['Thomas Rhett'],21,35.0,63.0,15,1.8666666666666667
Thomas Rhett,Beautiful As You,['Thomas Rhett'],24,50.0,96.0,23,2.0
Thomas Rhett,Country Again,['Thomas Rhett'],20,42.0,73.0,16,1.9375
Thomas Rhett,Life Changes,['Thomas Rhett'],14,36.0,92.0,9,6.222222222222222
Thomas Rhett,Look What God Gave Her,['Thomas Rhett'],20,32.0,52.0,13,1.5384615384615385
Thomas Rhett,Marry Me,['Thomas Rhett'],19,30.0,97.0,13,5.153846153846154
Thomas Rhett,Remember You Young,['Thomas Rhett'],18,53.0,100.0,8,5.875
Thomas Rhett,Sixteen,['Thomas Rhett'],15,42.0,91.0,7,7.0
Thomas Rhett,Star Of The Show,['Thomas Rhett'],19,45.0,88.0,12,3.5833333333333335
Thomas Rhett,T-Shirt,['Thomas Rhett'],20,41.0,92.0,13,3.923076923076923
Thomas Rhett,Unforgettable,['Thomas Rhett'],20,47.0,68.0,6,3.5
Thomas Rhett Featuring Jon Pardi,Beer Can't Fix,"['Thomas Rhett', 'Jon Pardi']",18,36.0,91.0,8,6.875
Thomas Rhett Featuring Maren Morris,Craving You,"['Thomas Rhett', 'Maren Morris']",20,39.0,53.0,13,1.0769230769230769
"Thomas Rhett Featuring Reba McEntire, Hillary Scott, Chris Tomlin & Keith Urban",Be A Light,"['Thomas Rhett', 'Reba McEntire', 'Hillary Scott', 'Chris Tomlin', 'Keith Urban']",22,42.0,71.0,21,1.380952380952381
Thomas Rhett Featuring Teddy Swims,Somethin' 'Bout A Woman,"['Thomas Rhett', 'Teddy Swims']",6,65.0,80.0,3,5.0
Tiesto & Ava Max,The Motto,"['Tiesto', 'Ava Max']",16,42.0,95.0,8,6.625
Tiesto & Dzeko Featuring Preme & Post Malone,Jackie Chan,"['Tiesto', 'Dzeko', 'Preme', 'Post Malone']",19,52.0,88.0,9,4.0
Tiesto Featuring Tate McRae,10:35,"['Tiesto', 'Tate McRae']",9,69.0,72.0,2,1.5
Tim McGraw,7500 OBO,['Tim McGraw'],8,66.0,99.0,6,5.5
Tim McGraw,How I'll Always Be,['Tim McGraw'],12,70.0,99.0,10,2.9
Tinashe,Nasty,['Tinashe'],16,61.0,90.0,3,9.666666666666666
Tito Double P,El Lokeron,['Tito Double P'],8,73.0,92.0,3,6.333333333333333
Tito Double P,Tattoo,['Tito Double P'],8,72.0,85.0,1,13.0
Tito Double P & Peso Pluma,Dos Dias,"['Tito Double P', 'Peso Pluma']",20,51.0,84.0,4,8.25
Tommy Richman,Devil Is A Lie,['Tommy Richman'],13,32.0,47.0,2,7.5
Tones And I,Dance Monkey,['Tones And I'],36,4.0,96.0,19,4.842105263157895
Toosii,Favorite Song,['Toosii'],27,5.0,51.0,13,3.5384615384615383
Tori Kelly,Hollow,['Tori Kelly'],11,68.0,98.0,9,3.3333333333333335
Tory Lanez,Luv,['Tory Lanez'],22,19.0,96.0,10,7.7
Tory Lanez,Say It,['Tory Lanez'],16,23.0,28.0,5,1.0
Tory Lanez,The Color Violet,['Tory Lanez'],9,63.0,87.0,3,8.0
Tory Lanez & Rich The Kid,Talk To Me,"['Tory Lanez', 'Rich The Kid']",16,43.0,76.0,9,3.6666666666666665
Travis Denning,After A Few,['Travis Denning'],15,31.0,78.0,9,5.222222222222222
Travis Scott,Beibs In The Trap,['Travis Scott'],3,90.0,93.0,1,3.0
Travis Scott,Sicko Mode,['Travis Scott'],52,1.0,4.0,16,0.1875
Travis Scott & HVME,Goosebumps,"['Travis Scott', 'HVME']",20,47.0,85.0,11,3.4545454545454546
Trevor Daniel,Falling,['Trevor Daniel'],38,17.0,75.0,29,2.0
Trey Songz,Nobody Else But You,['Trey Songz'],3,92.0,99.0,1,7.0
Trippie Redd,Topanga,['Trippie Redd'],5,52.0,80.0,2,14.0
Trippie Redd Featuring DaBaby,Death,"['Trippie Redd', 'DaBaby']",7,59.0,97.0,1,38.0
Tucker Beathard,Rock On,['Tucker Beathard'],10,62.0,98.0,7,5.142857142857143
Tucker Wetmore,Wind Up Missin' You,['Tucker Wetmore'],43,31.0,89.0,39,1.4871794871794872
Twenty One Pilots,Heathens,['Twenty One Pilots'],39,2.0,14.0,11,1.0909090909090908
Twenty One Pilots,Ride,['Twenty One Pilots'],39,5.0,96.0,23,3.9565217391304346
Twenty One Pilots,Stressed Out,['Twenty One Pilots'],40,2.0,19.0,8,2.125
Twice,Strategy,['Twice'],17,51.0,92.0,5,8.2
Ty Dolla $ign Featuring E-40,Saved,"['Ty Dolla $ign', 'E-40']",9,81.0,93.0,7,1.7142857142857142
Tyga Featuring Offset,Taste,"['Tyga', 'Offset']",29,8.0,82.0,11,6.7272727272727275
Tyla,Water,['Tyla'],29,7.0,67.0,13,4.615384615384615
Tyler Hubbard,5 Foot 9,['Tyler Hubbard'],22,22.0,84.0,14,4.428571428571429
"Tyler, The Creator",Dogtooth,"['Tyler, The Creator']",4,33.0,81.0,1,48.0
"Tyler, The Creator",Lumberjack,"['Tyler, The Creator']",2,45.0,93.0,1,48.0
"Tyler, The Creator",Noid,"['Tyler, The Creator']",5,10.0,43.0,1,33.0
"Tyler, The Creator Featuring GloRilla, Sexyy Red & Lil Wayne",Sticky,"['Tyler, The Creator', 'GloRilla', 'Sexyy Red', 'Lil Wayne']",20,10.0,14.0,1,4.0
"Tyler, The Creator Featuring Lola Young",Like Him,"['Tyler, The Creator', 'Lola Young']",28,29.0,45.0,1,16.0
Ugly God,Water,['Ugly God'],4,80.0,100.0,2,10.0
Usher Featuring Young Thug,No Limit,"['Usher', 'Young Thug']",20,32.0,80.0,12,4.0
Wale,My PYT,['Wale'],15,54.0,94.0,7,5.714285714285714
Wale Featuring Jeremih,On Chill,"['Wale', 'Jeremih']",23,22.0,86.0,9,7.111111111111111
Walk the Moon,One Foot,['Walk the Moon'],8,65.0,80.0,5,3.0
Walker Hayes,Fancy Like,['Walker Hayes'],45,3.0,51.0,15,3.2
WhoHeem,Lets Link,['WhoHeem'],3,86.0,90.0,1,4.0
William Michael Morgan,I Met A Girl,['William Michael Morgan'],9,60.0,99.0,5,7.8
Willow Featuring Travis Barker,transparentsoul,"['Willow', 'Travis Barker']",6,76.0,87.0,1,11.0
Wisin Featuring Ozuna,Escapate Conmigo,"['Wisin', 'Ozuna']",20,63.0,89.0,10,2.6
Wiz Khalifa Featuring Charlie Puth,See You Again,"['Wiz Khalifa', 'Charlie Puth']",12,30.0,42.0,2,6.0
X Ambassadors,Unsteady,['X Ambassadors'],34,20.0,99.0,27,2.925925925925926
XXXTENTACION,Hope,['XXXTENTACION'],2,70.0,80.0,1,10.0
XXXTENTACION,Look At Me!,['XXXTENTACION'],20,34.0,95.0,8,7.625
XXXTENTACION,Sad!,['XXXTENTACION'],38,1.0,17.0,15,1.0666666666666667
Xavi,La Diabla,['Xavi'],20,20.0,76.0,5,11.2
Xavi,La Victima,['Xavi'],15,46.0,91.0,5,9.0
YG Featuring A$AP Rocky,Handgun,"['YG', 'A$AP Rocky']",2,98.0,99.0,1,1.0
YG Marley,Praise Jah In The Moonlight,['YG Marley'],13,34.0,74.0,4,10.0
"YG, Tyga & Jon Z",Go Loko,"['YG', 'Tyga', 'Jon Z']",19,49.0,71.0,6,3.6666666666666665
YK Osiris,Worth It,['YK Osiris'],25,48.0,87.0,24,1.625
YNW Melly,Murder On My Mind,['YNW Melly'],20,14.0,95.0,4,20.25
YNW Melly & 9lokknine,223's,"['YNW Melly', '9lokknine']",19,34.0,87.0,3,17.666666666666668
Yahritza y Su Esencia x Grupo Frontera,Fragil,"['Yahritza y Su Esencia', 'Grupo Frontera']",16,69.0,82.0,3,4.333333333333333
Yella Beezy,That's On Me,['Yella Beezy'],20,56.0,92.0,16,2.25
"Yella Beezy, Gucci Mane & Quavo",Bacc At It Again,"['Yella Beezy', 'Gucci Mane', 'Quavo']",6,78.0,94.0,4,4.0
Yfn Lucci Featuring PnB Rock,Everyday We Lit,"['Yfn Lucci', 'PnB Rock']",20,33.0,79.0,14,3.2857142857142856
Yng Lvcas x Peso Pluma,La Bebe,"['Yng Lvcas', 'Peso Pluma']",23,11.0,77.0,5,13.2
Yo Gotti,Juice,['Yo Gotti'],5,90.0,93.0,3,1.0
Yo Gotti Featuring E-40,Law,"['Yo Gotti', 'E-40']",9,79.0,85.0,4,1.5
Yo Gotti Featuring Lil Baby,Put A Date On It,"['Yo Gotti', 'Lil Baby']",20,46.0,65.0,8,2.375
Yo Gotti Featuring Nicki Minaj,Down In The DM,"['Yo Gotti', 'Nicki Minaj']",19,13.0,57.0,10,4.4
Yo Gotti Featuring Nicki Minaj,Rake It Up,"['Yo Gotti', 'Nicki Minaj']",22,8.0,78.0,11,6.363636363636363
Young M.A,OOOUUU,['Young M.A'],20,19.0,85.0,9,7.333333333333333
Young Nudy Featuring 21 Savage,Peaches & Eggplants,"['Young Nudy', '21 Savage']",20,33.0,92.0,14,4.214285714285714
Young Thug,Best Friend,['Young Thug'],17,45.0,78.0,5,6.6
Young Thug And Travis Scott Featuring Quavo,Pick Up The Phone,"['Young Thug', 'Travis Scott', 'Quavo']",20,43.0,90.0,3,15.666666666666666
Young Thug Featuring Gunna,Hot,"['Young Thug', 'Gunna']",26,11.0,26.0,11,1.3636363636363635
YoungBoy Never Broke Again,Fish Scale,['YoungBoy Never Broke Again'],3,68.0,82.0,1,14.0
YoungBoy Never Broke Again,Life Support,['YoungBoy Never Broke Again'],5,48.0,63.0,2,7.5
YoungBoy Never Broke Again,On My Side,['YoungBoy Never Broke Again'],2,37.0,71.0,1,34.0
YoungBoy Never Broke Again,Outside Today,['YoungBoy Never Broke Again'],19,31.0,71.0,7,5.714285714285714
YoungBoy Never Broke Again,Overdose,['YoungBoy Never Broke Again'],9,42.0,77.0,3,11.666666666666666
YoungBoy Never Broke Again,Put It On Me,['YoungBoy Never Broke Again'],5,63.0,66.0,1,3.0
YoungBoy Never Broke Again,Rich As Hell,['YoungBoy Never Broke Again'],2,79.0,100.0,1,21.0
YoungBoy Never Broke Again,Self Control,['YoungBoy Never Broke Again'],11,50.0,68.0,5,3.6
YoungBoy Never Broke Again,Shot Callin,['YoungBoy Never Broke Again'],14,43.0,90.0,5,9.4
Yung Bleu & Kehlani,Beautiful Lies,"['Yung Bleu', 'Kehlani']",10,65.0,91.0,5,5.2
Yung Gravy,Betty (Get Money),['Yung Gravy'],17,30.0,68.0,9,4.222222222222222
ZAYN / Taylor Swift,I Don't Wanna Live Forever (Fifty Shades Darker),"['ZAYN', 'Taylor Swift']",23,2.0,6.0,9,0.4444444444444444
Zac Brown Band,Beautiful Drug,['Zac Brown Band'],17,52.0,96.0,13,3.3846153846153846
Zac Efron & Zendaya,Rewrite The Stars,"['Zac Efron', 'Zendaya']",7,70.0,85.0,2,7.5
Zach Bryan,Something In The Orange,['Zach Bryan'],66,10.0,55.0,37,1.2162162162162162
Zara Larsson,Ain't My Fault,['Zara Larsson'],7,76.0,85.0,6,1.5
Zara Larsson,Ruin My Life,['Zara Larsson'],7,76.0,86.0,1,10.0
Zara Larsson & MNEK,Never Forget You,"['Zara Larsson', 'MNEK']",23,13.0,83.0,13,5.384615384615385
Zedd & Alessia Cara,Stay,"['Zedd', 'Alessia Cara']",31,7.0,28.0,7,3.0
"Zedd, Maren Morris & Grey",The Middle,"['Zedd', 'Maren Morris', 'Grey']",40,5.0,23.0,11,1.6363636363636365
Zendaya Featuring Chris Brown,Something New,"['Zendaya', 'Chris Brown']",3,93.0,96.0,1,3.0
iLoveMemphis,Hit The Quan,['iLoveMemphis'],3,34.0,52.0,1,18.0
lovelytheband,Broken,['lovelytheband'],22,29.0,84.0,15,3.6666666666666665
sombr,Back To Friends,['sombr'],38,10.0,90.0,32,2.5
sombr,Undressed,['sombr'],27,16.0,96.0,24,3.3333333333333335
¥$: Ye & Ty Dolla $ign Featuring Rich The Kid & Playboi Carti,Carnival,"['¥$', 'Ye', 'Ty Dolla $ign', 'Rich The Kid', 'Playboi Carti']",19,1.0,3.0,3,0.6666666666666666
